
================================================================================
RUN STARTED: 2026-06-29 11:36:42
Base Directory: data/legacy/surveys
Table: Master
LegacyMode: true | AllowWarnings: false | AllowErrors: false
--------------------------------------------------------------------------------


[29-Jun-2026 11:36:42] A180045
Type: Validation error
Error: Validation failed: 0 errors, 2 warnings (0 acknowledged, 2 new)
ID: Ingestion:ValidationFailed
Location: BatchUploader.uploadSurvey (line 376)
Validation Details:
  Errors: 0
  Warnings: 2
  Details:
    - [WARNING] BEHAV: Calf-associated behavior(s) 40 recorded but no calf present (rows 1, EVENTNO=10)
    - [WARNING] BEHAV: Calf-associated behavior(s) 40 recorded but no calf present (rows 3, EVENTNO=30)
--------------------------------------------------------------------------------

[29-Jun-2026 11:36:43] A180084
Type: Validation error
Error: Validation failed: 1 errors, 2 warnings (0 acknowledged, 2 new)
ID: Ingestion:ValidationFailed
Location: BatchUploader.uploadSurvey (line 376)
Validation Details:
  Errors: 1
  Warnings: 2
  Details:
    - [ERROR] BEHAV: Incompatible behaviors recorded: Behaviors 22 and 11 are incompatible (rows 103)
    - [WARNING] BEHAV: Calf-associated behavior(s) 40 recorded but no calf present (rows 40, EVENTNO=390)
    - [WARNING] BEHAV: Calf-associated behavior(s) 40 recorded but no calf present (rows 56, EVENTNO=550)
--------------------------------------------------------------------------------

[29-Jun-2026 11:36:43] A180093
Type: Validation error
Error: Validation failed: 0 errors, 1 warnings (0 acknowledged, 1 new)
ID: Ingestion:ValidationFailed
Location: BatchUploader.uploadSurvey (line 376)
Validation Details:
  Errors: 0
  Warnings: 1
  Details:
    - [WARNING] BEHAV: Calf-associated behavior(s) 40 recorded but no calf present (rows 70, EVENTNO=690)
--------------------------------------------------------------------------------

[29-Jun-2026 11:36:43] A181115
Type: Validation error
Error: Validation failed: 0 errors, 1 warnings (0 acknowledged, 1 new)
ID: Ingestion:ValidationFailed
Location: BatchUploader.uploadSurvey (line 376)
Validation Details:
  Errors: 0
  Warnings: 1
  Details:
    - [WARNING] BEHAV: Calf-associated behavior(s) 40 recorded but no calf present (rows 6, EVENTNO=60)
--------------------------------------------------------------------------------

[29-Jun-2026 11:36:43] A181130
Type: Validation error
Error: Validation failed: 0 errors, 1 warnings (0 acknowledged, 1 new)
ID: Ingestion:ValidationFailed
Location: BatchUploader.uploadSurvey (line 376)
Validation Details:
  Errors: 0
  Warnings: 1
  Details:
    - [WARNING] BEHAV: Calf-associated behavior(s) 40 recorded but no calf present (rows 25, EVENTNO=240)
--------------------------------------------------------------------------------

[29-Jun-2026 11:36:44] A181131
Type: Validation error
Error: Validation failed: 0 errors, 1 warnings (0 acknowledged, 1 new)
ID: Ingestion:ValidationFailed
Location: BatchUploader.uploadSurvey (line 376)
Validation Details:
  Errors: 0
  Warnings: 1
  Details:
    - [WARNING] BEHAV: Calf-associated behavior(s) 40 recorded but no calf present (rows 46, EVENTNO=400)
--------------------------------------------------------------------------------

[29-Jun-2026 11:36:44] A181138
Type: Validation error
Error: Validation failed: 0 errors, 2 warnings (0 acknowledged, 2 new)
ID: Ingestion:ValidationFailed
Location: BatchUploader.uploadSurvey (line 376)
Validation Details:
  Errors: 0
  Warnings: 2
  Details:
    - [WARNING] BEHAV: Calf-associated behavior(s) 40 recorded but no calf present (rows 26, EVENTNO=230)
    - [WARNING] BEHAV: Calf-associated behavior(s) 40 recorded but no calf present (rows 86, EVENTNO=780)
--------------------------------------------------------------------------------

[29-Jun-2026 11:36:44] A181139
Type: Validation error
Error: Validation failed: 0 errors, 1 warnings (0 acknowledged, 1 new)
ID: Ingestion:ValidationFailed
Location: BatchUploader.uploadSurvey (line 376)
Validation Details:
  Errors: 0
  Warnings: 1
  Details:
    - [WARNING] BEHAV: Calf-associated behavior(s) 40 recorded but no calf present (rows 68, EVENTNO=620)
--------------------------------------------------------------------------------

[29-Jun-2026 11:36:44] A181152
Type: Validation error
Error: Validation failed: 0 errors, 4 warnings (0 acknowledged, 4 new)
ID: Ingestion:ValidationFailed
Location: BatchUploader.uploadSurvey (line 376)
Validation Details:
  Errors: 0
  Warnings: 4
  Details:
    - [WARNING] BEHAV: Calf-associated behavior(s) 40 recorded but no calf present (rows 40, EVENTNO=370)
    - [WARNING] BEHAV: Calf-associated behavior(s) 40 recorded but no calf present (rows 65, EVENTNO=600)
    - [WARNING] BEHAV: Calf-associated behavior(s) 40 recorded but no calf present (rows 83, EVENTNO=740)
    - [WARNING] BEHAV: Calf-associated behavior(s) 40 recorded but no calf present (rows 131, EVENTNO=1180)
--------------------------------------------------------------------------------

[29-Jun-2026 11:36:45] A181159
Type: Validation error
Error: Validation failed: 0 errors, 2 warnings (0 acknowledged, 2 new)
ID: Ingestion:ValidationFailed
Location: BatchUploader.uploadSurvey (line 376)
Validation Details:
  Errors: 0
  Warnings: 2
  Details:
    - [WARNING] BEHAV: Calf-associated behavior(s) 40 recorded but no calf present (rows 172, EVENTNO=1580)
    - [WARNING] BEHAV: Calf-associated behavior(s) 40 recorded but no calf present (rows 205, EVENTNO=1910)
--------------------------------------------------------------------------------

[29-Jun-2026 11:36:45] A181163
Type: Validation error
Error: Validation failed: 0 errors, 1 warnings (0 acknowledged, 1 new)
ID: Ingestion:ValidationFailed
Location: BatchUploader.uploadSurvey (line 376)
Validation Details:
  Errors: 0
  Warnings: 1
  Details:
    - [WARNING] BEHAV: Calf-associated behavior(s) 40 recorded but no calf present (rows 55, EVENTNO=470)
--------------------------------------------------------------------------------

[29-Jun-2026 11:36:45] A187162
Type: Validation error
Error: Validation failed: 0 errors, 1 warnings (0 acknowledged, 1 new)
ID: Ingestion:ValidationFailed
Location: BatchUploader.uploadSurvey (line 376)
Validation Details:
  Errors: 0
  Warnings: 1
  Details:
    - [WARNING] BEHAV: Calf-associated behavior(s) 40 recorded but no calf present (rows 80, EVENTNO=74)
--------------------------------------------------------------------------------

[29-Jun-2026 11:36:45] A189315
Type: Validation error
Error: Validation failed: 0 errors, 5 warnings (0 acknowledged, 5 new)
ID: Ingestion:ValidationFailed
Location: BatchUploader.uploadSurvey (line 376)
Validation Details:
  Errors: 0
  Warnings: 5
  Details:
    - [WARNING] SURFTEMP: SURFTEMP >35°C - above typical ocean maximum (rows 495, EVENTNO=490)
    - [WARNING] SURFTEMP: SURFTEMP >35°C - above typical ocean maximum (rows 506, EVENTNO=501)
    - [WARNING] SURFTEMP: SURFTEMP >35°C - above typical ocean maximum (rows 527, EVENTNO=522)
    - [WARNING] SURFTEMP: SURFTEMP >35°C - above typical ocean maximum (rows 676, EVENTNO=670)
    - [WARNING] SURFTEMP: SURFTEMP >35°C - above typical ocean maximum (rows 986, EVENTNO=974)
--------------------------------------------------------------------------------

[29-Jun-2026 11:36:46] A191158
Type: Validation error
Error: Validation failed: 0 errors, 1 warnings (0 acknowledged, 1 new)
ID: Ingestion:ValidationFailed
Location: BatchUploader.uploadSurvey (line 376)
Validation Details:
  Errors: 0
  Warnings: 1
  Details:
    - [WARNING] BEHAV: Calf-associated behavior(s) 40 recorded but no calf present (rows 173, EVENTNO=172)
--------------------------------------------------------------------------------

[29-Jun-2026 11:36:46] A279058
Type: Validation error
Error: Validation failed: 0 errors, 1 warnings (0 acknowledged, 1 new)
ID: Ingestion:ValidationFailed
Location: BatchUploader.uploadSurvey (line 376)
Validation Details:
  Errors: 0
  Warnings: 1
  Details:
    - [WARNING] BEHAV: Calf-associated behavior(s) 40 recorded but no calf present (rows 59, EVENTNO=550)
--------------------------------------------------------------------------------

[29-Jun-2026 11:36:46] A279060
Type: Validation error
Error: Validation failed: 0 errors, 5 warnings (0 acknowledged, 5 new)
ID: Ingestion:ValidationFailed
Location: BatchUploader.uploadSurvey (line 376)
Validation Details:
  Errors: 0
  Warnings: 5
  Details:
    - [WARNING] BEHAV: Calf-associated behavior(s) 40 recorded but no calf present (rows 9, EVENTNO=90)
    - [WARNING] BEHAV: Calf-associated behavior(s) 40 recorded but no calf present (rows 55, EVENTNO=520)
    - [WARNING] BEHAV: Calf-associated behavior(s) 40 recorded but no calf present (rows 67, EVENTNO=620)
    - [WARNING] BEHAV: Calf-associated behavior(s) 40 recorded but no calf present (rows 70, EVENTNO=650)
    - [WARNING] BEHAV: Calf-associated behavior(s) 40 recorded but no calf present (rows 75, EVENTNO=690)
--------------------------------------------------------------------------------

[29-Jun-2026 11:36:47] A279069
Type: Validation error
Error: Validation failed: 0 errors, 1 warnings (0 acknowledged, 1 new)
ID: Ingestion:ValidationFailed
Location: BatchUploader.uploadSurvey (line 376)
Validation Details:
  Errors: 0
  Warnings: 1
  Details:
    - [WARNING] BEHAV: Calf-associated behavior(s) 40 recorded but no calf present (rows 22, EVENTNO=220)
--------------------------------------------------------------------------------

[29-Jun-2026 11:36:47] A279072
Type: Validation error
Error: Validation failed: 0 errors, 2 warnings (0 acknowledged, 2 new)
ID: Ingestion:ValidationFailed
Location: BatchUploader.uploadSurvey (line 376)
Validation Details:
  Errors: 0
  Warnings: 2
  Details:
    - [WARNING] BEHAV: Calf-associated behavior(s) 40 recorded but no calf present (rows 55, EVENTNO=540)
    - [WARNING] BEHAV: Calf-associated behavior(s) 40 recorded but no calf present (rows 61, EVENTNO=600)
--------------------------------------------------------------------------------

[29-Jun-2026 11:36:47] A279076
Type: Validation error
Error: Validation failed: 0 errors, 1 warnings (0 acknowledged, 1 new)
ID: Ingestion:ValidationFailed
Location: BatchUploader.uploadSurvey (line 376)
Validation Details:
  Errors: 0
  Warnings: 1
  Details:
    - [WARNING] BEHAV: Calf-associated behavior(s) 40 recorded but no calf present (rows 26, EVENTNO=230)
--------------------------------------------------------------------------------

[29-Jun-2026 11:36:48] A280145
Type: Validation error
Error: Validation failed: 0 errors, 7 warnings (0 acknowledged, 7 new)
ID: Ingestion:ValidationFailed
Location: BatchUploader.uploadSurvey (line 376)
Validation Details:
  Errors: 0
  Warnings: 7
  Details:
    - [WARNING] BEHAV: Calf-associated behavior(s) 40 recorded but no calf present (rows 91, EVENTNO=630)
    - [WARNING] BEHAV: Calf-associated behavior(s) 40 recorded but no calf present (rows 133, EVENTNO=940)
    - [WARNING] BEHAV: Calf-associated behavior(s) 40 recorded but no calf present (rows 154, EVENTNO=1110)
    - [WARNING] BEHAV: Calf-associated behavior(s) 40 recorded but no calf present (rows 176, EVENTNO=1260)
    - [WARNING] BEHAV: Calf-associated behavior(s) 40 recorded but no calf present (rows 203, EVENTNO=1480)
    - [WARNING] BEHAV: Calf-associated behavior(s) 40 recorded but no calf present (rows 221, EVENTNO=1560)
    - [WARNING] BEHAV: Calf-associated behavior(s) 40 recorded but no calf present (rows 248, EVENTNO=1710)
--------------------------------------------------------------------------------

[29-Jun-2026 11:36:48] A280147
Type: Validation error
Error: Validation failed: 0 errors, 1 warnings (0 acknowledged, 1 new)
ID: Ingestion:ValidationFailed
Location: BatchUploader.uploadSurvey (line 376)
Validation Details:
  Errors: 0
  Warnings: 1
  Details:
    - [WARNING] BEHAV: Calf-associated behavior(s) 40 recorded but no calf present (rows 46, EVENTNO=390)
--------------------------------------------------------------------------------

[29-Jun-2026 11:36:49] A280150
Type: Validation error
Error: Validation failed: 0 errors, 2 warnings (0 acknowledged, 2 new)
ID: Ingestion:ValidationFailed
Location: BatchUploader.uploadSurvey (line 376)
Validation Details:
  Errors: 0
  Warnings: 2
  Details:
    - [WARNING] BEHAV: Calf-associated behavior(s) 40 recorded but no calf present (rows 197, EVENTNO=1750)
    - [WARNING] BEHAV: Calf-associated behavior(s) 40 recorded but no calf present (rows 215, EVENTNO=1920)
--------------------------------------------------------------------------------

[29-Jun-2026 11:36:50] A280158
Type: Validation error
Error: Validation failed: 0 errors, 1 warnings (0 acknowledged, 1 new)
ID: Ingestion:ValidationFailed
Location: BatchUploader.uploadSurvey (line 376)
Validation Details:
  Errors: 0
  Warnings: 1
  Details:
    - [WARNING] BEHAV: Calf-associated behavior(s) 40 recorded but no calf present (rows 130, EVENTNO=1170)
--------------------------------------------------------------------------------

[29-Jun-2026 11:36:51] A280174
Type: Validation error
Error: Validation failed: 0 errors, 1 warnings (0 acknowledged, 1 new)
ID: Ingestion:ValidationFailed
Location: BatchUploader.uploadSurvey (line 376)
Validation Details:
  Errors: 0
  Warnings: 1
  Details:
    - [WARNING] BEHAV: Calf-associated behavior(s) 40 recorded but no calf present (rows 254, EVENTNO=2230)
--------------------------------------------------------------------------------

[29-Jun-2026 11:36:51] A280175
Type: Validation error
Error: Validation failed: 0 errors, 1 warnings (0 acknowledged, 1 new)
ID: Ingestion:ValidationFailed
Location: BatchUploader.uploadSurvey (line 376)
Validation Details:
  Errors: 0
  Warnings: 1
  Details:
    - [WARNING] BEHAV: Calf-associated behavior(s) 40 recorded but no calf present (rows 298, EVENTNO=2610)
--------------------------------------------------------------------------------

[29-Jun-2026 11:36:52] A280183
Type: Validation error
Error: Validation failed: 0 errors, 2 warnings (0 acknowledged, 2 new)
ID: Ingestion:ValidationFailed
Location: BatchUploader.uploadSurvey (line 376)
Validation Details:
  Errors: 0
  Warnings: 2
  Details:
    - [WARNING] BEHAV: Calf-associated behavior(s) 40 recorded but no calf present (rows 72, EVENTNO=610)
    - [WARNING] BEHAV: Calf-associated behavior(s) 40 recorded but no calf present (rows 73, EVENTNO=620)
--------------------------------------------------------------------------------

[29-Jun-2026 11:36:53] A280192
Type: Validation error
Error: Validation failed: 0 errors, 3 warnings (0 acknowledged, 3 new)
ID: Ingestion:ValidationFailed
Location: BatchUploader.uploadSurvey (line 376)
Validation Details:
  Errors: 0
  Warnings: 3
  Details:
    - [WARNING] BEHAV: Calf-associated behavior(s) 40 recorded but no calf present (rows 170, EVENTNO=1130)
    - [WARNING] BEHAV: Calf-associated behavior(s) 40 recorded but no calf present (rows 196, EVENTNO=1360)
    - [WARNING] BEHAV: Calf-associated behavior(s) 40 recorded but no calf present (rows 263, EVENTNO=1900)
--------------------------------------------------------------------------------

[29-Jun-2026 11:36:53] A281209
Type: Validation error
Error: Validation failed: 0 errors, 2 warnings (0 acknowledged, 2 new)
ID: Ingestion:ValidationFailed
Location: BatchUploader.uploadSurvey (line 376)
Validation Details:
  Errors: 0
  Warnings: 2
  Details:
    - [WARNING] BEHAV: Calf-associated behavior(s) 40 recorded but no calf present (rows 108, EVENTNO=1070)
    - [WARNING] BEHAV: Calf-associated behavior(s) 40 recorded but no calf present (rows 116, EVENTNO=1140)
--------------------------------------------------------------------------------

[29-Jun-2026 11:36:54] A281213
Type: Validation error
Error: Validation failed: 0 errors, 3 warnings (0 acknowledged, 3 new)
ID: Ingestion:ValidationFailed
Location: BatchUploader.uploadSurvey (line 376)
Validation Details:
  Errors: 0
  Warnings: 3
  Details:
    - [WARNING] BEHAV: Calf-associated behavior(s) 40 recorded but no calf present (rows 22, EVENTNO=170)
    - [WARNING] BEHAV: Calf-associated behavior(s) 40 recorded but no calf present (rows 26, EVENTNO=210)
    - [WARNING] BEHAV: Calf-associated behavior(s) 40 recorded but no calf present (rows 119, EVENTNO=1100)
--------------------------------------------------------------------------------

[29-Jun-2026 11:36:55] A281214
Type: Validation error
Error: Validation failed: 0 errors, 4 warnings (0 acknowledged, 4 new)
ID: Ingestion:ValidationFailed
Location: BatchUploader.uploadSurvey (line 376)
Validation Details:
  Errors: 0
  Warnings: 4
  Details:
    - [WARNING] BEHAV: Calf-associated behavior(s) 40 recorded but no calf present (rows 114, EVENTNO=820)
    - [WARNING] BEHAV: Calf-associated behavior(s) 40 recorded but no calf present (rows 191, EVENTNO=1400)
    - [WARNING] BEHAV: Calf-associated behavior(s) 40 recorded but no calf present (rows 280, EVENTNO=2130)
    - [WARNING] BEHAV: Calf-associated behavior(s) 40 recorded but no calf present (rows 289, EVENTNO=2210)
--------------------------------------------------------------------------------

[29-Jun-2026 11:36:55] A379102
Type: Validation error
Error: Validation failed: 0 errors, 3 warnings (0 acknowledged, 3 new)
ID: Ingestion:ValidationFailed
Location: BatchUploader.uploadSurvey (line 376)
Validation Details:
  Errors: 0
  Warnings: 3
  Details:
    - [WARNING] BEHAV: Calf-associated behavior(s) 40 recorded but no calf present (rows 7, EVENTNO=70)
    - [WARNING] BEHAV: Calf-associated behavior(s) 40 recorded but no calf present (rows 23, EVENTNO=210)
    - [WARNING] BEHAV: Calf-associated behavior(s) 40 recorded but no calf present (rows 24, EVENTNO=210)
--------------------------------------------------------------------------------

[29-Jun-2026 11:36:56] A379110
Type: Validation error
Error: Validation failed: 0 errors, 2 warnings (0 acknowledged, 2 new)
ID: Ingestion:ValidationFailed
Location: BatchUploader.uploadSurvey (line 376)
Validation Details:
  Errors: 0
  Warnings: 2
  Details:
    - [WARNING] BEHAV: Calf-associated behavior(s) 40 recorded but no calf present (rows 30, EVENTNO=270)
    - [WARNING] BEHAV: Calf-associated behavior(s) 40 recorded but no calf present (rows 40, EVENTNO=340)
--------------------------------------------------------------------------------

[29-Jun-2026 11:36:57] A379111
Type: Validation error
Error: Validation failed: 0 errors, 3 warnings (0 acknowledged, 3 new)
ID: Ingestion:ValidationFailed
Location: BatchUploader.uploadSurvey (line 376)
Validation Details:
  Errors: 0
  Warnings: 3
  Details:
    - [WARNING] BEHAV: Calf-associated behavior(s) 40 recorded but no calf present (rows 14, EVENTNO=140)
    - [WARNING] BEHAV: Calf-associated behavior(s) [40 42] recorded but no calf present (rows 25, EVENTNO=230)
    - [WARNING] BEHAV: Calf-associated behavior(s) 40 recorded but no calf present (rows 81, EVENTNO=710)
--------------------------------------------------------------------------------

[29-Jun-2026 11:36:57] A379113
Type: Validation error
Error: Validation failed: 0 errors, 2 warnings (0 acknowledged, 2 new)
ID: Ingestion:ValidationFailed
Location: BatchUploader.uploadSurvey (line 376)
Validation Details:
  Errors: 0
  Warnings: 2
  Details:
    - [WARNING] BEHAV: Calf-associated behavior(s) 40 recorded but no calf present (rows 50, EVENTNO=490)
    - [WARNING] BEHAV: Calf-associated behavior(s) 40 recorded but no calf present (rows 71, EVENTNO=660)
--------------------------------------------------------------------------------

[29-Jun-2026 11:36:58] A379115
Type: Validation error
Error: Validation failed: 0 errors, 5 warnings (0 acknowledged, 5 new)
ID: Ingestion:ValidationFailed
Location: BatchUploader.uploadSurvey (line 376)
Validation Details:
  Errors: 0
  Warnings: 5
  Details:
    - [WARNING] BEHAV: Calf-associated behavior(s) 40 recorded but no calf present (rows 27, EVENTNO=240)
    - [WARNING] BEHAV: Calf-associated behavior(s) 40 recorded but no calf present (rows 37, EVENTNO=310)
    - [WARNING] BEHAV: Calf-associated behavior(s) 40 recorded but no calf present (rows 39, EVENTNO=330)
    - [WARNING] BEHAV: Calf-associated behavior(s) 40 recorded but no calf present (rows 89, EVENTNO=770)
    - [WARNING] BEHAV: Calf-associated behavior(s) 40 recorded but no calf present (rows 91, EVENTNO=780)
--------------------------------------------------------------------------------

[29-Jun-2026 11:36:59] A379121
Type: Validation error
Error: Validation failed: 0 errors, 1 warnings (0 acknowledged, 1 new)
ID: Ingestion:ValidationFailed
Location: BatchUploader.uploadSurvey (line 376)
Validation Details:
  Errors: 0
  Warnings: 1
  Details:
    - [WARNING] BEHAV: Calf-associated behavior(s) 40 recorded but no calf present (rows 100, EVENTNO=950)
--------------------------------------------------------------------------------

[29-Jun-2026 11:36:59] A379123
Type: Validation error
Error: Validation failed: 0 errors, 4 warnings (0 acknowledged, 4 new)
ID: Ingestion:ValidationFailed
Location: BatchUploader.uploadSurvey (line 376)
Validation Details:
  Errors: 0
  Warnings: 4
  Details:
    - [WARNING] BEHAV: Calf-associated behavior(s) 40 recorded but no calf present (rows 6, EVENTNO=60)
    - [WARNING] BEHAV: Calf-associated behavior(s) 40 recorded but no calf present (rows 81, EVENTNO=710)
    - [WARNING] BEHAV: Calf-associated behavior(s) 40 recorded but no calf present (rows 87, EVENTNO=750)
    - [WARNING] BEHAV: Calf-associated behavior(s) 40 recorded but no calf present (rows 116, EVENTNO=1010)
--------------------------------------------------------------------------------

[29-Jun-2026 11:37:00] A380238
Type: Validation error
Error: Validation failed: 0 errors, 3 warnings (0 acknowledged, 3 new)
ID: Ingestion:ValidationFailed
Location: BatchUploader.uploadSurvey (line 376)
Validation Details:
  Errors: 0
  Warnings: 3
  Details:
    - [WARNING] BEHAV: Calf-associated behavior(s) 40 recorded but no calf present (rows 66, EVENTNO=600)
    - [WARNING] BEHAV: Calf-associated behavior(s) 40 recorded but no calf present (rows 75, EVENTNO=690)
    - [WARNING] BEHAV: Calf-associated behavior(s) 40 recorded but no calf present (rows 121, EVENTNO=1130)
--------------------------------------------------------------------------------

[29-Jun-2026 11:37:01] A380239
Type: Validation error
Error: Validation failed: 0 errors, 4 warnings (0 acknowledged, 4 new)
ID: Ingestion:ValidationFailed
Location: BatchUploader.uploadSurvey (line 376)
Validation Details:
  Errors: 0
  Warnings: 4
  Details:
    - [WARNING] BEHAV: Calf-associated behavior(s) 40 recorded but no calf present (rows 72, EVENTNO=560)
    - [WARNING] BEHAV: Calf-associated behavior(s) 40 recorded but no calf present (rows 110, EVENTNO=840)
    - [WARNING] BEHAV: Calf-associated behavior(s) 40 recorded but no calf present (rows 224, EVENTNO=1680)
    - [WARNING] BEHAV: Calf-associated behavior(s) 40 recorded but no calf present (rows 234, EVENTNO=1750)
--------------------------------------------------------------------------------

[29-Jun-2026 11:37:02] A380242
Type: Validation error
Error: Validation failed: 0 errors, 2 warnings (0 acknowledged, 2 new)
ID: Ingestion:ValidationFailed
Location: BatchUploader.uploadSurvey (line 376)
Validation Details:
  Errors: 0
  Warnings: 2
  Details:
    - [WARNING] BEHAV: Calf-associated behavior(s) 40 recorded but no calf present (rows 39, EVENTNO=390)
    - [WARNING] BEHAV: Calf-associated behavior(s) 40 recorded but no calf present (rows 51, EVENTNO=480)
--------------------------------------------------------------------------------

[29-Jun-2026 11:37:03] A380243
Type: Validation error
Error: Validation failed: 0 errors, 1 warnings (0 acknowledged, 1 new)
ID: Ingestion:ValidationFailed
Location: BatchUploader.uploadSurvey (line 376)
Validation Details:
  Errors: 0
  Warnings: 1
  Details:
    - [WARNING] BEHAV: Calf-associated behavior(s) 40 recorded but no calf present (rows 31, EVENTNO=290)
--------------------------------------------------------------------------------

[29-Jun-2026 11:37:04] A380248
Type: Validation error
Error: Validation failed: 0 errors, 1 warnings (0 acknowledged, 1 new)
ID: Ingestion:ValidationFailed
Location: BatchUploader.uploadSurvey (line 376)
Validation Details:
  Errors: 0
  Warnings: 1
  Details:
    - [WARNING] BEHAV: Calf-associated behavior(s) 40 recorded but no calf present (rows 100, EVENTNO=800)
--------------------------------------------------------------------------------

[29-Jun-2026 11:37:04] A380257
Type: Validation error
Error: Validation failed: 0 errors, 1 warnings (0 acknowledged, 1 new)
ID: Ingestion:ValidationFailed
Location: BatchUploader.uploadSurvey (line 376)
Validation Details:
  Errors: 0
  Warnings: 1
  Details:
    - [WARNING] BEHAV: Calf-associated behavior(s) 40 recorded but no calf present (rows 18, EVENTNO=170)
--------------------------------------------------------------------------------

[29-Jun-2026 11:37:05] A380263
Type: Validation error
Error: Validation failed: 0 errors, 1 warnings (0 acknowledged, 1 new)
ID: Ingestion:ValidationFailed
Location: BatchUploader.uploadSurvey (line 376)
Validation Details:
  Errors: 0
  Warnings: 1
  Details:
    - [WARNING] BEHAV: Calf-associated behavior(s) 40 recorded but no calf present (rows 91, EVENTNO=740)
--------------------------------------------------------------------------------

[29-Jun-2026 11:37:05] A380284
Type: Validation error
Error: Validation failed: 0 errors, 1 warnings (0 acknowledged, 1 new)
ID: Ingestion:ValidationFailed
Location: BatchUploader.uploadSurvey (line 376)
Validation Details:
  Errors: 0
  Warnings: 1
  Details:
    - [WARNING] BEHAV: Calf-associated behavior(s) 40 recorded but no calf present (rows 6, EVENTNO=60)
--------------------------------------------------------------------------------

[29-Jun-2026 11:37:06] A380289
Type: Validation error
Error: Validation failed: 1 errors, 1 warnings (0 acknowledged, 1 new)
ID: Ingestion:ValidationFailed
Location: BatchUploader.uploadSurvey (line 376)
Validation Details:
  Errors: 1
  Warnings: 1
  Details:
    - [ERROR] BEHAV: Incompatible behaviors recorded: Behaviors 22 and 11 are incompatible (rows 58)
    - [WARNING] BEHAV: Calf-associated behavior(s) 40 recorded but no calf present (rows 112, EVENTNO=1080)
--------------------------------------------------------------------------------

[29-Jun-2026 11:37:07] A381306
Type: Validation error
Error: Validation failed: 0 errors, 1 warnings (0 acknowledged, 1 new)
ID: Ingestion:ValidationFailed
Location: BatchUploader.uploadSurvey (line 376)
Validation Details:
  Errors: 0
  Warnings: 1
  Details:
    - [WARNING] BEHAV: Calf-associated behavior(s) 40 recorded but no calf present (rows 42, EVENTNO=400)
--------------------------------------------------------------------------------

[29-Jun-2026 11:37:07] A381335
Type: Validation error
Error: Validation failed: 0 errors, 4 warnings (0 acknowledged, 4 new)
ID: Ingestion:ValidationFailed
Location: BatchUploader.uploadSurvey (line 376)
Validation Details:
  Errors: 0
  Warnings: 4
  Details:
    - [WARNING] NUMCALF: NUMCALF (2) is more than half of NUMBER (3) - verify count (rows 45, EVENTNO=370)
    - [WARNING] BEHAV: Calf-associated behavior(s) 40 recorded but no calf present (rows 13, EVENTNO=90)
    - [WARNING] BEHAV: Calf-associated behavior(s) 40 recorded but no calf present (rows 17, EVENTNO=130)
    - [WARNING] BEHAV: Calf-associated behavior(s) 40 recorded but no calf present (rows 24, EVENTNO=200)
--------------------------------------------------------------------------------

[29-Jun-2026 11:37:08] A381347
Type: Validation error
Error: Validation failed: 0 errors, 1 warnings (0 acknowledged, 1 new)
ID: Ingestion:ValidationFailed
Location: BatchUploader.uploadSurvey (line 376)
Validation Details:
  Errors: 0
  Warnings: 1
  Details:
    - [WARNING] BEHAV: Calf-associated behavior(s) 40 recorded but no calf present (rows 29, EVENTNO=280)
--------------------------------------------------------------------------------

[29-Jun-2026 11:37:09] A479150
Type: Validation error
Error: Validation failed: 0 errors, 4 warnings (0 acknowledged, 4 new)
ID: Ingestion:ValidationFailed
Location: BatchUploader.uploadSurvey (line 376)
Validation Details:
  Errors: 0
  Warnings: 4
  Details:
    - [WARNING] BEHAV: Calf-associated behavior(s) 40 recorded but no calf present (rows 101, EVENTNO=820)
    - [WARNING] BEHAV: Calf-associated behavior(s) 40 recorded but no calf present (rows 113, EVENTNO=910)
    - [WARNING] BEHAV: Calf-associated behavior(s) 40 recorded but no calf present (rows 125, EVENTNO=1000)
    - [WARNING] BEHAV: Calf-associated behavior(s) 40 recorded but no calf present (rows 129, EVENTNO=1040)
--------------------------------------------------------------------------------

[29-Jun-2026 11:37:10] A479152
Type: Validation error
Error: Validation failed: 0 errors, 2 warnings (0 acknowledged, 2 new)
ID: Ingestion:ValidationFailed
Location: BatchUploader.uploadSurvey (line 376)
Validation Details:
  Errors: 0
  Warnings: 2
  Details:
    - [WARNING] BEHAV: Calf-associated behavior(s) 40 recorded but no calf present (rows 35, EVENTNO=330)
    - [WARNING] BEHAV: Calf-associated behavior(s) 40 recorded but no calf present (rows 50, EVENTNO=430)
--------------------------------------------------------------------------------

[29-Jun-2026 11:37:10] A479154
Type: Validation error
Error: Validation failed: 0 errors, 3 warnings (0 acknowledged, 3 new)
ID: Ingestion:ValidationFailed
Location: BatchUploader.uploadSurvey (line 376)
Validation Details:
  Errors: 0
  Warnings: 3
  Details:
    - [WARNING] BEHAV: Calf-associated behavior(s) 40 recorded but no calf present (rows 76, EVENTNO=680)
    - [WARNING] BEHAV: Calf-associated behavior(s) 40 recorded but no calf present (rows 86, EVENTNO=760)
    - [WARNING] BEHAV: Calf-associated behavior(s) 40 recorded but no calf present (rows 102, EVENTNO=910)
--------------------------------------------------------------------------------

[29-Jun-2026 11:37:11] A479157
Type: Validation error
Error: Validation failed: 0 errors, 5 warnings (0 acknowledged, 5 new)
ID: Ingestion:ValidationFailed
Location: BatchUploader.uploadSurvey (line 376)
Validation Details:
  Errors: 0
  Warnings: 5
  Details:
    - [WARNING] BEHAV: Calf-associated behavior(s) 40 recorded but no calf present (rows 4, EVENTNO=30)
    - [WARNING] BEHAV: Calf-associated behavior(s) 40 recorded but no calf present (rows 6, EVENTNO=40)
    - [WARNING] BEHAV: Calf-associated behavior(s) 40 recorded but no calf present (rows 33, EVENTNO=260)
    - [WARNING] BEHAV: Calf-associated behavior(s) 40 recorded but no calf present (rows 42, EVENTNO=350)
    - [WARNING] BEHAV: Calf-associated behavior(s) 40 recorded but no calf present (rows 49, EVENTNO=390)
--------------------------------------------------------------------------------

[29-Jun-2026 11:37:12] A479158
Type: Validation error
Error: Validation failed: 0 errors, 14 warnings (0 acknowledged, 14 new)
ID: Ingestion:ValidationFailed
Location: BatchUploader.uploadSurvey (line 376)
Validation Details:
  Errors: 0
  Warnings: 14
  Details:
    - [WARNING] BEHAV: Calf-associated behavior(s) 40 recorded but no calf present (rows 6, EVENTNO=60)
    - [WARNING] BEHAV: Calf-associated behavior(s) 40 recorded but no calf present (rows 14, EVENTNO=130)
    - [WARNING] BEHAV: Calf-associated behavior(s) 40 recorded but no calf present (rows 21, EVENTNO=190)
    - [WARNING] BEHAV: Calf-associated behavior(s) 40 recorded but no calf present (rows 38, EVENTNO=360)
    - [WARNING] BEHAV: Calf-associated behavior(s) 40 recorded but no calf present (rows 48, EVENTNO=460)
    - [WARNING] BEHAV: Calf-associated behavior(s) 40 recorded but no calf present (rows 54, EVENTNO=520)
    - [WARNING] BEHAV: Calf-associated behavior(s) 40 recorded but no calf present (rows 55, EVENTNO=530)
    - [WARNING] BEHAV: Calf-associated behavior(s) 40 recorded but no calf present (rows 62, EVENTNO=600)
    - [WARNING] BEHAV: Calf-associated behavior(s) 40 recorded but no calf present (rows 85, EVENTNO=820)
    - [WARNING] BEHAV: Calf-associated behavior(s) 40 recorded but no calf present (rows 99, EVENTNO=940)
    - [WARNING] BEHAV: Calf-associated behavior(s) 40 recorded but no calf present (rows 104, EVENTNO=990)
    - [WARNING] BEHAV: Calf-associated behavior(s) 40 recorded but no calf present (rows 107, EVENTNO=1020)
    - [WARNING] BEHAV: Calf-associated behavior(s) 40 recorded but no calf present (rows 109, EVENTNO=1040)
    - [WARNING] BEHAV: Calf-associated behavior(s) 40 recorded but no calf present (rows 130, EVENTNO=1170)
--------------------------------------------------------------------------------

[29-Jun-2026 11:37:13] A479159
Type: Validation error
Error: Validation failed: 0 errors, 8 warnings (0 acknowledged, 8 new)
ID: Ingestion:ValidationFailed
Location: BatchUploader.uploadSurvey (line 376)
Validation Details:
  Errors: 0
  Warnings: 8
  Details:
    - [WARNING] BEHAV: Calf-associated behavior(s) 40 recorded but no calf present (rows 31, EVENTNO=270)
    - [WARNING] BEHAV: Calf-associated behavior(s) [40 42] recorded but no calf present (rows 111, EVENTNO=940)
    - [WARNING] BEHAV: Calf-associated behavior(s) 40 recorded but no calf present (rows 133, EVENTNO=1150)
    - [WARNING] BEHAV: Calf-associated behavior(s) 40 recorded but no calf present (rows 145, EVENTNO=1260)
    - [WARNING] BEHAV: Calf-associated behavior(s) 40 recorded but no calf present (rows 149, EVENTNO=1290)
    - [WARNING] BEHAV: Calf-associated behavior(s) 40 recorded but no calf present (rows 155, EVENTNO=1350)
    - [WARNING] BEHAV: Calf-associated behavior(s) 40 recorded but no calf present (rows 165, EVENTNO=1450)
    - [WARNING] BEHAV: Calf-associated behavior(s) 40 recorded but no calf present (rows 188, EVENTNO=1660)
--------------------------------------------------------------------------------

[29-Jun-2026 11:37:13] A479160
Type: Validation error
Error: Validation failed: 0 errors, 5 warnings (0 acknowledged, 5 new)
ID: Ingestion:ValidationFailed
Location: BatchUploader.uploadSurvey (line 376)
Validation Details:
  Errors: 0
  Warnings: 5
  Details:
    - [WARNING] BEHAV: Calf-associated behavior(s) 40 recorded but no calf present (rows 16, EVENTNO=160)
    - [WARNING] BEHAV: Calf-associated behavior(s) 40 recorded but no calf present (rows 23, EVENTNO=230)
    - [WARNING] BEHAV: Calf-associated behavior(s) 40 recorded but no calf present (rows 30, EVENTNO=280)
    - [WARNING] BEHAV: Calf-associated behavior(s) 40 recorded but no calf present (rows 45, EVENTNO=430)
    - [WARNING] BEHAV: Calf-associated behavior(s) 40 recorded but no calf present (rows 89, EVENTNO=830)
--------------------------------------------------------------------------------

[29-Jun-2026 11:37:14] A479165
Type: Validation error
Error: Validation failed: 0 errors, 16 warnings (0 acknowledged, 16 new)
ID: Ingestion:ValidationFailed
Location: BatchUploader.uploadSurvey (line 376)
Validation Details:
  Errors: 0
  Warnings: 16
  Details:
    - [WARNING] BEHAV: Calf-associated behavior(s) 40 recorded but no calf present (rows 30, EVENTNO=300)
    - [WARNING] BEHAV: Calf-associated behavior(s) 40 recorded but no calf present (rows 33, EVENTNO=330)
    - [WARNING] BEHAV: Calf-associated behavior(s) 40 recorded but no calf present (rows 36, EVENTNO=360)
    - [WARNING] BEHAV: Calf-associated behavior(s) 40 recorded but no calf present (rows 43, EVENTNO=430)
    - [WARNING] BEHAV: Calf-associated behavior(s) 40 recorded but no calf present (rows 46, EVENTNO=460)
    - [WARNING] BEHAV: Calf-associated behavior(s) 40 recorded but no calf present (rows 50, EVENTNO=490)
    - [WARNING] BEHAV: Calf-associated behavior(s) 40 recorded but no calf present (rows 65, EVENTNO=620)
    - [WARNING] BEHAV: Calf-associated behavior(s) 40 recorded but no calf present (rows 103, EVENTNO=960)
    - [WARNING] BEHAV: Calf-associated behavior(s) 40 recorded but no calf present (rows 106, EVENTNO=990)
    - [WARNING] BEHAV: Calf-associated behavior(s) 40 recorded but no calf present (rows 114, EVENTNO=1070)
    - [WARNING] BEHAV: Calf-associated behavior(s) 40 recorded but no calf present (rows 115, EVENTNO=1070)
    - [WARNING] BEHAV: Calf-associated behavior(s) 40 recorded but no calf present (rows 120, EVENTNO=1110)
    - [WARNING] BEHAV: Calf-associated behavior(s) 40 recorded but no calf present (rows 123, EVENTNO=1130)
    - [WARNING] BEHAV: Calf-associated behavior(s) 40 recorded but no calf present (rows 130, EVENTNO=1190)
    - [WARNING] BEHAV: Calf-associated behavior(s) 40 recorded but no calf present (rows 135, EVENTNO=1240)
    - [WARNING] BEHAV: Calf-associated behavior(s) 40 recorded but no calf present (rows 138, EVENTNO=1260)
--------------------------------------------------------------------------------

[29-Jun-2026 11:37:15] A479166
Type: Validation error
Error: Validation failed: 0 errors, 2 warnings (0 acknowledged, 2 new)
ID: Ingestion:ValidationFailed
Location: BatchUploader.uploadSurvey (line 376)
Validation Details:
  Errors: 0
  Warnings: 2
  Details:
    - [WARNING] BEHAV: Calf-associated behavior(s) 40 recorded but no calf present (rows 29, EVENTNO=280)
    - [WARNING] BEHAV: Calf-associated behavior(s) [42 40] recorded but no calf present (rows 31, EVENTNO=300)
--------------------------------------------------------------------------------

[29-Jun-2026 11:37:15] A479167
Type: Validation error
Error: Validation failed: 0 errors, 5 warnings (0 acknowledged, 5 new)
ID: Ingestion:ValidationFailed
Location: BatchUploader.uploadSurvey (line 376)
Validation Details:
  Errors: 0
  Warnings: 5
  Details:
    - [WARNING] BEHAV: Calf-associated behavior(s) 40 recorded but no calf present (rows 22, EVENTNO=220)
    - [WARNING] BEHAV: Calf-associated behavior(s) 40 recorded but no calf present (rows 37, EVENTNO=350)
    - [WARNING] BEHAV: Calf-associated behavior(s) 40 recorded but no calf present (rows 96, EVENTNO=850)
    - [WARNING] BEHAV: Calf-associated behavior(s) 40 recorded but no calf present (rows 122, EVENTNO=1040)
    - [WARNING] BEHAV: Calf-associated behavior(s) 40 recorded but no calf present (rows 134, EVENTNO=1150)
--------------------------------------------------------------------------------

[29-Jun-2026 11:37:16] A480342
Type: Validation error
Error: Validation failed: 0 errors, 1 warnings (0 acknowledged, 1 new)
ID: Ingestion:ValidationFailed
Location: BatchUploader.uploadSurvey (line 376)
Validation Details:
  Errors: 0
  Warnings: 1
  Details:
    - [WARNING] BEHAV: Calf-associated behavior(s) 40 recorded but no calf present (rows 2, EVENTNO=20)
--------------------------------------------------------------------------------

[29-Jun-2026 11:37:17] A481014
Type: Validation error
Error: Validation failed: 0 errors, 1 warnings (0 acknowledged, 1 new)
ID: Ingestion:ValidationFailed
Location: BatchUploader.uploadSurvey (line 376)
Validation Details:
  Errors: 0
  Warnings: 1
  Details:
    - [WARNING] BEHAV: Calf-associated behavior(s) 40 recorded but no calf present (rows 54, EVENTNO=520)
--------------------------------------------------------------------------------

[29-Jun-2026 11:37:18] A481021
Type: Validation error
Error: Validation failed: 0 errors, 1 warnings (0 acknowledged, 1 new)
ID: Ingestion:ValidationFailed
Location: BatchUploader.uploadSurvey (line 376)
Validation Details:
  Errors: 0
  Warnings: 1
  Details:
    - [WARNING] BEHAV: Calf-associated behavior(s) 40 recorded but no calf present (rows 55, EVENTNO=520)
--------------------------------------------------------------------------------

[29-Jun-2026 11:37:18] A482019
Type: Validation error
Error: Validation failed: 0 errors, 1 warnings (0 acknowledged, 1 new)
ID: Ingestion:ValidationFailed
Location: BatchUploader.uploadSurvey (line 376)
Validation Details:
  Errors: 0
  Warnings: 1
  Details:
    - [WARNING] BEHAV: Calf-associated behavior(s) 40 recorded but no calf present (rows 43, EVENTNO=430)
--------------------------------------------------------------------------------

[29-Jun-2026 11:37:19] A579190
Type: Validation error
Error: Validation failed: 0 errors, 1 warnings (0 acknowledged, 1 new)
ID: Ingestion:ValidationFailed
Location: BatchUploader.uploadSurvey (line 376)
Validation Details:
  Errors: 0
  Warnings: 1
  Details:
    - [WARNING] BEHAV: Calf-associated behavior(s) 40 recorded but no calf present (rows 98, EVENTNO=730)
--------------------------------------------------------------------------------

[29-Jun-2026 11:37:19] A579191
Type: Validation error
Error: Validation failed: 0 errors, 2 warnings (0 acknowledged, 2 new)
ID: Ingestion:ValidationFailed
Location: BatchUploader.uploadSurvey (line 376)
Validation Details:
  Errors: 0
  Warnings: 2
  Details:
    - [WARNING] BEHAV: Calf-associated behavior(s) 40 recorded but no calf present (rows 22, EVENTNO=200)
    - [WARNING] BEHAV: Calf-associated behavior(s) 40 recorded but no calf present (rows 108, EVENTNO=900)
--------------------------------------------------------------------------------

[29-Jun-2026 11:37:20] A579192
Type: Validation error
Error: Validation failed: 0 errors, 3 warnings (0 acknowledged, 3 new)
ID: Ingestion:ValidationFailed
Location: BatchUploader.uploadSurvey (line 376)
Validation Details:
  Errors: 0
  Warnings: 3
  Details:
    - [WARNING] BEHAV: Calf-associated behavior(s) 40 recorded but no calf present (rows 53, EVENTNO=480)
    - [WARNING] BEHAV: Calf-associated behavior(s) 40 recorded but no calf present (rows 89, EVENTNO=810)
    - [WARNING] BEHAV: Calf-associated behavior(s) 40 recorded but no calf present (rows 95, EVENTNO=870)
--------------------------------------------------------------------------------

[29-Jun-2026 11:37:21] A579199
Type: Validation error
Error: Validation failed: 0 errors, 1 warnings (0 acknowledged, 1 new)
ID: Ingestion:ValidationFailed
Location: BatchUploader.uploadSurvey (line 376)
Validation Details:
  Errors: 0
  Warnings: 1
  Details:
    - [WARNING] BEHAV: Calf-associated behavior(s) 40 recorded but no calf present (rows 71, EVENTNO=640)
--------------------------------------------------------------------------------

[29-Jun-2026 11:37:21] A579211
Type: Validation error
Error: Validation failed: 0 errors, 4 warnings (0 acknowledged, 4 new)
ID: Ingestion:ValidationFailed
Location: BatchUploader.uploadSurvey (line 376)
Validation Details:
  Errors: 0
  Warnings: 4
  Details:
    - [WARNING] BEHAV: Calf-associated behavior(s) 40 recorded but no calf present (rows 28, EVENTNO=280)
    - [WARNING] BEHAV: Calf-associated behavior(s) 40 recorded but no calf present (rows 48, EVENTNO=450)
    - [WARNING] BEHAV: Calf-associated behavior(s) 40 recorded but no calf present (rows 140, EVENTNO=1220)
    - [WARNING] BEHAV: Calf-associated behavior(s) 40 recorded but no calf present (rows 148, EVENTNO=1300)
--------------------------------------------------------------------------------

[29-Jun-2026 11:37:22] A579217
Type: Validation error
Error: Validation failed: 0 errors, 3 warnings (0 acknowledged, 3 new)
ID: Ingestion:ValidationFailed
Location: BatchUploader.uploadSurvey (line 376)
Validation Details:
  Errors: 0
  Warnings: 3
  Details:
    - [WARNING] BEHAV: Calf-associated behavior(s) [40 42] recorded but no calf present (rows 41, EVENTNO=370)
    - [WARNING] BEHAV: Calf-associated behavior(s) 40 recorded but no calf present (rows 60, EVENTNO=540)
    - [WARNING] BEHAV: Calf-associated behavior(s) 40 recorded but no calf present (rows 74, EVENTNO=640)
--------------------------------------------------------------------------------

[29-Jun-2026 11:37:23] A579218
Type: Validation error
Error: Validation failed: 0 errors, 3 warnings (0 acknowledged, 3 new)
ID: Ingestion:ValidationFailed
Location: BatchUploader.uploadSurvey (line 376)
Validation Details:
  Errors: 0
  Warnings: 3
  Details:
    - [WARNING] BEHAV: Calf-associated behavior(s) 40 recorded but no calf present (rows 15, EVENTNO=150)
    - [WARNING] BEHAV: Calf-associated behavior(s) 40 recorded but no calf present (rows 18, EVENTNO=180)
    - [WARNING] BEHAV: Calf-associated behavior(s) 40 recorded but no calf present (rows 58, EVENTNO=550)
--------------------------------------------------------------------------------

[29-Jun-2026 11:37:24] A579219
Type: Validation error
Error: Validation failed: 0 errors, 4 warnings (0 acknowledged, 4 new)
ID: Ingestion:ValidationFailed
Location: BatchUploader.uploadSurvey (line 376)
Validation Details:
  Errors: 0
  Warnings: 4
  Details:
    - [WARNING] BEHAV: Calf-associated behavior(s) 40 recorded but no calf present (rows 35, EVENTNO=350)
    - [WARNING] BEHAV: Calf-associated behavior(s) 40 recorded but no calf present (rows 55, EVENTNO=550)
    - [WARNING] BEHAV: Calf-associated behavior(s) 40 recorded but no calf present (rows 85, EVENTNO=810)
    - [WARNING] BEHAV: Calf-associated behavior(s) 40 recorded but no calf present (rows 103, EVENTNO=980)
--------------------------------------------------------------------------------

[29-Jun-2026 11:37:25] A579221
Type: Validation error
Error: Validation failed: 0 errors, 8 warnings (0 acknowledged, 8 new)
ID: Ingestion:ValidationFailed
Location: BatchUploader.uploadSurvey (line 376)
Validation Details:
  Errors: 0
  Warnings: 8
  Details:
    - [WARNING] BEHAV: Calf-associated behavior(s) 40 recorded but no calf present (rows 17, EVENTNO=160)
    - [WARNING] BEHAV: Calf-associated behavior(s) 40 recorded but no calf present (rows 22, EVENTNO=210)
    - [WARNING] BEHAV: Calf-associated behavior(s) 40 recorded but no calf present (rows 32, EVENTNO=310)
    - [WARNING] BEHAV: Calf-associated behavior(s) 40 recorded but no calf present (rows 38, EVENTNO=340)
    - [WARNING] BEHAV: Calf-associated behavior(s) 40 recorded but no calf present (rows 88, EVENTNO=830)
    - [WARNING] BEHAV: Calf-associated behavior(s) 40 recorded but no calf present (rows 94, EVENTNO=890)
    - [WARNING] BEHAV: Calf-associated behavior(s) 40 recorded but no calf present (rows 97, EVENTNO=920)
    - [WARNING] BEHAV: Calf-associated behavior(s) 40 recorded but no calf present (rows 101, EVENTNO=960)
--------------------------------------------------------------------------------

[29-Jun-2026 11:37:26] A679238
Type: Validation error
Error: Validation failed: 0 errors, 2 warnings (0 acknowledged, 2 new)
ID: Ingestion:ValidationFailed
Location: BatchUploader.uploadSurvey (line 376)
Validation Details:
  Errors: 0
  Warnings: 2
  Details:
    - [WARNING] BEHAV: Calf-associated behavior(s) 40 recorded but no calf present (rows 15, EVENTNO=130)
    - [WARNING] BEHAV: Calf-associated behavior(s) 40 recorded but no calf present (rows 91, EVENTNO=650)
--------------------------------------------------------------------------------

[29-Jun-2026 11:37:26] A679239
Type: Validation error
Error: Validation failed: 0 errors, 3 warnings (0 acknowledged, 3 new)
ID: Ingestion:ValidationFailed
Location: BatchUploader.uploadSurvey (line 376)
Validation Details:
  Errors: 0
  Warnings: 3
  Details:
    - [WARNING] BEHAV: Calf-associated behavior(s) 40 recorded but no calf present (rows 79, EVENTNO=490)
    - [WARNING] BEHAV: Calf-associated behavior(s) 40 recorded but no calf present (rows 105, EVENTNO=650)
    - [WARNING] BEHAV: Calf-associated behavior(s) 40 recorded but no calf present (rows 111, EVENTNO=710)
--------------------------------------------------------------------------------

[29-Jun-2026 11:37:27] A679243
Type: Validation error
Error: Validation failed: 0 errors, 3 warnings (0 acknowledged, 3 new)
ID: Ingestion:ValidationFailed
Location: BatchUploader.uploadSurvey (line 376)
Validation Details:
  Errors: 0
  Warnings: 3
  Details:
    - [WARNING] BEHAV: Calf-associated behavior(s) 40 recorded but no calf present (rows 14, EVENTNO=140)
    - [WARNING] BEHAV: Calf-associated behavior(s) 40 recorded but no calf present (rows 18, EVENTNO=180)
    - [WARNING] BEHAV: Calf-associated behavior(s) 40 recorded but no calf present (rows 122, EVENTNO=1080)
--------------------------------------------------------------------------------

[29-Jun-2026 11:37:27] A679244
Type: Validation error
Error: Validation failed: 0 errors, 1 warnings (0 acknowledged, 1 new)
ID: Ingestion:ValidationFailed
Location: BatchUploader.uploadSurvey (line 376)
Validation Details:
  Errors: 0
  Warnings: 1
  Details:
    - [WARNING] BEHAV: Calf-associated behavior(s) 40 recorded but no calf present (rows 86, EVENTNO=700)
--------------------------------------------------------------------------------

[29-Jun-2026 11:37:28] A679245
Type: Validation error
Error: Validation failed: 0 errors, 3 warnings (0 acknowledged, 3 new)
ID: Ingestion:ValidationFailed
Location: BatchUploader.uploadSurvey (line 376)
Validation Details:
  Errors: 0
  Warnings: 3
  Details:
    - [WARNING] BEHAV: Calf-associated behavior(s) 40 recorded but no calf present (rows 27, EVENTNO=160)
    - [WARNING] BEHAV: Calf-associated behavior(s) 40 recorded but no calf present (rows 33, EVENTNO=190)
    - [WARNING] BEHAV: Calf-associated behavior(s) 40 recorded but no calf present (rows 52, EVENTNO=340)
--------------------------------------------------------------------------------

[29-Jun-2026 11:37:29] A679253
Type: Validation error
Error: Validation failed: 0 errors, 4 warnings (0 acknowledged, 4 new)
ID: Ingestion:ValidationFailed
Location: BatchUploader.uploadSurvey (line 376)
Validation Details:
  Errors: 0
  Warnings: 4
  Details:
    - [WARNING] BEHAV: Calf-associated behavior(s) 40 recorded but no calf present (rows 31, EVENTNO=270)
    - [WARNING] BEHAV: Calf-associated behavior(s) 40 recorded but no calf present (rows 60, EVENTNO=560)
    - [WARNING] BEHAV: Calf-associated behavior(s) 40 recorded but no calf present (rows 77, EVENTNO=730)
    - [WARNING] BEHAV: Calf-associated behavior(s) 40 recorded but no calf present (rows 112, EVENTNO=1060)
--------------------------------------------------------------------------------

[29-Jun-2026 11:37:29] A679255
Type: Validation error
Error: Validation failed: 0 errors, 7 warnings (0 acknowledged, 7 new)
ID: Ingestion:ValidationFailed
Location: BatchUploader.uploadSurvey (line 376)
Validation Details:
  Errors: 0
  Warnings: 7
  Details:
    - [WARNING] BEHAV: Calf-associated behavior(s) 40 recorded but no calf present (rows 15, EVENTNO=140)
    - [WARNING] BEHAV: Calf-associated behavior(s) 40 recorded but no calf present (rows 103, EVENTNO=820)
    - [WARNING] BEHAV: Calf-associated behavior(s) 40 recorded but no calf present (rows 115, EVENTNO=900)
    - [WARNING] BEHAV: Calf-associated behavior(s) 40 recorded but no calf present (rows 130, EVENTNO=1040)
    - [WARNING] BEHAV: Calf-associated behavior(s) 40 recorded but no calf present (rows 137, EVENTNO=1100)
    - [WARNING] BEHAV: Calf-associated behavior(s) 40 recorded but no calf present (rows 142, EVENTNO=1140)
    - [WARNING] BEHAV: Calf-associated behavior(s) 40 recorded but no calf present (rows 143, EVENTNO=1140)
--------------------------------------------------------------------------------

[29-Jun-2026 11:37:30] A779289
Type: Validation error
Error: Validation failed: 0 errors, 6 warnings (0 acknowledged, 6 new)
ID: Ingestion:ValidationFailed
Location: BatchUploader.uploadSurvey (line 376)
Validation Details:
  Errors: 0
  Warnings: 6
  Details:
    - [WARNING] BEHAV: Calf-associated behavior(s) 40 recorded but no calf present (rows 35, EVENTNO=350)
    - [WARNING] BEHAV: Calf-associated behavior(s) 40 recorded but no calf present (rows 74, EVENTNO=720)
    - [WARNING] BEHAV: Calf-associated behavior(s) 40 recorded but no calf present (rows 78, EVENTNO=760)
    - [WARNING] BEHAV: Calf-associated behavior(s) 40 recorded but no calf present (rows 88, EVENTNO=860)
    - [WARNING] BEHAV: Calf-associated behavior(s) 40 recorded but no calf present (rows 95, EVENTNO=930)
    - [WARNING] BEHAV: Calf-associated behavior(s) 40 recorded but no calf present (rows 101, EVENTNO=990)
--------------------------------------------------------------------------------

[29-Jun-2026 11:37:31] A779290
Type: Validation error
Error: Validation failed: 0 errors, 8 warnings (0 acknowledged, 8 new)
ID: Ingestion:ValidationFailed
Location: BatchUploader.uploadSurvey (line 376)
Validation Details:
  Errors: 0
  Warnings: 8
  Details:
    - [WARNING] BEHAV: Calf-associated behavior(s) 40 recorded but no calf present (rows 3, EVENTNO=30)
    - [WARNING] BEHAV: Calf-associated behavior(s) 40 recorded but no calf present (rows 7, EVENTNO=70)
    - [WARNING] BEHAV: Calf-associated behavior(s) 40 recorded but no calf present (rows 13, EVENTNO=130)
    - [WARNING] BEHAV: Calf-associated behavior(s) 40 recorded but no calf present (rows 18, EVENTNO=180)
    - [WARNING] BEHAV: Calf-associated behavior(s) 40 recorded but no calf present (rows 41, EVENTNO=400)
    - [WARNING] BEHAV: Calf-associated behavior(s) 40 recorded but no calf present (rows 70, EVENTNO=690)
    - [WARNING] BEHAV: Calf-associated behavior(s) 40 recorded but no calf present (rows 75, EVENTNO=740)
    - [WARNING] BEHAV: Calf-associated behavior(s) 40 recorded but no calf present (rows 106, EVENTNO=1000)
--------------------------------------------------------------------------------

[29-Jun-2026 11:37:31] A779291
Type: Validation error
Error: Validation failed: 0 errors, 4 warnings (0 acknowledged, 4 new)
ID: Ingestion:ValidationFailed
Location: BatchUploader.uploadSurvey (line 376)
Validation Details:
  Errors: 0
  Warnings: 4
  Details:
    - [WARNING] BEHAV: Calf-associated behavior(s) 40 recorded but no calf present (rows 9, EVENTNO=90)
    - [WARNING] BEHAV: Calf-associated behavior(s) 40 recorded but no calf present (rows 15, EVENTNO=150)
    - [WARNING] BEHAV: Calf-associated behavior(s) 40 recorded but no calf present (rows 51, EVENTNO=510)
    - [WARNING] BEHAV: Calf-associated behavior(s) 40 recorded but no calf present (rows 89, EVENTNO=880)
--------------------------------------------------------------------------------

[29-Jun-2026 11:37:32] A779305
Type: Validation error
Error: Validation failed: 0 errors, 2 warnings (0 acknowledged, 2 new)
ID: Ingestion:ValidationFailed
Location: BatchUploader.uploadSurvey (line 376)
Validation Details:
  Errors: 0
  Warnings: 2
  Details:
    - [WARNING] BEHAV: Calf-associated behavior(s) 40 recorded but no calf present (rows 50, EVENTNO=490)
    - [WARNING] BEHAV: Calf-associated behavior(s) 40 recorded but no calf present (rows 51, EVENTNO=490)
--------------------------------------------------------------------------------

[29-Jun-2026 11:37:32] A779312
Type: Validation error
Error: Validation failed: 0 errors, 3 warnings (0 acknowledged, 3 new)
ID: Ingestion:ValidationFailed
Location: BatchUploader.uploadSurvey (line 376)
Validation Details:
  Errors: 0
  Warnings: 3
  Details:
    - [WARNING] BEHAV: Calf-associated behavior(s) 40 recorded but no calf present (rows 13, EVENTNO=130)
    - [WARNING] BEHAV: Calf-associated behavior(s) 40 recorded but no calf present (rows 46, EVENTNO=460)
    - [WARNING] BEHAV: Calf-associated behavior(s) 40 recorded but no calf present (rows 49, EVENTNO=490)
--------------------------------------------------------------------------------

[29-Jun-2026 11:37:33] A879335
Type: Validation error
Error: Validation failed: 0 errors, 2 warnings (0 acknowledged, 2 new)
ID: Ingestion:ValidationFailed
Location: BatchUploader.uploadSurvey (line 376)
Validation Details:
  Errors: 0
  Warnings: 2
  Details:
    - [WARNING] BEHAV: Calf-associated behavior(s) 40 recorded but no calf present (rows 7, EVENTNO=70)
    - [WARNING] BEHAV: Calf-associated behavior(s) 40 recorded but no calf present (rows 11, EVENTNO=110)
--------------------------------------------------------------------------------

[29-Jun-2026 11:37:33] A879353
Type: Validation error
Error: Validation failed: 0 errors, 2 warnings (0 acknowledged, 2 new)
ID: Ingestion:ValidationFailed
Location: BatchUploader.uploadSurvey (line 376)
Validation Details:
  Errors: 0
  Warnings: 2
  Details:
    - [WARNING] BEHAV: Calf-associated behavior(s) 40 recorded but no calf present (rows 18, EVENTNO=150)
    - [WARNING] BEHAV: Calf-associated behavior(s) 40 recorded but no calf present (rows 63, EVENTNO=600)
--------------------------------------------------------------------------------

[29-Jun-2026 11:37:34] A880004
Type: Validation error
Error: Validation failed: 0 errors, 3 warnings (0 acknowledged, 3 new)
ID: Ingestion:ValidationFailed
Location: BatchUploader.uploadSurvey (line 376)
Validation Details:
  Errors: 0
  Warnings: 3
  Details:
    - [WARNING] BEHAV: Calf-associated behavior(s) 40 recorded but no calf present (rows 53, EVENTNO=530)
    - [WARNING] BEHAV: Calf-associated behavior(s) 40 recorded but no calf present (rows 67, EVENTNO=670)
    - [WARNING] BEHAV: Calf-associated behavior(s) 40 recorded but no calf present (rows 73, EVENTNO=730)
--------------------------------------------------------------------------------

[29-Jun-2026 11:37:35] E181139
Type: Validation error
Error: Validation failed: 0 errors, 1 warnings (0 acknowledged, 1 new)
ID: Ingestion:ValidationFailed
Location: BatchUploader.uploadSurvey (line 376)
Validation Details:
  Errors: 0
  Warnings: 1
  Details:
    - [WARNING] BEHAV: Calf-associated behavior(s) 40 recorded but no calf present (rows 34, EVENTNO=320)
--------------------------------------------------------------------------------

[29-Jun-2026 11:37:35] E181269
Type: Validation error
Error: Validation failed: 0 errors, 1 warnings (0 acknowledged, 1 new)
ID: Ingestion:ValidationFailed
Location: BatchUploader.uploadSurvey (line 376)
Validation Details:
  Errors: 0
  Warnings: 1
  Details:
    - [WARNING] BEHAV: Calf-associated behavior(s) 40 recorded but no calf present (rows 30, EVENTNO=220)
--------------------------------------------------------------------------------

[29-Jun-2026 11:37:36] F085143
Type: Validation error
Error: Validation failed: 0 errors, 1 warnings (0 acknowledged, 1 new)
ID: Ingestion:ValidationFailed
Location: BatchUploader.uploadSurvey (line 376)
Validation Details:
  Errors: 0
  Warnings: 1
  Details:
    - [WARNING] BEHAV: Calf-associated behavior(s) 40 recorded but no calf present (rows 956, EVENTNO=946)
--------------------------------------------------------------------------------

[29-Jun-2026 11:37:37] F088130
Type: Validation error
Error: Validation failed: 0 errors, 1 warnings (0 acknowledged, 1 new)
ID: Ingestion:ValidationFailed
Location: BatchUploader.uploadSurvey (line 376)
Validation Details:
  Errors: 0
  Warnings: 1
  Details:
    - [WARNING] BEHAV: Calf-associated behavior(s) 40 recorded but no calf present (rows 48, EVENTNO=48)
--------------------------------------------------------------------------------

[29-Jun-2026 11:37:38] F092012
Type: Validation error
Error: Validation failed: 0 errors, 1 warnings (0 acknowledged, 1 new)
ID: Ingestion:ValidationFailed
Location: BatchUploader.uploadSurvey (line 376)
Validation Details:
  Errors: 0
  Warnings: 1
  Details:
    - [WARNING] BEHAV: Calf-associated behavior(s) 40 recorded but no calf present (rows 53, EVENTNO=46)
--------------------------------------------------------------------------------

[29-Jun-2026 11:37:39] F092213
Type: Validation error
Error: Validation failed: 0 errors, 1 warnings (0 acknowledged, 1 new)
ID: Ingestion:ValidationFailed
Location: BatchUploader.uploadSurvey (line 376)
Validation Details:
  Errors: 0
  Warnings: 1
  Details:
    - [WARNING] BEHAV: Calf-associated behavior(s) 40 recorded but no calf present (rows 181, EVENTNO=181)
--------------------------------------------------------------------------------

[29-Jun-2026 11:37:40] F093005
Type: Validation error
Error: Validation failed: 0 errors, 1 warnings (0 acknowledged, 1 new)
ID: Ingestion:ValidationFailed
Location: BatchUploader.uploadSurvey (line 376)
Validation Details:
  Errors: 0
  Warnings: 1
  Details:
    - [WARNING] NUMCALF: NUMCALF (2) is more than half of NUMBER (3) - verify count (rows 26, EVENTNO=26)
--------------------------------------------------------------------------------

[29-Jun-2026 11:37:41] F096240
Type: Validation error
Error: Validation failed: 0 errors, 1 warnings (0 acknowledged, 1 new)
ID: Ingestion:ValidationFailed
Location: BatchUploader.uploadSurvey (line 376)
Validation Details:
  Errors: 0
  Warnings: 1
  Details:
    - [WARNING] NUMCALF: NUMCALF (1) is more than half of NUMBER (1) - verify count (rows 86, EVENTNO=81)
--------------------------------------------------------------------------------

[29-Jun-2026 11:37:42] F099122
Type: Validation error
Error: Validation failed: 0 errors, 1 warnings (0 acknowledged, 1 new)
ID: Ingestion:ValidationFailed
Location: BatchUploader.uploadSurvey (line 376)
Validation Details:
  Errors: 0
  Warnings: 1
  Details:
    - [WARNING] NUMCALF: NUMCALF (1) is more than half of NUMBER (1) - verify count (rows 60, EVENTNO=59)
--------------------------------------------------------------------------------

[29-Jun-2026 11:37:43] F179261
Type: Validation error
Error: Validation failed: 0 errors, 2 warnings (0 acknowledged, 2 new)
ID: Ingestion:ValidationFailed
Location: BatchUploader.uploadSurvey (line 376)
Validation Details:
  Errors: 0
  Warnings: 2
  Details:
    - [WARNING] BEHAV: Calf-associated behavior(s) 40 recorded but no calf present (rows 96, EVENTNO=890)
    - [WARNING] BEHAV: Calf-associated behavior(s) 40 recorded but no calf present (rows 250, EVENTNO=2410)
--------------------------------------------------------------------------------

[29-Jun-2026 11:37:44] F180133
Type: Validation error
Error: Validation failed: 0 errors, 2 warnings (0 acknowledged, 2 new)
ID: Ingestion:ValidationFailed
Location: BatchUploader.uploadSurvey (line 376)
Validation Details:
  Errors: 0
  Warnings: 2
  Details:
    - [WARNING] BEHAV: Calf-associated behavior(s) 40 recorded but no calf present (rows 142, EVENTNO=1390)
    - [WARNING] BEHAV: Calf-associated behavior(s) 40 recorded but no calf present (rows 229, EVENTNO=2240)
--------------------------------------------------------------------------------

[29-Jun-2026 11:37:45] F180169
Type: Validation error
Error: Validation failed: 0 errors, 1 warnings (0 acknowledged, 1 new)
ID: Ingestion:ValidationFailed
Location: BatchUploader.uploadSurvey (line 376)
Validation Details:
  Errors: 0
  Warnings: 1
  Details:
    - [WARNING] BEHAV: Calf-associated behavior(s) 40 recorded but no calf present (rows 59, EVENTNO=590)
--------------------------------------------------------------------------------

[29-Jun-2026 11:37:46] F192063
Type: Validation error
Error: Validation failed: 0 errors, 1 warnings (0 acknowledged, 1 new)
ID: Ingestion:ValidationFailed
Location: BatchUploader.uploadSurvey (line 376)
Validation Details:
  Errors: 0
  Warnings: 1
  Details:
    - [WARNING] NUMCALF: NUMCALF (1) is more than half of NUMBER (1) - verify count (rows 40, EVENTNO=31)
--------------------------------------------------------------------------------

[29-Jun-2026 11:37:47] F193055
Type: Validation error
Error: Validation failed: 0 errors, 1 warnings (0 acknowledged, 1 new)
ID: Ingestion:ValidationFailed
Location: BatchUploader.uploadSurvey (line 376)
Validation Details:
  Errors: 0
  Warnings: 1
  Details:
    - [WARNING] BEHAV: Calf-associated behavior(s) 40 recorded but no calf present (rows 5, EVENTNO=5)
--------------------------------------------------------------------------------

[29-Jun-2026 11:37:47] F193340
Type: Validation error
Error: Validation failed: 0 errors, 1 warnings (0 acknowledged, 1 new)
ID: Ingestion:ValidationFailed
Location: BatchUploader.uploadSurvey (line 376)
Validation Details:
  Errors: 0
  Warnings: 1
  Details:
    - [WARNING] NUMCALF: NUMCALF=1 for non-mammal species (TAXCODE=7) (rows 120, EVENTNO=100)
--------------------------------------------------------------------------------

[29-Jun-2026 11:37:48] F194035
Type: Validation error
Error: Validation failed: 0 errors, 1 warnings (0 acknowledged, 1 new)
ID: Ingestion:ValidationFailed
Location: BatchUploader.uploadSurvey (line 376)
Validation Details:
  Errors: 0
  Warnings: 1
  Details:
    - [WARNING] NUMCALF: NUMCALF (1) is more than half of NUMBER (1) - verify count (rows 69, EVENTNO=51)
--------------------------------------------------------------------------------

[29-Jun-2026 11:37:49] F195027
Type: Validation error
Error: Validation failed: 0 errors, 1 warnings (0 acknowledged, 1 new)
ID: Ingestion:ValidationFailed
Location: BatchUploader.uploadSurvey (line 376)
Validation Details:
  Errors: 0
  Warnings: 1
  Details:
    - [WARNING] BEHAV: Calf-associated behavior(s) 40 recorded but no calf present (rows 37, EVENTNO=32)
--------------------------------------------------------------------------------

[29-Jun-2026 11:37:50] F195032
Type: Validation error
Error: Validation failed: 0 errors, 1 warnings (0 acknowledged, 1 new)
ID: Ingestion:ValidationFailed
Location: BatchUploader.uploadSurvey (line 376)
Validation Details:
  Errors: 0
  Warnings: 1
  Details:
    - [WARNING] BEHAV: Calf-associated behavior(s) 40 recorded but no calf present (rows 55, EVENTNO=49)
--------------------------------------------------------------------------------

[29-Jun-2026 11:37:51] F195045
Type: Validation error
Error: Validation failed: 0 errors, 1 warnings (0 acknowledged, 1 new)
ID: Ingestion:ValidationFailed
Location: BatchUploader.uploadSurvey (line 376)
Validation Details:
  Errors: 0
  Warnings: 1
  Details:
    - [WARNING] NUMCALF: NUMCALF (1) is more than half of NUMBER (1) - verify count (rows 39, EVENTNO=39)
--------------------------------------------------------------------------------

[29-Jun-2026 11:37:51] F195079
Type: Validation error
Error: Validation failed: 0 errors, 1 warnings (0 acknowledged, 1 new)
ID: Ingestion:ValidationFailed
Location: BatchUploader.uploadSurvey (line 376)
Validation Details:
  Errors: 0
  Warnings: 1
  Details:
    - [WARNING] NUMCALF: NUMCALF (1) is more than half of NUMBER (1) - verify count (rows 176, EVENTNO=168)
--------------------------------------------------------------------------------

[29-Jun-2026 11:37:52] F196023
Type: Validation error
Error: Validation failed: 0 errors, 1 warnings (0 acknowledged, 1 new)
ID: Ingestion:ValidationFailed
Location: BatchUploader.uploadSurvey (line 376)
Validation Details:
  Errors: 0
  Warnings: 1
  Details:
    - [WARNING] BEHAV: Calf-associated behavior(s) 40 recorded but no calf present (rows 28, EVENTNO=25)
--------------------------------------------------------------------------------

[29-Jun-2026 11:37:53] F196030
Type: Validation error
Error: Validation failed: 0 errors, 1 warnings (0 acknowledged, 1 new)
ID: Ingestion:ValidationFailed
Location: BatchUploader.uploadSurvey (line 376)
Validation Details:
  Errors: 0
  Warnings: 1
  Details:
    - [WARNING] NUMCALF: NUMCALF (1) is more than half of NUMBER (1) - verify count (rows 65, EVENTNO=65)
--------------------------------------------------------------------------------

[29-Jun-2026 11:37:54] F196054
Type: Validation error
Error: Validation failed: 1 errors, 3 warnings (0 acknowledged, 3 new)
ID: Ingestion:ValidationFailed
Location: BatchUploader.uploadSurvey (line 376)
Validation Details:
  Errors: 1
  Warnings: 3
  Details:
    - [ERROR] NUMCALF: NUMCALF (2) exceeds total NUMBER (1) (rows 18)
    - [WARNING] NUMCALF: NUMCALF=2 for non-mammal species (TAXCODE=5) (rows 18, EVENTNO=17)
    - [WARNING] NUMCALF: NUMCALF (2) is more than half of NUMBER (1) - verify count (rows 18, EVENTNO=17)
    - [WARNING] NUMCALF: NUMCALF (2) is more than half of NUMBER (3) - verify count (rows 209, EVENTNO=144)
--------------------------------------------------------------------------------

[29-Jun-2026 11:37:55] F196058
Type: Validation error
Error: Validation failed: 0 errors, 2 warnings (0 acknowledged, 2 new)
ID: Ingestion:ValidationFailed
Location: BatchUploader.uploadSurvey (line 376)
Validation Details:
  Errors: 0
  Warnings: 2
  Details:
    - [WARNING] NUMCALF: NUMCALF=1 for non-mammal species (TAXCODE=5) (rows 718, EVENTNO=437)
    - [WARNING] NUMCALF: NUMCALF (1) is more than half of NUMBER (1) - verify count (rows 718, EVENTNO=437)
--------------------------------------------------------------------------------

[29-Jun-2026 11:37:56] F196084
Type: Validation error
Error: Validation failed: 0 errors, 4 warnings (0 acknowledged, 4 new)
ID: Ingestion:ValidationFailed
Location: BatchUploader.uploadSurvey (line 376)
Validation Details:
  Errors: 0
  Warnings: 4
  Details:
    - [WARNING] NUMCALF: NUMCALF=1 for non-mammal species (TAXCODE=5) (rows 61, EVENTNO=45)
    - [WARNING] NUMCALF: NUMCALF=1 for non-mammal species (TAXCODE=5) (rows 113, EVENTNO=80)
    - [WARNING] NUMCALF: NUMCALF (1) is more than half of NUMBER (1) - verify count (rows 61, EVENTNO=45)
    - [WARNING] NUMCALF: NUMCALF (1) is more than half of NUMBER (1) - verify count (rows 113, EVENTNO=80)
--------------------------------------------------------------------------------

[29-Jun-2026 11:37:57] F196299
Type: Validation error
Error: Validation failed: 0 errors, 11 warnings (0 acknowledged, 11 new)
ID: Ingestion:ValidationFailed
Location: BatchUploader.uploadSurvey (line 376)
Validation Details:
  Errors: 0
  Warnings: 11
  Details:
    - [WARNING] SURFTEMP: SURFTEMP >35°C - above typical ocean maximum (rows 38, EVENTNO=38)
    - [WARNING] SURFTEMP: SURFTEMP >35°C - above typical ocean maximum (rows 46, EVENTNO=46)
    - [WARNING] SURFTEMP: SURFTEMP >35°C - above typical ocean maximum (rows 47, EVENTNO=47)
    - [WARNING] SURFTEMP: SURFTEMP >35°C - above typical ocean maximum (rows 48, EVENTNO=48)
    - [WARNING] SURFTEMP: SURFTEMP >35°C - above typical ocean maximum (rows 49, EVENTNO=49)
    - [WARNING] SURFTEMP: SURFTEMP >35°C - above typical ocean maximum (rows 50, EVENTNO=50)
    - [WARNING] SURFTEMP: SURFTEMP >35°C - above typical ocean maximum (rows 51, EVENTNO=51)
    - [WARNING] SURFTEMP: SURFTEMP >35°C - above typical ocean maximum (rows 52, EVENTNO=52)
    - [WARNING] SURFTEMP: SURFTEMP >35°C - above typical ocean maximum (rows 54, EVENTNO=54)
    - [WARNING] SURFTEMP: SURFTEMP >35°C - above typical ocean maximum (rows 55, EVENTNO=55)
    - [WARNING] SURFTEMP: SURFTEMP >35°C - above typical ocean maximum (rows 237, EVENTNO=237)
--------------------------------------------------------------------------------

[29-Jun-2026 11:37:58] F197011
Type: Validation error
Error: Validation failed: 0 errors, 1 warnings (0 acknowledged, 1 new)
ID: Ingestion:ValidationFailed
Location: BatchUploader.uploadSurvey (line 376)
Validation Details:
  Errors: 0
  Warnings: 1
  Details:
    - [WARNING] NUMCALF: NUMCALF (1) is more than half of NUMBER (1) - verify count (rows 14, EVENTNO=13)
--------------------------------------------------------------------------------

[29-Jun-2026 11:37:58] F197028
Type: Validation error
Error: Validation failed: 0 errors, 2 warnings (0 acknowledged, 2 new)
ID: Ingestion:ValidationFailed
Location: BatchUploader.uploadSurvey (line 376)
Validation Details:
  Errors: 0
  Warnings: 2
  Details:
    - [WARNING] NUMCALF: NUMCALF (1) is more than half of NUMBER (1) - verify count (rows 52, EVENTNO=49)
    - [WARNING] NUMCALF: NUMCALF (1) is more than half of NUMBER (1) - verify count (rows 87, EVENTNO=83)
--------------------------------------------------------------------------------

[29-Jun-2026 11:37:59] F197033
Type: Validation error
Error: Validation failed: 0 errors, 1 warnings (0 acknowledged, 1 new)
ID: Ingestion:ValidationFailed
Location: BatchUploader.uploadSurvey (line 376)
Validation Details:
  Errors: 0
  Warnings: 1
  Details:
    - [WARNING] NUMCALF: NUMCALF (2) is more than half of NUMBER (2) - verify count (rows 91, EVENTNO=80)
--------------------------------------------------------------------------------

[29-Jun-2026 11:38:00] F197068
Type: Validation error
Error: Validation failed: 0 errors, 1 warnings (0 acknowledged, 1 new)
ID: Ingestion:ValidationFailed
Location: BatchUploader.uploadSurvey (line 376)
Validation Details:
  Errors: 0
  Warnings: 1
  Details:
    - [WARNING] NUMCALF: NUMCALF (1) is more than half of NUMBER (1) - verify count (rows 221, EVENTNO=221)
--------------------------------------------------------------------------------

[29-Jun-2026 11:38:01] F280148
Type: Validation error
Error: Validation failed: 0 errors, 2 warnings (0 acknowledged, 2 new)
ID: Ingestion:ValidationFailed
Location: BatchUploader.uploadSurvey (line 376)
Validation Details:
  Errors: 0
  Warnings: 2
  Details:
    - [WARNING] BEHAV: Calf-associated behavior(s) 40 recorded but no calf present (rows 63, EVENTNO=630)
    - [WARNING] BEHAV: Calf-associated behavior(s) 40 recorded but no calf present (rows 133, EVENTNO=1330)
--------------------------------------------------------------------------------

[29-Jun-2026 11:38:02] F280178
Type: Validation error
Error: Validation failed: 0 errors, 2 warnings (0 acknowledged, 2 new)
ID: Ingestion:ValidationFailed
Location: BatchUploader.uploadSurvey (line 376)
Validation Details:
  Errors: 0
  Warnings: 2
  Details:
    - [WARNING] BEHAV: Calf-associated behavior(s) 40 recorded but no calf present (rows 32, EVENTNO=290)
    - [WARNING] BEHAV: Calf-associated behavior(s) 40 recorded but no calf present (rows 35, EVENTNO=290)
--------------------------------------------------------------------------------

[29-Jun-2026 11:38:03] F280220
Type: Validation error
Error: Validation failed: 0 errors, 1 warnings (0 acknowledged, 1 new)
ID: Ingestion:ValidationFailed
Location: BatchUploader.uploadSurvey (line 376)
Validation Details:
  Errors: 0
  Warnings: 1
  Details:
    - [WARNING] BEHAV: Calf-associated behavior(s) 40 recorded but no calf present (rows 43, EVENTNO=420)
--------------------------------------------------------------------------------

[29-Jun-2026 11:38:03] F281170
Type: Validation error
Error: Validation failed: 0 errors, 1 warnings (0 acknowledged, 1 new)
ID: Ingestion:ValidationFailed
Location: BatchUploader.uploadSurvey (line 376)
Validation Details:
  Errors: 0
  Warnings: 1
  Details:
    - [WARNING] BEHAV: Calf-associated behavior(s) 40 recorded but no calf present (rows 54, EVENTNO=530)
--------------------------------------------------------------------------------

[29-Jun-2026 11:38:04] F281230
Type: Validation error
Error: Validation failed: 0 errors, 1 warnings (0 acknowledged, 1 new)
ID: Ingestion:ValidationFailed
Location: BatchUploader.uploadSurvey (line 376)
Validation Details:
  Errors: 0
  Warnings: 1
  Details:
    - [WARNING] BEHAV: Calf-associated behavior(s) 40 recorded but no calf present (rows 63, EVENTNO=630)
--------------------------------------------------------------------------------

[29-Jun-2026 11:38:05] F281254
Type: Validation error
Error: Validation failed: 0 errors, 1 warnings (0 acknowledged, 1 new)
ID: Ingestion:ValidationFailed
Location: BatchUploader.uploadSurvey (line 376)
Validation Details:
  Errors: 0
  Warnings: 1
  Details:
    - [WARNING] BEHAV: Calf-associated behavior(s) 40 recorded but no calf present (rows 29, EVENTNO=290)
--------------------------------------------------------------------------------

[29-Jun-2026 11:38:05] F296333
Type: Validation error
Error: Validation failed: 0 errors, 15 warnings (0 acknowledged, 15 new)
ID: Ingestion:ValidationFailed
Location: BatchUploader.uploadSurvey (line 376)
Validation Details:
  Errors: 0
  Warnings: 15
  Details:
    - [WARNING] SURFTEMP: SURFTEMP >35°C - above typical ocean maximum (rows 43, EVENTNO=43)
    - [WARNING] SURFTEMP: SURFTEMP >35°C - above typical ocean maximum (rows 44, EVENTNO=44)
    - [WARNING] SURFTEMP: SURFTEMP >35°C - above typical ocean maximum (rows 45, EVENTNO=45)
    - [WARNING] SURFTEMP: SURFTEMP >35°C - above typical ocean maximum (rows 46, EVENTNO=46)
    - [WARNING] SURFTEMP: SURFTEMP >35°C - above typical ocean maximum (rows 47, EVENTNO=47)
    - [WARNING] SURFTEMP: SURFTEMP >35°C - above typical ocean maximum (rows 48, EVENTNO=48)
    - [WARNING] SURFTEMP: SURFTEMP >35°C - above typical ocean maximum (rows 49, EVENTNO=49)
    - [WARNING] SURFTEMP: SURFTEMP >35°C - above typical ocean maximum (rows 50, EVENTNO=50)
    - [WARNING] SURFTEMP: SURFTEMP >35°C - above typical ocean maximum (rows 51, EVENTNO=51)
    - [WARNING] SURFTEMP: SURFTEMP >35°C - above typical ocean maximum (rows 52, EVENTNO=52)
    - [WARNING] SURFTEMP: SURFTEMP >35°C - above typical ocean maximum (rows 53, EVENTNO=53)
    - [WARNING] SURFTEMP: SURFTEMP >35°C - above typical ocean maximum (rows 54, EVENTNO=54)
    - [WARNING] SURFTEMP: SURFTEMP >35°C - above typical ocean maximum (rows 55, EVENTNO=55)
    - [WARNING] SURFTEMP: SURFTEMP >35°C - above typical ocean maximum (rows 56, EVENTNO=56)
    - [WARNING] SURFTEMP: SURFTEMP >35°C - above typical ocean maximum (rows 58, EVENTNO=58)
--------------------------------------------------------------------------------

[29-Jun-2026 11:38:06] F296337
Type: Validation error
Error: Validation failed: 0 errors, 7 warnings (0 acknowledged, 7 new)
ID: Ingestion:ValidationFailed
Location: BatchUploader.uploadSurvey (line 376)
Validation Details:
  Errors: 0
  Warnings: 7
  Details:
    - [WARNING] SURFTEMP: SURFTEMP >35°C - above typical ocean maximum (rows 41, EVENTNO=41)
    - [WARNING] SURFTEMP: SURFTEMP >35°C - above typical ocean maximum (rows 42, EVENTNO=42)
    - [WARNING] SURFTEMP: SURFTEMP >35°C - above typical ocean maximum (rows 43, EVENTNO=43)
    - [WARNING] SURFTEMP: SURFTEMP >35°C - above typical ocean maximum (rows 44, EVENTNO=44)
    - [WARNING] SURFTEMP: SURFTEMP >35°C - above typical ocean maximum (rows 45, EVENTNO=45)
    - [WARNING] SURFTEMP: SURFTEMP >35°C - above typical ocean maximum (rows 46, EVENTNO=46)
    - [WARNING] SURFTEMP: SURFTEMP >35°C - above typical ocean maximum (rows 47, EVENTNO=47)
--------------------------------------------------------------------------------

[29-Jun-2026 11:38:07] F296338
Type: Validation error
Error: Validation failed: 0 errors, 2 warnings (0 acknowledged, 2 new)
ID: Ingestion:ValidationFailed
Location: BatchUploader.uploadSurvey (line 376)
Validation Details:
  Errors: 0
  Warnings: 2
  Details:
    - [WARNING] SURFTEMP: SURFTEMP >35°C - above typical ocean maximum (rows 1, EVENTNO=1)
    - [WARNING] SURFTEMP: SURFTEMP >35°C - above typical ocean maximum (rows 2, EVENTNO=2)
--------------------------------------------------------------------------------

[29-Jun-2026 11:38:07] F296339
Type: Validation error
Error: Validation failed: 0 errors, 14 warnings (0 acknowledged, 14 new)
ID: Ingestion:ValidationFailed
Location: BatchUploader.uploadSurvey (line 376)
Validation Details:
  Errors: 0
  Warnings: 14
  Details:
    - [WARNING] SURFTEMP: SURFTEMP >35°C - above typical ocean maximum (rows 31, EVENTNO=31)
    - [WARNING] SURFTEMP: SURFTEMP >35°C - above typical ocean maximum (rows 32, EVENTNO=32)
    - [WARNING] SURFTEMP: SURFTEMP >35°C - above typical ocean maximum (rows 33, EVENTNO=33)
    - [WARNING] SURFTEMP: SURFTEMP >35°C - above typical ocean maximum (rows 34, EVENTNO=34)
    - [WARNING] SURFTEMP: SURFTEMP >35°C - above typical ocean maximum (rows 35, EVENTNO=35)
    - [WARNING] SURFTEMP: SURFTEMP >35°C - above typical ocean maximum (rows 36, EVENTNO=36)
    - [WARNING] SURFTEMP: SURFTEMP >35°C - above typical ocean maximum (rows 37, EVENTNO=37)
    - [WARNING] SURFTEMP: SURFTEMP >35°C - above typical ocean maximum (rows 38, EVENTNO=38)
    - [WARNING] SURFTEMP: SURFTEMP >35°C - above typical ocean maximum (rows 39, EVENTNO=39)
    - [WARNING] SURFTEMP: SURFTEMP >35°C - above typical ocean maximum (rows 40, EVENTNO=40)
    - [WARNING] SURFTEMP: SURFTEMP >35°C - above typical ocean maximum (rows 41, EVENTNO=41)
    - [WARNING] SURFTEMP: SURFTEMP >35°C - above typical ocean maximum (rows 42, EVENTNO=42)
    - [WARNING] SURFTEMP: SURFTEMP >35°C - above typical ocean maximum (rows 43, EVENTNO=43)
    - [WARNING] SURFTEMP: SURFTEMP >35°C - above typical ocean maximum (rows 44, EVENTNO=44)
--------------------------------------------------------------------------------

[29-Jun-2026 11:38:08] F497024
Type: Validation error
Error: Validation failed: 0 errors, 1 warnings (0 acknowledged, 1 new)
ID: Ingestion:ValidationFailed
Location: BatchUploader.uploadSurvey (line 376)
Validation Details:
  Errors: 0
  Warnings: 1
  Details:
    - [WARNING] BEHAV: Calf-associated behavior(s) 40 recorded but no calf present (rows 100, EVENTNO=100)
--------------------------------------------------------------------------------

[29-Jun-2026 11:38:08] F599119
Type: Validation error
Error: Validation failed: 0 errors, 1 warnings (0 acknowledged, 1 new)
ID: Ingestion:ValidationFailed
Location: BatchUploader.uploadSurvey (line 376)
Validation Details:
  Errors: 0
  Warnings: 1
  Details:
    - [WARNING] BEHAV: Calf-associated behavior(s) 40 recorded but no calf present (rows 602, EVENTNO=612)
--------------------------------------------------------------------------------

[29-Jun-2026 11:38:09] F692347
Type: Validation error
Error: Validation failed: 0 errors, 1 warnings (0 acknowledged, 1 new)
ID: Ingestion:ValidationFailed
Location: BatchUploader.uploadSurvey (line 376)
Validation Details:
  Errors: 0
  Warnings: 1
  Details:
    - [WARNING] NUMCALF: NUMCALF (1) is more than half of NUMBER (1) - verify count (rows 8, EVENTNO=6)
--------------------------------------------------------------------------------

[29-Jun-2026 11:38:09] F693009
Type: Validation error
Error: Validation failed: 0 errors, 1 warnings (0 acknowledged, 1 new)
ID: Ingestion:ValidationFailed
Location: BatchUploader.uploadSurvey (line 376)
Validation Details:
  Errors: 0
  Warnings: 1
  Details:
    - [WARNING] NUMCALF: NUMCALF (1) is more than half of NUMBER (1) - verify count (rows 68, EVENTNO=54)
--------------------------------------------------------------------------------

[29-Jun-2026 11:38:10] F693031
Type: Validation error
Error: Validation failed: 0 errors, 1 warnings (0 acknowledged, 1 new)
ID: Ingestion:ValidationFailed
Location: BatchUploader.uploadSurvey (line 376)
Validation Details:
  Errors: 0
  Warnings: 1
  Details:
    - [WARNING] NUMCALF: NUMCALF (1) is more than half of NUMBER (1) - verify count (rows 100, EVENTNO=89)
--------------------------------------------------------------------------------

[29-Jun-2026 11:38:11] F693362
Type: Validation error
Error: Validation failed: 0 errors, 1 warnings (0 acknowledged, 1 new)
ID: Ingestion:ValidationFailed
Location: BatchUploader.uploadSurvey (line 376)
Validation Details:
  Errors: 0
  Warnings: 1
  Details:
    - [WARNING] NUMCALF: NUMCALF (3) is more than half of NUMBER (3) - verify count (rows 82, EVENTNO=63)
--------------------------------------------------------------------------------

[29-Jun-2026 11:38:11] F694007
Type: Validation error
Error: Validation failed: 0 errors, 1 warnings (0 acknowledged, 1 new)
ID: Ingestion:ValidationFailed
Location: BatchUploader.uploadSurvey (line 376)
Validation Details:
  Errors: 0
  Warnings: 1
  Details:
    - [WARNING] NUMCALF: NUMCALF (1) is more than half of NUMBER (1) - verify count (rows 43, EVENTNO=43)
--------------------------------------------------------------------------------

[29-Jun-2026 11:38:12] F694044
Type: Validation error
Error: Validation failed: 0 errors, 1 warnings (0 acknowledged, 1 new)
ID: Ingestion:ValidationFailed
Location: BatchUploader.uploadSurvey (line 376)
Validation Details:
  Errors: 0
  Warnings: 1
  Details:
    - [WARNING] NUMCALF: NUMCALF (1) is more than half of NUMBER (1) - verify count (rows 47, EVENTNO=46)
--------------------------------------------------------------------------------

[29-Jun-2026 11:38:13] F694066
Type: Validation error
Error: Validation failed: 0 errors, 1 warnings (0 acknowledged, 1 new)
ID: Ingestion:ValidationFailed
Location: BatchUploader.uploadSurvey (line 376)
Validation Details:
  Errors: 0
  Warnings: 1
  Details:
    - [WARNING] NUMCALF: NUMCALF (1) is more than half of NUMBER (1) - verify count (rows 155, EVENTNO=132)
--------------------------------------------------------------------------------

[29-Jun-2026 11:38:14] F694072
Type: Validation error
Error: Validation failed: 0 errors, 1 warnings (0 acknowledged, 1 new)
ID: Ingestion:ValidationFailed
Location: BatchUploader.uploadSurvey (line 376)
Validation Details:
  Errors: 0
  Warnings: 1
  Details:
    - [WARNING] NUMCALF: NUMCALF (1) is more than half of NUMBER (1) - verify count (rows 55, EVENTNO=54)
--------------------------------------------------------------------------------

[29-Jun-2026 11:38:15] F694339
Type: Validation error
Error: Validation failed: 0 errors, 1 warnings (0 acknowledged, 1 new)
ID: Ingestion:ValidationFailed
Location: BatchUploader.uploadSurvey (line 376)
Validation Details:
  Errors: 0
  Warnings: 1
  Details:
    - [WARNING] NUMCALF: NUMCALF (1) is more than half of NUMBER (1) - verify count (rows 125, EVENTNO=101)
--------------------------------------------------------------------------------

[29-Jun-2026 11:38:16] F695345
Type: Validation error
Error: Validation failed: 0 errors, 1 warnings (0 acknowledged, 1 new)
ID: Ingestion:ValidationFailed
Location: BatchUploader.uploadSurvey (line 376)
Validation Details:
  Errors: 0
  Warnings: 1
  Details:
    - [WARNING] BEHAV: Calf-associated behavior(s) 42 recorded but no calf present (rows 58, EVENTNO=49)
--------------------------------------------------------------------------------

[29-Jun-2026 11:38:16] F695347
Type: Validation error
Error: Validation failed: 0 errors, 1 warnings (0 acknowledged, 1 new)
ID: Ingestion:ValidationFailed
Location: BatchUploader.uploadSurvey (line 376)
Validation Details:
  Errors: 0
  Warnings: 1
  Details:
    - [WARNING] BEHAV: Calf-associated behavior(s) 42 recorded but no calf present (rows 35, EVENTNO=32)
--------------------------------------------------------------------------------

[29-Jun-2026 11:38:17] F696018
Type: Validation error
Error: Validation failed: 0 errors, 1 warnings (0 acknowledged, 1 new)
ID: Ingestion:ValidationFailed
Location: BatchUploader.uploadSurvey (line 376)
Validation Details:
  Errors: 0
  Warnings: 1
  Details:
    - [WARNING] NUMCALF: NUMCALF (1) is more than half of NUMBER (1) - verify count (rows 33, EVENTNO=32)
--------------------------------------------------------------------------------

[29-Jun-2026 11:38:18] F696050
Type: Validation error
Error: Validation failed: 0 errors, 2 warnings (0 acknowledged, 2 new)
ID: Ingestion:ValidationFailed
Location: BatchUploader.uploadSurvey (line 376)
Validation Details:
  Errors: 0
  Warnings: 2
  Details:
    - [WARNING] NUMCALF: NUMCALF (1) is more than half of NUMBER (1) - verify count (rows 70, EVENTNO=51)
    - [WARNING] NUMCALF: NUMCALF (1) is more than half of NUMBER (1) - verify count (rows 177, EVENTNO=141)
--------------------------------------------------------------------------------

[29-Jun-2026 11:38:19] F696064
Type: Validation error
Error: Validation failed: 0 errors, 1 warnings (0 acknowledged, 1 new)
ID: Ingestion:ValidationFailed
Location: BatchUploader.uploadSurvey (line 376)
Validation Details:
  Errors: 0
  Warnings: 1
  Details:
    - [WARNING] BEHAV: Calf-associated behavior(s) 40 recorded but no calf present (rows 79, EVENTNO=78)
--------------------------------------------------------------------------------

[29-Jun-2026 11:38:20] F697033
Type: Validation error
Error: Validation failed: 0 errors, 1 warnings (0 acknowledged, 1 new)
ID: Ingestion:ValidationFailed
Location: BatchUploader.uploadSurvey (line 376)
Validation Details:
  Errors: 0
  Warnings: 1
  Details:
    - [WARNING] BEHAV: Calf-associated behavior(s) [42 40] recorded but no calf present (rows 19, EVENTNO=17)
--------------------------------------------------------------------------------

[29-Jun-2026 11:38:20] F697059
Type: Validation error
Error: Validation failed: 0 errors, 1 warnings (0 acknowledged, 1 new)
ID: Ingestion:ValidationFailed
Location: BatchUploader.uploadSurvey (line 376)
Validation Details:
  Errors: 0
  Warnings: 1
  Details:
    - [WARNING] NUMCALF: NUMCALF (1) is more than half of NUMBER (1) - verify count (rows 3, EVENTNO=3)
--------------------------------------------------------------------------------

[29-Jun-2026 11:38:21] F697086
Type: Validation error
Error: Validation failed: 0 errors, 1 warnings (0 acknowledged, 1 new)
ID: Ingestion:ValidationFailed
Location: BatchUploader.uploadSurvey (line 376)
Validation Details:
  Errors: 0
  Warnings: 1
  Details:
    - [WARNING] NUMCALF: NUMCALF (2) is more than half of NUMBER (3) - verify count (rows 92, EVENTNO=82)
--------------------------------------------------------------------------------

[29-Jun-2026 11:38:22] F697344
Type: Validation error
Error: Validation failed: 0 errors, 1 warnings (0 acknowledged, 1 new)
ID: Ingestion:ValidationFailed
Location: BatchUploader.uploadSurvey (line 376)
Validation Details:
  Errors: 0
  Warnings: 1
  Details:
    - [WARNING] NUMCALF: NUMCALF (1) is more than half of NUMBER (1) - verify count (rows 20, EVENTNO=16)
--------------------------------------------------------------------------------

[29-Jun-2026 11:38:23] F697352
Type: Validation error
Error: Validation failed: 0 errors, 1 warnings (0 acknowledged, 1 new)
ID: Ingestion:ValidationFailed
Location: BatchUploader.uploadSurvey (line 376)
Validation Details:
  Errors: 0
  Warnings: 1
  Details:
    - [WARNING] BEHAV: Calf-associated behavior(s) [42 40] recorded but no calf present (rows 19, EVENTNO=15)
--------------------------------------------------------------------------------

[29-Jun-2026 11:38:23] F698002
Type: Validation error
Error: Validation failed: 0 errors, 1 warnings (0 acknowledged, 1 new)
ID: Ingestion:ValidationFailed
Location: BatchUploader.uploadSurvey (line 376)
Validation Details:
  Errors: 0
  Warnings: 1
  Details:
    - [WARNING] NUMCALF: NUMCALF (1) is more than half of NUMBER (1) - verify count (rows 86, EVENTNO=90)
--------------------------------------------------------------------------------

[29-Jun-2026 11:38:24] F698010
Type: Validation error
Error: Validation failed: 0 errors, 1 warnings (0 acknowledged, 1 new)
ID: Ingestion:ValidationFailed
Location: BatchUploader.uploadSurvey (line 376)
Validation Details:
  Errors: 0
  Warnings: 1
  Details:
    - [WARNING] NUMCALF: NUMCALF (1) is more than half of NUMBER (1) - verify count (rows 96, EVENTNO=92)
--------------------------------------------------------------------------------

[29-Jun-2026 11:38:25] F698012
Type: Validation error
Error: Validation failed: 0 errors, 2 warnings (0 acknowledged, 2 new)
ID: Ingestion:ValidationFailed
Location: BatchUploader.uploadSurvey (line 376)
Validation Details:
  Errors: 0
  Warnings: 2
  Details:
    - [WARNING] NUMCALF: NUMCALF (1) is more than half of NUMBER (1) - verify count (rows 90, EVENTNO=87)
    - [WARNING] NUMCALF: NUMCALF (1) is more than half of NUMBER (1) - verify count (rows 121, EVENTNO=118)
--------------------------------------------------------------------------------

[29-Jun-2026 11:38:25] F698020
Type: Validation error
Error: Validation failed: 0 errors, 1 warnings (0 acknowledged, 1 new)
ID: Ingestion:ValidationFailed
Location: BatchUploader.uploadSurvey (line 376)
Validation Details:
  Errors: 0
  Warnings: 1
  Details:
    - [WARNING] NUMCALF: NUMCALF (1) is more than half of NUMBER (1) - verify count (rows 28, EVENTNO=26)
--------------------------------------------------------------------------------

[29-Jun-2026 11:38:26] F698030
Type: Validation error
Error: Validation failed: 0 errors, 1 warnings (0 acknowledged, 1 new)
ID: Ingestion:ValidationFailed
Location: BatchUploader.uploadSurvey (line 376)
Validation Details:
  Errors: 0
  Warnings: 1
  Details:
    - [WARNING] BEHAV: Calf-associated behavior(s) 40 recorded but no calf present (rows 64, EVENTNO=61)
--------------------------------------------------------------------------------

[29-Jun-2026 11:38:27] F698355
Type: Validation error
Error: Validation failed: 0 errors, 1 warnings (0 acknowledged, 1 new)
ID: Ingestion:ValidationFailed
Location: BatchUploader.uploadSurvey (line 376)
Validation Details:
  Errors: 0
  Warnings: 1
  Details:
    - [WARNING] NUMCALF: NUMCALF (1) is more than half of NUMBER (1) - verify count (rows 132, EVENTNO=74)
--------------------------------------------------------------------------------

[29-Jun-2026 11:38:28] F699034
Type: Validation error
Error: Validation failed: 0 errors, 1 warnings (0 acknowledged, 1 new)
ID: Ingestion:ValidationFailed
Location: BatchUploader.uploadSurvey (line 376)
Validation Details:
  Errors: 0
  Warnings: 1
  Details:
    - [WARNING] NUMCALF: NUMCALF (1) is more than half of NUMBER (1) - verify count (rows 125, EVENTNO=79)
--------------------------------------------------------------------------------

[29-Jun-2026 11:38:29] F699041
Type: Validation error
Error: Validation failed: 0 errors, 1 warnings (0 acknowledged, 1 new)
ID: Ingestion:ValidationFailed
Location: BatchUploader.uploadSurvey (line 376)
Validation Details:
  Errors: 0
  Warnings: 1
  Details:
    - [WARNING] NUMCALF: NUMCALF (1) is more than half of NUMBER (1) - verify count (rows 266, EVENTNO=166)
--------------------------------------------------------------------------------

[29-Jun-2026 11:38:30] F699065
Type: Validation error
Error: Validation failed: 0 errors, 1 warnings (0 acknowledged, 1 new)
ID: Ingestion:ValidationFailed
Location: BatchUploader.uploadSurvey (line 376)
Validation Details:
  Errors: 0
  Warnings: 1
  Details:
    - [WARNING] NUMCALF: NUMCALF (1) is more than half of NUMBER (1) - verify count (rows 5, EVENTNO=4)
--------------------------------------------------------------------------------

[29-Jun-2026 11:38:31] F794362
Type: Validation error
Error: Validation failed: 0 errors, 1 warnings (0 acknowledged, 1 new)
ID: Ingestion:ValidationFailed
Location: BatchUploader.uploadSurvey (line 376)
Validation Details:
  Errors: 0
  Warnings: 1
  Details:
    - [WARNING] NUMCALF: NUMCALF (1) is more than half of NUMBER (1) - verify count (rows 86, EVENTNO=76)
--------------------------------------------------------------------------------

[29-Jun-2026 11:38:32] F796050
Type: Validation error
Error: Validation failed: 0 errors, 3 warnings (0 acknowledged, 3 new)
ID: Ingestion:ValidationFailed
Location: BatchUploader.uploadSurvey (line 376)
Validation Details:
  Errors: 0
  Warnings: 3
  Details:
    - [WARNING] NUMCALF: NUMCALF (1) is more than half of NUMBER (1) - verify count (rows 24, EVENTNO=23)
    - [WARNING] NUMCALF: NUMCALF (1) is more than half of NUMBER (1) - verify count (rows 449, EVENTNO=436)
    - [WARNING] BEHAV: Calf-associated behavior(s) 40 recorded but no calf present (rows 460, EVENTNO=447)
--------------------------------------------------------------------------------

[29-Jun-2026 11:38:33] F798010
Type: Validation error
Error: Validation failed: 0 errors, 1 warnings (0 acknowledged, 1 new)
ID: Ingestion:ValidationFailed
Location: BatchUploader.uploadSurvey (line 376)
Validation Details:
  Errors: 0
  Warnings: 1
  Details:
    - [WARNING] NUMCALF: NUMCALF (1) is more than half of NUMBER (1) - verify count (rows 105, EVENTNO=24853)
--------------------------------------------------------------------------------

[29-Jun-2026 11:38:34] F798012
Type: Validation error
Error: Validation failed: 0 errors, 1 warnings (0 acknowledged, 1 new)
ID: Ingestion:ValidationFailed
Location: BatchUploader.uploadSurvey (line 376)
Validation Details:
  Errors: 0
  Warnings: 1
  Details:
    - [WARNING] NUMCALF: NUMCALF (2) is more than half of NUMBER (3) - verify count (rows 373, EVENTNO=27185)
--------------------------------------------------------------------------------

[29-Jun-2026 11:38:35] F799043
Type: Validation error
Error: Validation failed: 0 errors, 1 warnings (0 acknowledged, 1 new)
ID: Ingestion:ValidationFailed
Location: BatchUploader.uploadSurvey (line 376)
Validation Details:
  Errors: 0
  Warnings: 1
  Details:
    - [WARNING] NUMCALF: NUMCALF (1) is more than half of NUMBER (1) - verify count (rows 70, EVENTNO=67)
--------------------------------------------------------------------------------

[29-Jun-2026 11:38:36] F799047
Type: Validation error
Error: Validation failed: 0 errors, 1 warnings (0 acknowledged, 1 new)
ID: Ingestion:ValidationFailed
Location: BatchUploader.uploadSurvey (line 376)
Validation Details:
  Errors: 0
  Warnings: 1
  Details:
    - [WARNING] NUMCALF: NUMCALF=1 for non-mammal species (TAXCODE=5) (rows 83, EVENTNO=69)
--------------------------------------------------------------------------------

[29-Jun-2026 11:38:36] F799057
Type: Validation error
Error: Validation failed: 0 errors, 1 warnings (0 acknowledged, 1 new)
ID: Ingestion:ValidationFailed
Location: BatchUploader.uploadSurvey (line 376)
Validation Details:
  Errors: 0
  Warnings: 1
  Details:
    - [WARNING] NUMCALF: NUMCALF (2) is more than half of NUMBER (3) - verify count (rows 91, EVENTNO=86)
--------------------------------------------------------------------------------

[29-Jun-2026 11:38:42] F995195G
Type: Validation error
Error: Validation failed: 0 errors, 1 warnings (0 acknowledged, 1 new)
ID: Ingestion:ValidationFailed
Location: BatchUploader.uploadSurvey (line 376)
Validation Details:
  Errors: 0
  Warnings: 1
  Details:
    - [WARNING] NUMBER: NUMBER=45 exceeds threshold 20 for SPECCODE=LOTU (source: TAXCODE 5 default). Verify count. (rows 4247, EVENTNO=4255)
--------------------------------------------------------------------------------

[29-Jun-2026 11:38:43] G178356
Type: Validation error
Error: Validation failed: 0 errors, 1 warnings (0 acknowledged, 1 new)
ID: Ingestion:ValidationFailed
Location: BatchUploader.uploadSurvey (line 376)
Validation Details:
  Errors: 0
  Warnings: 1
  Details:
    - [WARNING] BEHAV: Calf-associated behavior(s) 40 recorded but no calf present (rows 51, EVENTNO=510)
--------------------------------------------------------------------------------

[29-Jun-2026 11:38:43] H063441
Type: Validation error
Error: Validation failed: 1 errors, 0 warnings (0 acknowledged, 0 new)
ID: Ingestion:ValidationFailed
Location: BatchUploader.uploadSurvey (line 376)
Validation Details:
  Errors: 1
  Warnings: 0
  Details:
    - [ERROR] YEAR: YEAR outside valid range [1970, 2027] (rows [1;2;3;4;5;6;7;8;9;10;11;12])
--------------------------------------------------------------------------------

[29-Jun-2026 11:38:44] H066139
Type: Validation error
Error: Validation failed: 1 errors, 0 warnings (0 acknowledged, 0 new)
ID: Ingestion:ValidationFailed
Location: BatchUploader.uploadSurvey (line 376)
Validation Details:
  Errors: 1
  Warnings: 0
  Details:
    - [ERROR] YEAR: YEAR outside valid range [1970, 2027] (rows [1;2;3;4;5;6;7])
--------------------------------------------------------------------------------

[29-Jun-2026 11:38:44] H066259
Type: Validation error
Error: Validation failed: 1 errors, 0 warnings (0 acknowledged, 0 new)
ID: Ingestion:ValidationFailed
Location: BatchUploader.uploadSurvey (line 376)
Validation Details:
  Errors: 1
  Warnings: 0
  Details:
    - [ERROR] YEAR: YEAR outside valid range [1970, 2027] (rows [1;2;3;4;5;6])
--------------------------------------------------------------------------------

[29-Jun-2026 11:38:45] H066401
Type: Validation error
Error: Validation failed: 1 errors, 0 warnings (0 acknowledged, 0 new)
ID: Ingestion:ValidationFailed
Location: BatchUploader.uploadSurvey (line 376)
Validation Details:
  Errors: 1
  Warnings: 0
  Details:
    - [ERROR] YEAR: YEAR outside valid range [1970, 2027] (rows [1;2;3;4;5;6;7;8;9;10;11;12;13;14;15;16;17;18;19;20;21;22;23;24;25;26;27;28;29;30;31;32;33;34;35;36;37;38;39;40;41;42;43;44;45;46;47;48;49;50;51;52;53;54;55;56;57;58;59;60;61;62;63;64;65;66;67;68;69;70;71;72;73;74;75;76;77;78;79;80;81;82;83;84;85;86;87;88;89;90;91;92;93;94;95;96;97;98;99;100;101;102;103;104;105;106;107;108;109;110;111;112;113;114;115;116;117;118;119;120;121;122;123;124;125;126;127;128;129;130;131;132;133;134;135;136;137;138;139;140;141])
--------------------------------------------------------------------------------

[29-Jun-2026 11:38:46] H066402
Type: Validation error
Error: Validation failed: 1 errors, 2 warnings (0 acknowledged, 2 new)
ID: Ingestion:ValidationFailed
Location: BatchUploader.uploadSurvey (line 376)
Validation Details:
  Errors: 1
  Warnings: 2
  Details:
    - [ERROR] YEAR: YEAR outside valid range [1970, 2027] (rows [1;2;3;4;5;6;7;8;9;10;11;12;13;14;15;16;17;18;19;20;21;22;23;24;25;26;27;28;29;30;31;32])
    - [WARNING] LAT_DD: Latitude outside typical survey area [20.0, 55.0] (rows 22, EVENTNO=380)
    - [WARNING] LAT_DD: Latitude outside typical survey area [20.0, 55.0] (rows 23, EVENTNO=390)
--------------------------------------------------------------------------------

[29-Jun-2026 11:38:46] H067107
Type: Validation error
Error: Validation failed: 1 errors, 0 warnings (0 acknowledged, 0 new)
ID: Ingestion:ValidationFailed
Location: BatchUploader.uploadSurvey (line 376)
Validation Details:
  Errors: 1
  Warnings: 0
  Details:
    - [ERROR] YEAR: YEAR outside valid range [1970, 2027] (rows [1;2;3;4;5;6;7;8;9;10;11;12;13;14;15;16;17;18;19])
--------------------------------------------------------------------------------

[29-Jun-2026 11:38:47] H067256
Type: Validation error
Error: Validation failed: 1 errors, 0 warnings (0 acknowledged, 0 new)
ID: Ingestion:ValidationFailed
Location: BatchUploader.uploadSurvey (line 376)
Validation Details:
  Errors: 1
  Warnings: 0
  Details:
    - [ERROR] YEAR: YEAR outside valid range [1970, 2027] (rows [1;2;3])
--------------------------------------------------------------------------------

[29-Jun-2026 11:38:47] H067401
Type: Validation error
Error: Validation failed: 1 errors, 0 warnings (0 acknowledged, 0 new)
ID: Ingestion:ValidationFailed
Location: BatchUploader.uploadSurvey (line 376)
Validation Details:
  Errors: 1
  Warnings: 0
  Details:
    - [ERROR] YEAR: YEAR outside valid range [1970, 2027] (rows [1;2;3;4;5;6;7;8;9;10;11;12;13;14;15;16;17;18;19;20;21;22;23;24;25;26;27;28;29;30;31;32;33;34;35;36;37;38;39;40;41;42;43;44;45;46;47;48;49;50;51;52;53;54;55;56;57;58;59;60;61;62;63;64;65;66;67;68;69;70;71;72;73;74;75;76;77;78;79;80;81;82;83;84;85;86;87;88;89;90;91;92;93;94;95;96;97;98;99;100;101;102;103;104;105;106;107;108;109;110;111;112;113;114;115;116;117;118;119;120;121;122;123;124;125;126;127;128;129;130;131;132;133;134;135;136;137;138;139;140;141;142;143])
--------------------------------------------------------------------------------

[29-Jun-2026 11:38:48] H067402
Type: Validation error
Error: Validation failed: 1 errors, 2 warnings (0 acknowledged, 2 new)
ID: Ingestion:ValidationFailed
Location: BatchUploader.uploadSurvey (line 376)
Validation Details:
  Errors: 1
  Warnings: 2
  Details:
    - [ERROR] YEAR: YEAR outside valid range [1970, 2027] (rows [1;2;3;4;5;6;7;8;9;10;11;12;13;14;15;16;17;18;19;20;21;22;23;24;25;26;27;28;29;30;31;32;33;34;35;36;37;38;39;40;41;42;43;44;45;46;47;48;49;50;51;52;53;54;55;56;57;58;59;60;61;62;63;64;65;66;67;68;69;70;71;72;73;74;75;76;77;78;79;80;81;82;83;84;85;86;87;88;89;90;91;92;93;94;95;96;97;98;99;100;101;102;103;104;105;106;107;108;109;110;111;112;113;114;115;116;117;118;119;120;121;122;123;124;125;126;127;128;129;130;131;132;133;134;135;136;137;138;139;140;141;142;143;144;145;146;147;148;149;150;151;152;153;154;155;156;157;158;159;160;161])
    - [WARNING] NUMBER: NUMBER=200 exceeds threshold 20 for SPECCODE=UNTU (source: TAXCODE 5 default). Verify count. (rows 109, EVENTNO=1260)
    - [WARNING] NUMBER: NUMBER=30 exceeds threshold 20 for SPECCODE=UNTU (source: TAXCODE 5 default). Verify count. (rows 110, EVENTNO=1270)
--------------------------------------------------------------------------------

[29-Jun-2026 11:38:48] H067442
Type: Validation error
Error: Validation failed: 1 errors, 0 warnings (0 acknowledged, 0 new)
ID: Ingestion:ValidationFailed
Location: BatchUploader.uploadSurvey (line 376)
Validation Details:
  Errors: 1
  Warnings: 0
  Details:
    - [ERROR] YEAR: YEAR outside valid range [1970, 2027] (rows [1;2;3;4;5;6;7;8;9;10;11;12;13;14;15;16;17;18;19;20;21;22;23;24;25])
--------------------------------------------------------------------------------

[29-Jun-2026 11:38:49] H067502
Type: Validation error
Error: Validation failed: 1 errors, 0 warnings (0 acknowledged, 0 new)
ID: Ingestion:ValidationFailed
Location: BatchUploader.uploadSurvey (line 376)
Validation Details:
  Errors: 1
  Warnings: 0
  Details:
    - [ERROR] YEAR: YEAR outside valid range [1970, 2027] (rows 1)
--------------------------------------------------------------------------------

[29-Jun-2026 11:38:49] H068113
Type: Validation error
Error: Validation failed: 1 errors, 0 warnings (0 acknowledged, 0 new)
ID: Ingestion:ValidationFailed
Location: BatchUploader.uploadSurvey (line 376)
Validation Details:
  Errors: 1
  Warnings: 0
  Details:
    - [ERROR] YEAR: YEAR outside valid range [1970, 2027] (rows [1;2])
--------------------------------------------------------------------------------

[29-Jun-2026 11:38:50] H068401
Type: Validation error
Error: Validation failed: 1 errors, 0 warnings (0 acknowledged, 0 new)
ID: Ingestion:ValidationFailed
Location: BatchUploader.uploadSurvey (line 376)
Validation Details:
  Errors: 1
  Warnings: 0
  Details:
    - [ERROR] YEAR: YEAR outside valid range [1970, 2027] (rows [1;2;3;4;5;6;7;8;9;10;11;12;13;14;15;16;17;18;19;20;21;22;23;24;25;26;27;28;29;30;31;32;33;34;35;36;37;38;39;40;41;42])
--------------------------------------------------------------------------------

[29-Jun-2026 11:38:50] H068402
Type: Validation error
Error: Validation failed: 1 errors, 0 warnings (0 acknowledged, 0 new)
ID: Ingestion:ValidationFailed
Location: BatchUploader.uploadSurvey (line 376)
Validation Details:
  Errors: 1
  Warnings: 0
  Details:
    - [ERROR] YEAR: YEAR outside valid range [1970, 2027] (rows [1;2;3;4;5;6;7;8;9;10;11;12;13;14;15;16;17;18;19;20;21;22;23;24;25;26;27;28;29;30;31;32;33;34;35;36;37;38;39;40;41;42;43;44;45;46;47;48;49;50;51;52;53;54;55;56;57;58;59;60;61;62;63;64;65;66;67;68;69;70;71;72;73;74;75;76;77;78;79;80;81;82;83;84;85;86;87;88;89;90;91;92;93;94;95;96;97;98;99;100;101;102;103;104;105;106;107;108;109;110;111;112;113;114;115;116;117])
--------------------------------------------------------------------------------

[29-Jun-2026 11:38:51] H068442
Type: Validation error
Error: Validation failed: 1 errors, 0 warnings (0 acknowledged, 0 new)
ID: Ingestion:ValidationFailed
Location: BatchUploader.uploadSurvey (line 376)
Validation Details:
  Errors: 1
  Warnings: 0
  Details:
    - [ERROR] YEAR: YEAR outside valid range [1970, 2027] (rows [1;2;3;4;5;6;7;8;9;10;11;12;13;14])
--------------------------------------------------------------------------------

[29-Jun-2026 11:38:51] H068443
Type: Validation error
Error: Validation failed: 1 errors, 0 warnings (0 acknowledged, 0 new)
ID: Ingestion:ValidationFailed
Location: BatchUploader.uploadSurvey (line 376)
Validation Details:
  Errors: 1
  Warnings: 0
  Details:
    - [ERROR] YEAR: YEAR outside valid range [1970, 2027] (rows [1;2;3;4;5;6;7;8;9;10;11;12;13])
--------------------------------------------------------------------------------

[29-Jun-2026 11:38:52] H068444
Type: Validation error
Error: Validation failed: 1 errors, 1 warnings (0 acknowledged, 1 new)
ID: Ingestion:ValidationFailed
Location: BatchUploader.uploadSurvey (line 376)
Validation Details:
  Errors: 1
  Warnings: 1
  Details:
    - [ERROR] YEAR: YEAR outside valid range [1970, 2027] (rows [1;2;3;4;5;6;7;8;9;10;11;12;13;14;15;16;17;18;19;20;21;22;23;24;25;26;27;28;29;30;31;32;33;34;35;36;37;38;39;40;41;42;43;44;45;46;47;48;49;50;51;52;53;54;55;56;57;58;59;60;61;62;63;64;65;66;67;68;69;70;71;72;73;74;75;76;77;78;79;80;81;82;83;84;85;86;87;88;89;90;91;92;93;94;95;96;97;98;99;100;101;102;103;104;105;106;107;108;109;110;111;112;113;114])
    - [WARNING] BEHAV: Calf-associated behavior(s) 40 recorded but no calf present (rows 93, EVENTNO=670)
--------------------------------------------------------------------------------

[29-Jun-2026 11:38:52] H068452
Type: Validation error
Error: Validation failed: 1 errors, 21 warnings (0 acknowledged, 21 new)
ID: Ingestion:ValidationFailed
Location: BatchUploader.uploadSurvey (line 376)
Validation Details:
  Errors: 1
  Warnings: 21
  Details:
    - [ERROR] YEAR: YEAR outside valid range [1970, 2027] (rows [1;2;3;4;5;6;7;8;9;10;11;12;13;14;15;16;17;18;19;20;21;22;23;24;25;26;27;28;29;30;31;32;33;34;35])
    - [WARNING] LAT_DD: Latitude outside typical survey area [20.0, 55.0] (rows 3, EVENTNO=20)
    - [WARNING] LAT_DD: Latitude outside typical survey area [20.0, 55.0] (rows 4, EVENTNO=30)
    - [WARNING] LAT_DD: Latitude outside typical survey area [20.0, 55.0] (rows 5, EVENTNO=40)
    - [WARNING] LAT_DD: Latitude outside typical survey area [20.0, 55.0] (rows 6, EVENTNO=50)
    - [WARNING] LAT_DD: Latitude outside typical survey area [20.0, 55.0] (rows 7, EVENTNO=60)
    - [WARNING] LAT_DD: Latitude outside typical survey area [20.0, 55.0] (rows 8, EVENTNO=70)
    - [WARNING] LAT_DD: Latitude outside typical survey area [20.0, 55.0] (rows 9, EVENTNO=80)
    - [WARNING] LAT_DD: Latitude outside typical survey area [20.0, 55.0] (rows 10, EVENTNO=90)
    - [WARNING] LAT_DD: Latitude outside typical survey area [20.0, 55.0] (rows 11, EVENTNO=100)
    - [WARNING] LAT_DD: Latitude outside typical survey area [20.0, 55.0] (rows 12, EVENTNO=110)
    - [WARNING] LAT_DD: Latitude outside typical survey area [20.0, 55.0] (rows 13, EVENTNO=120)
    - [WARNING] LAT_DD: Latitude outside typical survey area [20.0, 55.0] (rows 14, EVENTNO=130)
    - [WARNING] LAT_DD: Latitude outside typical survey area [20.0, 55.0] (rows 15, EVENTNO=140)
    - [WARNING] LAT_DD: Latitude outside typical survey area [20.0, 55.0] (rows 16, EVENTNO=150)
    - [WARNING] LAT_DD: Latitude outside typical survey area [20.0, 55.0] (rows 17, EVENTNO=160)
    - [WARNING] LAT_DD: Latitude outside typical survey area [20.0, 55.0] (rows 18, EVENTNO=170)
    - [WARNING] LAT_DD: Latitude outside typical survey area [20.0, 55.0] (rows 19, EVENTNO=180)
    - [WARNING] LAT_DD: Latitude outside typical survey area [20.0, 55.0] (rows 20, EVENTNO=190)
    - [WARNING] LAT_DD: Latitude outside typical survey area [20.0, 55.0] (rows 21, EVENTNO=200)
    - [WARNING] LAT_DD: Latitude outside typical survey area [20.0, 55.0] (rows 22, EVENTNO=210)
    - [WARNING] LAT_DD: Latitude outside typical survey area [20.0, 55.0] (rows 23, EVENTNO=220)
--------------------------------------------------------------------------------

[29-Jun-2026 11:38:53] H068501
Type: Validation error
Error: Validation failed: 2 errors, 50 warnings (0 acknowledged, 50 new)
ID: Ingestion:ValidationFailed
Location: BatchUploader.uploadSurvey (line 376)
Validation Details:
  Errors: 2
  Warnings: 50
  Details:
    - [ERROR] DAY: Required field DAY cannot be NULL or empty (rows 29)
    - [ERROR] YEAR: YEAR outside valid range [1970, 2027] (rows [1;2;3;4;5;6;7;8;9;10;11;12;13;14;15;16;17;18;19;20;21;22;23;24;25;26;27;28;29;30;31;32;33;34;35;36;37;38;39;40;41;42;43;44;45;46;47;48;49;50;51;52;53;54;55;56;57;58;59;60;61;62;63;64;65;66;67;68;69;70;71;72;73;74;75;76;77;78;79;80;81;82;83;84;85;86;87;88;89;90;91;92;93;94;95])
    - [WARNING] LAT_DD: Latitude outside typical survey area [20.0, 55.0] (rows 25, EVENTNO=190)
    - [WARNING] LAT_DD: Latitude outside typical survey area [20.0, 55.0] (rows 26, EVENTNO=200)
    - [WARNING] LAT_DD: Latitude outside typical survey area [20.0, 55.0] (rows 30, EVENTNO=240)
    - [WARNING] LAT_DD: Latitude outside typical survey area [20.0, 55.0] (rows 31, EVENTNO=250)
    - [WARNING] LAT_DD: Latitude outside typical survey area [20.0, 55.0] (rows 32, EVENTNO=260)
    - [WARNING] LAT_DD: Latitude outside typical survey area [20.0, 55.0] (rows 49, EVENTNO=390)
    - [WARNING] LAT_DD: Latitude outside typical survey area [20.0, 55.0] (rows 50, EVENTNO=400)
    - [WARNING] LAT_DD: Latitude outside typical survey area [20.0, 55.0] (rows 51, EVENTNO=410)
    - [WARNING] LAT_DD: Latitude outside typical survey area [20.0, 55.0] (rows 54, EVENTNO=430)
    - [WARNING] LAT_DD: Latitude outside typical survey area [20.0, 55.0] (rows 60, EVENTNO=480)
    - [WARNING] LAT_DD: Latitude outside typical survey area [20.0, 55.0] (rows 62, EVENTNO=500)
    - [WARNING] LAT_DD: Latitude outside typical survey area [20.0, 55.0] (rows 64, EVENTNO=520)
    - [WARNING] LAT_DD: Latitude outside typical survey area [20.0, 55.0] (rows 65, EVENTNO=530)
    - [WARNING] LAT_DD: Latitude outside typical survey area [20.0, 55.0] (rows 66, EVENTNO=540)
    - [WARNING] LAT_DD: Latitude outside typical survey area [20.0, 55.0] (rows 67, EVENTNO=550)
    - [WARNING] LAT_DD: Latitude outside typical survey area [20.0, 55.0] (rows 68, EVENTNO=560)
    - [WARNING] LAT_DD: Latitude outside typical survey area [20.0, 55.0] (rows 69, EVENTNO=570)
    - [WARNING] LAT_DD: Latitude outside typical survey area [20.0, 55.0] (rows 70, EVENTNO=580)
    - [WARNING] LAT_DD: Latitude outside typical survey area [20.0, 55.0] (rows 71, EVENTNO=590)
    - [WARNING] LAT_DD: Latitude outside typical survey area [20.0, 55.0] (rows 72, EVENTNO=600)
    - [WARNING] LONG_DD: Longitude outside typical survey area [-85.0, -40.0] (rows 1, EVENTNO=10)
    - [WARNING] LONG_DD: Longitude outside typical survey area [-85.0, -40.0] (rows 2, EVENTNO=10)
    - [WARNING] LONG_DD: Longitude outside typical survey area [-85.0, -40.0] (rows 5, EVENTNO=40)
    - [WARNING] LONG_DD: Longitude outside typical survey area [-85.0, -40.0] (rows 15, EVENTNO=110)
    - [WARNING] LONG_DD: Longitude outside typical survey area [-85.0, -40.0] (rows 16, EVENTNO=110)
    - [WARNING] LONG_DD: Longitude outside typical survey area [-85.0, -40.0] (rows 24, EVENTNO=180)
    - [WARNING] LONG_DD: Longitude outside typical survey area [-85.0, -40.0] (rows 26, EVENTNO=200)
    - [WARNING] LONG_DD: Longitude outside typical survey area [-85.0, -40.0] (rows 28, EVENTNO=220)
    - [WARNING] LONG_DD: Longitude outside typical survey area [-85.0, -40.0] (rows 30, EVENTNO=240)
    - [WARNING] LONG_DD: Longitude outside typical survey area [-85.0, -40.0] (rows 31, EVENTNO=250)
    - [WARNING] LONG_DD: Longitude outside typical survey area [-85.0, -40.0] (rows 32, EVENTNO=260)
    - [WARNING] LONG_DD: Longitude outside typical survey area [-85.0, -40.0] (rows 49, EVENTNO=390)
    - [WARNING] LONG_DD: Longitude outside typical survey area [-85.0, -40.0] (rows 50, EVENTNO=400)
    - [WARNING] LONG_DD: Longitude outside typical survey area [-85.0, -40.0] (rows 51, EVENTNO=410)
    - [WARNING] LONG_DD: Longitude outside typical survey area [-85.0, -40.0] (rows 54, EVENTNO=430)
    - [WARNING] LONG_DD: Longitude outside typical survey area [-85.0, -40.0] (rows 57, EVENTNO=450)
    - [WARNING] LONG_DD: Longitude outside typical survey area [-85.0, -40.0] (rows 58, EVENTNO=460)
    - [WARNING] LONG_DD: Longitude outside typical survey area [-85.0, -40.0] (rows 60, EVENTNO=480)
    - [WARNING] LONG_DD: Longitude outside typical survey area [-85.0, -40.0] (rows 62, EVENTNO=500)
    - [WARNING] LONG_DD: Longitude outside typical survey area [-85.0, -40.0] (rows 63, EVENTNO=510)
    - [WARNING] LONG_DD: Longitude outside typical survey area [-85.0, -40.0] (rows 64, EVENTNO=520)
    - [WARNING] LONG_DD: Longitude outside typical survey area [-85.0, -40.0] (rows 65, EVENTNO=530)
    - [WARNING] LONG_DD: Longitude outside typical survey area [-85.0, -40.0] (rows 66, EVENTNO=540)
    - [WARNING] LONG_DD: Longitude outside typical survey area [-85.0, -40.0] (rows 67, EVENTNO=550)
    - [WARNING] LONG_DD: Longitude outside typical survey area [-85.0, -40.0] (rows 68, EVENTNO=560)
    - [WARNING] LONG_DD: Longitude outside typical survey area [-85.0, -40.0] (rows 69, EVENTNO=570)
    - [WARNING] LONG_DD: Longitude outside typical survey area [-85.0, -40.0] (rows 73, EVENTNO=610)
    - [WARNING] LONG_DD: Longitude outside typical survey area [-85.0, -40.0] (rows 74, EVENTNO=620)
    - [WARNING] LONG_DD: Longitude outside typical survey area [-85.0, -40.0] (rows 82, EVENTNO=680)
    - [WARNING] LONG_DD: Longitude outside typical survey area [-85.0, -40.0] (rows 92, EVENTNO=780)
--------------------------------------------------------------------------------

[29-Jun-2026 11:38:53] H068502
Type: Validation error
Error: Validation failed: 1 errors, 3 warnings (0 acknowledged, 3 new)
ID: Ingestion:ValidationFailed
Location: BatchUploader.uploadSurvey (line 376)
Validation Details:
  Errors: 1
  Warnings: 3
  Details:
    - [ERROR] YEAR: YEAR outside valid range [1970, 2027] (rows [1;2;3;4;5;6;7;8;9;10;11;12;13;14;15;16;17;18;19;20;21])
    - [WARNING] LONG_DD: Longitude outside typical survey area [-85.0, -40.0] (rows 6, EVENTNO=60)
    - [WARNING] LONG_DD: Longitude outside typical survey area [-85.0, -40.0] (rows 7, EVENTNO=70)
    - [WARNING] LONG_DD: Longitude outside typical survey area [-85.0, -40.0] (rows 17, EVENTNO=170)
--------------------------------------------------------------------------------

[29-Jun-2026 11:38:54] H069401
Type: Validation error
Error: Validation failed: 1 errors, 2 warnings (0 acknowledged, 2 new)
ID: Ingestion:ValidationFailed
Location: BatchUploader.uploadSurvey (line 376)
Validation Details:
  Errors: 1
  Warnings: 2
  Details:
    - [ERROR] YEAR: YEAR outside valid range [1970, 2027] (rows [1;2;3;4;5;6;7;8;9;10;11;12;13;14;15;16;17;18;19;20;21;22;23;24;25;26;27;28;29;30;31;32;33;34;35;36;37;38;39;40;41;42;43;44;45;46;47;48;49;50;51;52;53])
    - [WARNING] LAT_DD: Latitude outside typical survey area [20.0, 55.0] (rows 51, EVENTNO=710)
    - [WARNING] LAT_DD: Latitude outside typical survey area [20.0, 55.0] (rows 52, EVENTNO=720)
--------------------------------------------------------------------------------

[29-Jun-2026 11:38:55] H069442
Type: Validation error
Error: Validation failed: 1 errors, 4 warnings (0 acknowledged, 4 new)
ID: Ingestion:ValidationFailed
Location: BatchUploader.uploadSurvey (line 376)
Validation Details:
  Errors: 1
  Warnings: 4
  Details:
    - [ERROR] YEAR: YEAR outside valid range [1970, 2027] (rows [1;2;3;4;5;6;7;8;9;10;11;12;13;14;15;16;17;18;19;20;21;22;23;24;25;26;27;28;29;30;31;32;33;34;35;36;37;38;39;40;41])
    - [WARNING] BEHAV: Calf-associated behavior(s) 40 recorded but no calf present (rows 12, EVENTNO=100)
    - [WARNING] BEHAV: Calf-associated behavior(s) 40 recorded but no calf present (rows 15, EVENTNO=130)
    - [WARNING] BEHAV: Calf-associated behavior(s) 40 recorded but no calf present (rows 31, EVENTNO=290)
    - [WARNING] BEHAV: Calf-associated behavior(s) 40 recorded but no calf present (rows 36, EVENTNO=330)
--------------------------------------------------------------------------------

[29-Jun-2026 11:38:55] H069451
Type: Validation error
Error: Validation failed: 1 errors, 8 warnings (0 acknowledged, 8 new)
ID: Ingestion:ValidationFailed
Location: BatchUploader.uploadSurvey (line 376)
Validation Details:
  Errors: 1
  Warnings: 8
  Details:
    - [ERROR] YEAR: YEAR outside valid range [1970, 2027] (rows [1;2;3;4;5;6])
    - [WARNING] LAT_DD: Latitude outside typical survey area [20.0, 55.0] (rows 1, EVENTNO=10)
    - [WARNING] LAT_DD: Latitude outside typical survey area [20.0, 55.0] (rows 2, EVENTNO=20)
    - [WARNING] LAT_DD: Latitude outside typical survey area [20.0, 55.0] (rows 3, EVENTNO=30)
    - [WARNING] LAT_DD: Latitude outside typical survey area [20.0, 55.0] (rows 4, EVENTNO=40)
    - [WARNING] LAT_DD: Latitude outside typical survey area [20.0, 55.0] (rows 5, EVENTNO=50)
    - [WARNING] LAT_DD: Latitude outside typical survey area [20.0, 55.0] (rows 6, EVENTNO=60)
    - [WARNING] LONG_DD: Longitude outside typical survey area [-85.0, -40.0] (rows 1, EVENTNO=10)
    - [WARNING] LONG_DD: Longitude outside typical survey area [-85.0, -40.0] (rows 2, EVENTNO=20)
--------------------------------------------------------------------------------

[29-Jun-2026 11:38:56] H069501
Type: Validation error
Error: Validation failed: 1 errors, 6 warnings (0 acknowledged, 6 new)
ID: Ingestion:ValidationFailed
Location: BatchUploader.uploadSurvey (line 376)
Validation Details:
  Errors: 1
  Warnings: 6
  Details:
    - [ERROR] YEAR: YEAR outside valid range [1970, 2027] (rows [1;2;3;4;5;6;7;8;9;10;11;12;13;14;15;16;17;18;19;20;21;22;23;24;25;26;27;28;29;30;31])
    - [WARNING] LONG_DD: Longitude outside typical survey area [-85.0, -40.0] (rows 1, EVENTNO=10)
    - [WARNING] LONG_DD: Longitude outside typical survey area [-85.0, -40.0] (rows 16, EVENTNO=140)
    - [WARNING] LONG_DD: Longitude outside typical survey area [-85.0, -40.0] (rows 17, EVENTNO=140)
    - [WARNING] LONG_DD: Longitude outside typical survey area [-85.0, -40.0] (rows 18, EVENTNO=150)
    - [WARNING] LONG_DD: Longitude outside typical survey area [-85.0, -40.0] (rows 22, EVENTNO=190)
    - [WARNING] LONG_DD: Longitude outside typical survey area [-85.0, -40.0] (rows 23, EVENTNO=200)
--------------------------------------------------------------------------------

[29-Jun-2026 11:38:56] H069502
Type: Validation error
Error: Validation failed: 1 errors, 20 warnings (0 acknowledged, 20 new)
ID: Ingestion:ValidationFailed
Location: BatchUploader.uploadSurvey (line 376)
Validation Details:
  Errors: 1
  Warnings: 20
  Details:
    - [ERROR] YEAR: YEAR outside valid range [1970, 2027] (rows [1;2;3;4;5;6;7;8;9;10;11;12;13;14;15;16;17;18;19;20;21;22;23;24;25;26;27;28;29;30;31;32;33;34;35;36;37;38;39;40;41;42;43;44;45;46;47;48;49;50;51;52])
    - [WARNING] LAT_DD: Latitude outside typical survey area [20.0, 55.0] (rows 2, EVENTNO=20)
    - [WARNING] LAT_DD: Latitude outside typical survey area [20.0, 55.0] (rows 4, EVENTNO=40)
    - [WARNING] LAT_DD: Latitude outside typical survey area [20.0, 55.0] (rows 5, EVENTNO=50)
    - [WARNING] LAT_DD: Latitude outside typical survey area [20.0, 55.0] (rows 6, EVENTNO=60)
    - [WARNING] LAT_DD: Latitude outside typical survey area [20.0, 55.0] (rows 7, EVENTNO=60)
    - [WARNING] LAT_DD: Latitude outside typical survey area [20.0, 55.0] (rows 10, EVENTNO=90)
    - [WARNING] LAT_DD: Latitude outside typical survey area [20.0, 55.0] (rows 14, EVENTNO=130)
    - [WARNING] LAT_DD: Latitude outside typical survey area [20.0, 55.0] (rows 20, EVENTNO=170)
    - [WARNING] LAT_DD: Latitude outside typical survey area [20.0, 55.0] (rows 29, EVENTNO=260)
    - [WARNING] LAT_DD: Latitude outside typical survey area [20.0, 55.0] (rows 44, EVENTNO=390)
    - [WARNING] LAT_DD: Latitude outside typical survey area [20.0, 55.0] (rows 47, EVENTNO=420)
    - [WARNING] LAT_DD: Latitude outside typical survey area [20.0, 55.0] (rows 48, EVENTNO=430)
    - [WARNING] LONG_DD: Longitude outside typical survey area [-85.0, -40.0] (rows 1, EVENTNO=10)
    - [WARNING] LONG_DD: Longitude outside typical survey area [-85.0, -40.0] (rows 3, EVENTNO=30)
    - [WARNING] LONG_DD: Longitude outside typical survey area [-85.0, -40.0] (rows 9, EVENTNO=80)
    - [WARNING] LONG_DD: Longitude outside typical survey area [-85.0, -40.0] (rows 33, EVENTNO=300)
    - [WARNING] LONG_DD: Longitude outside typical survey area [-85.0, -40.0] (rows 34, EVENTNO=300)
    - [WARNING] LONG_DD: Longitude outside typical survey area [-85.0, -40.0] (rows 35, EVENTNO=310)
    - [WARNING] LONG_DD: Longitude outside typical survey area [-85.0, -40.0] (rows 36, EVENTNO=310)
    - [WARNING] LONG_DD: Longitude outside typical survey area [-85.0, -40.0] (rows 37, EVENTNO=320)
--------------------------------------------------------------------------------

[29-Jun-2026 11:38:57] H070501
Type: Validation error
Error: Validation failed: 0 errors, 4 warnings (0 acknowledged, 4 new)
ID: Ingestion:ValidationFailed
Location: BatchUploader.uploadSurvey (line 376)
Validation Details:
  Errors: 0
  Warnings: 4
  Details:
    - [WARNING] LAT_DD: Latitude outside typical survey area [20.0, 55.0] (rows 4, EVENTNO=40)
    - [WARNING] LAT_DD: Latitude outside typical survey area [20.0, 55.0] (rows 14, EVENTNO=130)
    - [WARNING] LAT_DD: Latitude outside typical survey area [20.0, 55.0] (rows 21, EVENTNO=190)
    - [WARNING] BEHAV: Calf-associated behavior(s) 40 recorded but no calf present (rows 21, EVENTNO=190)
--------------------------------------------------------------------------------

[29-Jun-2026 11:38:57] H070502
Type: Validation error
Error: Validation failed: 0 errors, 9 warnings (0 acknowledged, 9 new)
ID: Ingestion:ValidationFailed
Location: BatchUploader.uploadSurvey (line 376)
Validation Details:
  Errors: 0
  Warnings: 9
  Details:
    - [WARNING] LAT_DD: Latitude outside typical survey area [20.0, 55.0] (rows 14, EVENTNO=120)
    - [WARNING] LAT_DD: Latitude outside typical survey area [20.0, 55.0] (rows 17, EVENTNO=150)
    - [WARNING] LONG_DD: Longitude outside typical survey area [-85.0, -40.0] (rows 4, EVENTNO=40)
    - [WARNING] LONG_DD: Longitude outside typical survey area [-85.0, -40.0] (rows 5, EVENTNO=50)
    - [WARNING] LONG_DD: Longitude outside typical survey area [-85.0, -40.0] (rows 6, EVENTNO=50)
    - [WARNING] LONG_DD: Longitude outside typical survey area [-85.0, -40.0] (rows 18, EVENTNO=160)
    - [WARNING] LONG_DD: Longitude outside typical survey area [-85.0, -40.0] (rows 19, EVENTNO=170)
    - [WARNING] LONG_DD: Longitude outside typical survey area [-85.0, -40.0] (rows 20, EVENTNO=180)
    - [WARNING] LONG_DD: Longitude outside typical survey area [-85.0, -40.0] (rows 40, EVENTNO=350)
--------------------------------------------------------------------------------

[29-Jun-2026 11:38:58] H071501
Type: Validation error
Error: Validation failed: 0 errors, 3 warnings (0 acknowledged, 3 new)
ID: Ingestion:ValidationFailed
Location: BatchUploader.uploadSurvey (line 376)
Validation Details:
  Errors: 0
  Warnings: 3
  Details:
    - [WARNING] LAT_DD: Latitude outside typical survey area [20.0, 55.0] (rows 4, EVENTNO=40)
    - [WARNING] LONG_DD: Longitude outside typical survey area [-85.0, -40.0] (rows 19, EVENTNO=190)
    - [WARNING] BEHAV: Calf-associated behavior(s) 40 recorded but no calf present (rows 31, EVENTNO=300)
--------------------------------------------------------------------------------

[29-Jun-2026 11:38:59] H071502
Type: Validation error
Error: Validation failed: 0 errors, 22 warnings (0 acknowledged, 22 new)
ID: Ingestion:ValidationFailed
Location: BatchUploader.uploadSurvey (line 376)
Validation Details:
  Errors: 0
  Warnings: 22
  Details:
    - [WARNING] LAT_DD: Latitude outside typical survey area [20.0, 55.0] (rows 1, EVENTNO=10)
    - [WARNING] LAT_DD: Latitude outside typical survey area [20.0, 55.0] (rows 4, EVENTNO=30)
    - [WARNING] LAT_DD: Latitude outside typical survey area [20.0, 55.0] (rows 8, EVENTNO=60)
    - [WARNING] LAT_DD: Latitude outside typical survey area [20.0, 55.0] (rows 13, EVENTNO=110)
    - [WARNING] LAT_DD: Latitude outside typical survey area [20.0, 55.0] (rows 16, EVENTNO=140)
    - [WARNING] LAT_DD: Latitude outside typical survey area [20.0, 55.0] (rows 35, EVENTNO=300)
    - [WARNING] LAT_DD: Latitude outside typical survey area [20.0, 55.0] (rows 60, EVENTNO=510)
    - [WARNING] LONG_DD: Longitude outside typical survey area [-85.0, -40.0] (rows 2, EVENTNO=20)
    - [WARNING] LONG_DD: Longitude outside typical survey area [-85.0, -40.0] (rows 3, EVENTNO=20)
    - [WARNING] LONG_DD: Longitude outside typical survey area [-85.0, -40.0] (rows 5, EVENTNO=40)
    - [WARNING] LONG_DD: Longitude outside typical survey area [-85.0, -40.0] (rows 6, EVENTNO=50)
    - [WARNING] LONG_DD: Longitude outside typical survey area [-85.0, -40.0] (rows 7, EVENTNO=50)
    - [WARNING] LONG_DD: Longitude outside typical survey area [-85.0, -40.0] (rows 8, EVENTNO=60)
    - [WARNING] LONG_DD: Longitude outside typical survey area [-85.0, -40.0] (rows 9, EVENTNO=70)
    - [WARNING] LONG_DD: Longitude outside typical survey area [-85.0, -40.0] (rows 11, EVENTNO=90)
    - [WARNING] LONG_DD: Longitude outside typical survey area [-85.0, -40.0] (rows 12, EVENTNO=100)
    - [WARNING] LONG_DD: Longitude outside typical survey area [-85.0, -40.0] (rows 17, EVENTNO=150)
    - [WARNING] LONG_DD: Longitude outside typical survey area [-85.0, -40.0] (rows 19, EVENTNO=170)
    - [WARNING] LONG_DD: Longitude outside typical survey area [-85.0, -40.0] (rows 77, EVENTNO=670)
    - [WARNING] LONG_DD: Longitude outside typical survey area [-85.0, -40.0] (rows 78, EVENTNO=670)
    - [WARNING] LONG_DD: Longitude outside typical survey area [-85.0, -40.0] (rows 79, EVENTNO=680)
    - [WARNING] BEHAV: Calf-associated behavior(s) 40 recorded but no calf present (rows 6, EVENTNO=50)
--------------------------------------------------------------------------------

[29-Jun-2026 11:38:59] H072501
Type: Validation error
Error: Validation failed: 0 errors, 2 warnings (0 acknowledged, 2 new)
ID: Ingestion:ValidationFailed
Location: BatchUploader.uploadSurvey (line 376)
Validation Details:
  Errors: 0
  Warnings: 2
  Details:
    - [WARNING] LONG_DD: Longitude outside typical survey area [-85.0, -40.0] (rows 11, EVENTNO=100)
    - [WARNING] BEHAV: Calf-associated behavior(s) 40 recorded but no calf present (rows 11, EVENTNO=100)
--------------------------------------------------------------------------------

[29-Jun-2026 11:38:59] H074412
Type: Validation error
Error: Validation failed: 0 errors, 1 warnings (0 acknowledged, 1 new)
ID: Ingestion:ValidationFailed
Location: BatchUploader.uploadSurvey (line 376)
Validation Details:
  Errors: 0
  Warnings: 1
  Details:
    - [WARNING] LAT_DD: Latitude outside typical survey area [20.0, 55.0] (rows 43, EVENTNO=390)
--------------------------------------------------------------------------------

[29-Jun-2026 11:39:00] H074551
Type: Validation error
Error: Validation failed: 1 errors, 3 warnings (0 acknowledged, 3 new)
ID: Ingestion:ValidationFailed
Location: BatchUploader.uploadSurvey (line 376)
Validation Details:
  Errors: 1
  Warnings: 3
  Details:
    - [ERROR] DAY: Required field DAY cannot be NULL or empty (rows 131)
    - [WARNING] BEHAV: Calf-associated behavior(s) 40 recorded but no calf present (rows 27, EVENTNO=74032)
    - [WARNING] BEHAV: Calf-associated behavior(s) 40 recorded but no calf present (rows 90, EVENTNO=74099)
    - [WARNING] BEHAV: Calf-associated behavior(s) 40 recorded but no calf present (rows 108, EVENTNO=74117)
--------------------------------------------------------------------------------

[29-Jun-2026 11:39:01] H075442
Type: Validation error
Error: Validation failed: 0 errors, 2 warnings (0 acknowledged, 2 new)
ID: Ingestion:ValidationFailed
Location: BatchUploader.uploadSurvey (line 376)
Validation Details:
  Errors: 0
  Warnings: 2
  Details:
    - [WARNING] LONG_DD: Longitude outside typical survey area [-85.0, -40.0] (rows 3, EVENTNO=30)
    - [WARNING] LONG_DD: Longitude outside typical survey area [-85.0, -40.0] (rows 4, EVENTNO=40)
--------------------------------------------------------------------------------

[29-Jun-2026 11:39:01] H075502
Type: Validation error
Error: Validation failed: 0 errors, 1 warnings (0 acknowledged, 1 new)
ID: Ingestion:ValidationFailed
Location: BatchUploader.uploadSurvey (line 376)
Validation Details:
  Errors: 0
  Warnings: 1
  Details:
    - [WARNING] LAT_DD: Latitude outside typical survey area [20.0, 55.0] (rows 1, EVENTNO=10)
--------------------------------------------------------------------------------

[29-Jun-2026 11:39:02] H075551
Type: Validation error
Error: Validation failed: 1 errors, 1 warnings (0 acknowledged, 1 new)
ID: Ingestion:ValidationFailed
Location: BatchUploader.uploadSurvey (line 376)
Validation Details:
  Errors: 1
  Warnings: 1
  Details:
    - [ERROR] DAY: Required field DAY cannot be NULL or empty (rows [329;330])
    - [WARNING] BEHAV: Calf-associated behavior(s) 40 recorded but no calf present (rows 251, EVENTNO=75252)
--------------------------------------------------------------------------------

[29-Jun-2026 11:39:03] H076441
Type: Validation error
Error: Validation failed: 1 errors, 0 warnings (0 acknowledged, 0 new)
ID: Ingestion:ValidationFailed
Location: BatchUploader.uploadSurvey (line 376)
Validation Details:
  Errors: 1
  Warnings: 0
  Details:
    - [ERROR] DAY: Required field DAY cannot be NULL or empty (rows 1)
--------------------------------------------------------------------------------

[29-Jun-2026 11:39:04] H076551
Type: Validation error
Error: Validation failed: 1 errors, 9 warnings (0 acknowledged, 9 new)
ID: Ingestion:ValidationFailed
Location: BatchUploader.uploadSurvey (line 376)
Validation Details:
  Errors: 1
  Warnings: 9
  Details:
    - [ERROR] DAY: Required field DAY cannot be NULL or empty (rows [5;156;342;548])
    - [WARNING] BEHAV: Calf-associated behavior(s) 40 recorded but no calf present (rows 27, EVENTNO=76027)
    - [WARNING] BEHAV: Calf-associated behavior(s) 40 recorded but no calf present (rows 33, EVENTNO=76034)
    - [WARNING] BEHAV: Calf-associated behavior(s) 40 recorded but no calf present (rows 44, EVENTNO=76045)
    - [WARNING] BEHAV: Calf-associated behavior(s) 40 recorded but no calf present (rows 52, EVENTNO=76053)
    - [WARNING] BEHAV: Calf-associated behavior(s) 40 recorded but no calf present (rows 67, EVENTNO=76068)
    - [WARNING] BEHAV: Calf-associated behavior(s) 40 recorded but no calf present (rows 116, EVENTNO=76118)
    - [WARNING] BEHAV: Calf-associated behavior(s) 40 recorded but no calf present (rows 129, EVENTNO=76131)
    - [WARNING] BEHAV: Calf-associated behavior(s) 40 recorded but no calf present (rows 164, EVENTNO=76175)
    - [WARNING] BEHAV: Calf-associated behavior(s) 40 recorded but no calf present (rows 244, EVENTNO=76257)
--------------------------------------------------------------------------------

[29-Jun-2026 11:39:04] H077421
Type: Validation error
Error: Validation failed: 0 errors, 2 warnings (0 acknowledged, 2 new)
ID: Ingestion:ValidationFailed
Location: BatchUploader.uploadSurvey (line 376)
Validation Details:
  Errors: 0
  Warnings: 2
  Details:
    - [WARNING] LONG_DD: Longitude outside typical survey area [-85.0, -40.0] (rows 2, EVENTNO=20)
    - [WARNING] LONG_DD: Longitude outside typical survey area [-85.0, -40.0] (rows 4, EVENTNO=40)
--------------------------------------------------------------------------------

[29-Jun-2026 11:39:05] H077441
Type: Validation error
Error: Validation failed: 1 errors, 1 warnings (0 acknowledged, 1 new)
ID: Ingestion:ValidationFailed
Location: BatchUploader.uploadSurvey (line 376)
Validation Details:
  Errors: 1
  Warnings: 1
  Details:
    - [ERROR] DAY: Required field DAY cannot be NULL or empty (rows 13)
    - [WARNING] LONG_DD: Longitude outside typical survey area [-85.0, -40.0] (rows 12, EVENTNO=70)
--------------------------------------------------------------------------------

[29-Jun-2026 11:39:06] H077551
Type: Validation error
Error: Validation failed: 0 errors, 7 warnings (0 acknowledged, 7 new)
ID: Ingestion:ValidationFailed
Location: BatchUploader.uploadSurvey (line 376)
Validation Details:
  Errors: 0
  Warnings: 7
  Details:
    - [WARNING] BEHAV: Calf-associated behavior(s) 40 recorded but no calf present (rows 124, EVENTNO=77126)
    - [WARNING] BEHAV: Calf-associated behavior(s) 40 recorded but no calf present (rows 325, EVENTNO=77329)
    - [WARNING] BEHAV: Calf-associated behavior(s) 40 recorded but no calf present (rows 335, EVENTNO=77339)
    - [WARNING] BEHAV: Calf-associated behavior(s) 40 recorded but no calf present (rows 392, EVENTNO=77412)
    - [WARNING] BEHAV: Calf-associated behavior(s) 40 recorded but no calf present (rows 409, EVENTNO=77429)
    - [WARNING] BEHAV: Calf-associated behavior(s) 40 recorded but no calf present (rows 457, EVENTNO=77477)
    - [WARNING] BEHAV: Calf-associated behavior(s) 40 recorded but no calf present (rows 465, EVENTNO=77485)
--------------------------------------------------------------------------------

[29-Jun-2026 11:39:07] H077552
Type: Validation error
Error: Validation failed: 1 errors, 9 warnings (0 acknowledged, 9 new)
ID: Ingestion:ValidationFailed
Location: BatchUploader.uploadSurvey (line 376)
Validation Details:
  Errors: 1
  Warnings: 9
  Details:
    - [ERROR] DAY: Required field DAY cannot be NULL or empty (rows [56;57;182;222])
    - [WARNING] BEHAV: Calf-associated behavior(s) 40 recorded but no calf present (rows 14, EVENTNO=77555)
    - [WARNING] BEHAV: Calf-associated behavior(s) 40 recorded but no calf present (rows 31, EVENTNO=77572)
    - [WARNING] BEHAV: Calf-associated behavior(s) 40 recorded but no calf present (rows 67, EVENTNO=77608)
    - [WARNING] BEHAV: Calf-associated behavior(s) 40 recorded but no calf present (rows 135, EVENTNO=77676)
    - [WARNING] BEHAV: Calf-associated behavior(s) 40 recorded but no calf present (rows 220, EVENTNO=77763)
    - [WARNING] BEHAV: Calf-associated behavior(s) 40 recorded but no calf present (rows 232, EVENTNO=77777)
    - [WARNING] BEHAV: Calf-associated behavior(s) 40 recorded but no calf present (rows 304, EVENTNO=77849)
    - [WARNING] BEHAV: Calf-associated behavior(s) 40 recorded but no calf present (rows 306, EVENTNO=77851)
    - [WARNING] BEHAV: Calf-associated behavior(s) 40 recorded but no calf present (rows 334, EVENTNO=77916)
--------------------------------------------------------------------------------

[29-Jun-2026 11:39:07] H078441
Type: Validation error
Error: Validation failed: 0 errors, 4 warnings (0 acknowledged, 4 new)
ID: Ingestion:ValidationFailed
Location: BatchUploader.uploadSurvey (line 376)
Validation Details:
  Errors: 0
  Warnings: 4
  Details:
    - [WARNING] LAT_DD: Latitude outside typical survey area [20.0, 55.0] (rows 2, EVENTNO=20)
    - [WARNING] LAT_DD: Latitude outside typical survey area [20.0, 55.0] (rows 4, EVENTNO=40)
    - [WARNING] LAT_DD: Latitude outside typical survey area [20.0, 55.0] (rows 5, EVENTNO=40)
    - [WARNING] LAT_DD: Latitude outside typical survey area [20.0, 55.0] (rows 6, EVENTNO=50)
--------------------------------------------------------------------------------

[29-Jun-2026 11:39:08] H078442
Type: Validation error
Error: Validation failed: 1 errors, 0 warnings (0 acknowledged, 0 new)
ID: Ingestion:ValidationFailed
Location: BatchUploader.uploadSurvey (line 376)
Validation Details:
  Errors: 1
  Warnings: 0
  Details:
    - [ERROR] DAY: Required field DAY cannot be NULL or empty (rows 8)
--------------------------------------------------------------------------------

[29-Jun-2026 11:39:09] H078551
Type: Validation error
Error: Validation failed: 0 errors, 7 warnings (0 acknowledged, 7 new)
ID: Ingestion:ValidationFailed
Location: BatchUploader.uploadSurvey (line 376)
Validation Details:
  Errors: 0
  Warnings: 7
  Details:
    - [WARNING] BEHAV: Calf-associated behavior(s) 40 recorded but no calf present (rows 38, EVENTNO=78076)
    - [WARNING] BEHAV: Calf-associated behavior(s) 40 recorded but no calf present (rows 73, EVENTNO=78115)
    - [WARNING] BEHAV: Calf-associated behavior(s) 40 recorded but no calf present (rows 129, EVENTNO=78179)
    - [WARNING] BEHAV: Calf-associated behavior(s) 40 recorded but no calf present (rows 145, EVENTNO=78195)
    - [WARNING] BEHAV: Calf-associated behavior(s) 40 recorded but no calf present (rows 260, EVENTNO=78354)
    - [WARNING] BEHAV: Calf-associated behavior(s) 40 recorded but no calf present (rows 357, EVENTNO=78567)
    - [WARNING] BEHAV: Calf-associated behavior(s) 40 recorded but no calf present (rows 374, EVENTNO=78585)
--------------------------------------------------------------------------------

[29-Jun-2026 11:39:10] H078552
Type: Validation error
Error: Validation failed: 1 errors, 4 warnings (0 acknowledged, 4 new)
ID: Ingestion:ValidationFailed
Location: BatchUploader.uploadSurvey (line 376)
Validation Details:
  Errors: 1
  Warnings: 4
  Details:
    - [ERROR] DAY: Required field DAY cannot be NULL or empty (rows 235)
    - [WARNING] BEHAV: Calf-associated behavior(s) 40 recorded but no calf present (rows 47, EVENTNO=78646)
    - [WARNING] BEHAV: Calf-associated behavior(s) 40 recorded but no calf present (rows 178, EVENTNO=78810)
    - [WARNING] BEHAV: Calf-associated behavior(s) 40 recorded but no calf present (rows 185, EVENTNO=78817)
    - [WARNING] BEHAV: Calf-associated behavior(s) 40 recorded but no calf present (rows 186, EVENTNO=78818)
--------------------------------------------------------------------------------

[29-Jun-2026 11:39:11] H099400
Type: Validation error
Error: Validation failed: 2 errors, 0 warnings (0 acknowledged, 0 new)
ID: Ingestion:ValidationFailed
Location: BatchUploader.uploadSurvey (line 376)
Validation Details:
  Errors: 2
  Warnings: 0
  Details:
    - [ERROR] DAY: Required field DAY cannot be NULL or empty (rows [4;8;12])
    - [ERROR] YEAR: YEAR outside valid range [1970, 2027] (rows [1;2;3;4;5;6;7;8;9;10;11;12;13])
--------------------------------------------------------------------------------

[29-Jun-2026 11:39:11] H099480
Type: Validation error
Error: Validation failed: 2 errors, 0 warnings (0 acknowledged, 0 new)
ID: Ingestion:ValidationFailed
Location: BatchUploader.uploadSurvey (line 376)
Validation Details:
  Errors: 2
  Warnings: 0
  Details:
    - [ERROR] DAY: Required field DAY cannot be NULL or empty (rows [1;2])
    - [ERROR] YEAR: YEAR outside valid range [1970, 2027] (rows [1;2;3;4;5])
--------------------------------------------------------------------------------

[29-Jun-2026 11:39:12] H099500
Type: Validation error
Error: Validation failed: 1 errors, 1 warnings (0 acknowledged, 1 new)
ID: Ingestion:ValidationFailed
Location: BatchUploader.uploadSurvey (line 376)
Validation Details:
  Errors: 1
  Warnings: 1
  Details:
    - [ERROR] DAY: Required field DAY cannot be NULL or empty (rows [2;3;4;5;8;9;10;11;12;13;14;15;16;17;18;19;20;21;22;23;24;25;26;27;28;29;30;31;32;33;34;35;36;37;38;39;40;41;42;43;44;45;46])
    - [WARNING] NUMBER: NUMBER=276 exceeds threshold 50 for SPECCODE=UNLW (source: TAXCODE 1 default). Verify count. (rows 2, EVENTNO=20)
--------------------------------------------------------------------------------

[29-Jun-2026 11:39:14] H167000
Type: Validation error
Error: Validation failed: 2 errors, 16 warnings (0 acknowledged, 16 new)
ID: Ingestion:ValidationFailed
Location: BatchUploader.uploadSurvey (line 376)
Validation Details:
  Errors: 2
  Warnings: 16
  Details:
    - [ERROR] DAY: Required field DAY cannot be NULL or empty (rows [2;181;724])
    - [ERROR] YEAR: YEAR outside valid range [1970, 2027] (rows 1)
    - [WARNING] NUMCALF: NUMCALF (1) is more than half of NUMBER (1) - verify count (rows 202, EVENTNO=230)
    - [WARNING] NUMCALF: NUMCALF (1) is more than half of NUMBER (1) - verify count (rows 329, EVENTNO=370)
    - [WARNING] NUMCALF: NUMCALF (1) is more than half of NUMBER (1) - verify count (rows 439, EVENTNO=492)
    - [WARNING] NUMCALF: NUMCALF (1) is more than half of NUMBER (1) - verify count (rows 515, EVENTNO=572)
    - [WARNING] NUMCALF: NUMCALF (1) is more than half of NUMBER (1) - verify count (rows 553, EVENTNO=615)
    - [WARNING] NUMCALF: NUMCALF (1) is more than half of NUMBER (1) - verify count (rows 560, EVENTNO=623)
    - [WARNING] NUMCALF: NUMCALF (1) is more than half of NUMBER (1) - verify count (rows 787, EVENTNO=870)
    - [WARNING] NUMCALF: NUMCALF (1) is more than half of NUMBER (1) - verify count (rows 792, EVENTNO=876)
    - [WARNING] BEHAV: Calf-associated behavior(s) 40 recorded but no calf present (rows 4, EVENTNO=4)
    - [WARNING] BEHAV: Calf-associated behavior(s) 40 recorded but no calf present (rows 165, EVENTNO=181)
    - [WARNING] BEHAV: Calf-associated behavior(s) 40 recorded but no calf present (rows 174, EVENTNO=190)
    - [WARNING] BEHAV: Calf-associated behavior(s) 40 recorded but no calf present (rows 238, EVENTNO=268)
    - [WARNING] BEHAV: Calf-associated behavior(s) 40 recorded but no calf present (rows 425, EVENTNO=478)
    - [WARNING] BEHAV: Calf-associated behavior(s) 40 recorded but no calf present (rows 506, EVENTNO=563)
    - [WARNING] BEHAV: Calf-associated behavior(s) 40 recorded but no calf present (rows 730, EVENTNO=808)
    - [WARNING] BEHAV: Calf-associated behavior(s) 40 recorded but no calf present (rows 790, EVENTNO=873)
--------------------------------------------------------------------------------

[29-Jun-2026 11:39:14] H168127
Type: Validation error
Error: Validation failed: 1 errors, 0 warnings (0 acknowledged, 0 new)
ID: Ingestion:ValidationFailed
Location: BatchUploader.uploadSurvey (line 376)
Validation Details:
  Errors: 1
  Warnings: 0
  Details:
    - [ERROR] YEAR: YEAR outside valid range [1970, 2027] (rows [1;2;3;4;5;6;7;8;9;10;11;12;13])
--------------------------------------------------------------------------------

[29-Jun-2026 11:39:15] H169294
Type: Validation error
Error: Validation failed: 1 errors, 0 warnings (0 acknowledged, 0 new)
ID: Ingestion:ValidationFailed
Location: BatchUploader.uploadSurvey (line 376)
Validation Details:
  Errors: 1
  Warnings: 0
  Details:
    - [ERROR] YEAR: YEAR outside valid range [1970, 2027] (rows [1;2;3;4;5;6;7;8;9;10;11])
--------------------------------------------------------------------------------

[29-Jun-2026 11:39:15] H175273
Type: Validation error
Error: Validation failed: 0 errors, 14 warnings (0 acknowledged, 14 new)
ID: Ingestion:ValidationFailed
Location: BatchUploader.uploadSurvey (line 376)
Validation Details:
  Errors: 0
  Warnings: 14
  Details:
    - [WARNING] LONG_DD: Longitude outside typical survey area [-85.0, -40.0] (rows 1, EVENTNO=80)
    - [WARNING] LONG_DD: Longitude outside typical survey area [-85.0, -40.0] (rows 2, EVENTNO=90)
    - [WARNING] LONG_DD: Longitude outside typical survey area [-85.0, -40.0] (rows 3, EVENTNO=100)
    - [WARNING] LONG_DD: Longitude outside typical survey area [-85.0, -40.0] (rows 4, EVENTNO=120)
    - [WARNING] LONG_DD: Longitude outside typical survey area [-85.0, -40.0] (rows 5, EVENTNO=140)
    - [WARNING] LONG_DD: Longitude outside typical survey area [-85.0, -40.0] (rows 6, EVENTNO=160)
    - [WARNING] LONG_DD: Longitude outside typical survey area [-85.0, -40.0] (rows 7, EVENTNO=170)
    - [WARNING] LONG_DD: Longitude outside typical survey area [-85.0, -40.0] (rows 8, EVENTNO=220)
    - [WARNING] LONG_DD: Longitude outside typical survey area [-85.0, -40.0] (rows 9, EVENTNO=230)
    - [WARNING] LONG_DD: Longitude outside typical survey area [-85.0, -40.0] (rows 10, EVENTNO=240)
    - [WARNING] LONG_DD: Longitude outside typical survey area [-85.0, -40.0] (rows 11, EVENTNO=250)
    - [WARNING] LONG_DD: Longitude outside typical survey area [-85.0, -40.0] (rows 12, EVENTNO=300)
    - [WARNING] LONG_DD: Longitude outside typical survey area [-85.0, -40.0] (rows 13, EVENTNO=390)
    - [WARNING] LONG_DD: Longitude outside typical survey area [-85.0, -40.0] (rows 14, EVENTNO=410)
--------------------------------------------------------------------------------

[29-Jun-2026 11:39:16] H175281
Type: Validation error
Error: Validation failed: 0 errors, 1 warnings (0 acknowledged, 1 new)
ID: Ingestion:ValidationFailed
Location: BatchUploader.uploadSurvey (line 376)
Validation Details:
  Errors: 0
  Warnings: 1
  Details:
    - [WARNING] LAT_DD: Latitude outside typical survey area [20.0, 55.0] (rows 1, EVENTNO=390)
--------------------------------------------------------------------------------

[29-Jun-2026 11:39:17] H175316
Type: Validation error
Error: Validation failed: 0 errors, 1 warnings (0 acknowledged, 1 new)
ID: Ingestion:ValidationFailed
Location: BatchUploader.uploadSurvey (line 376)
Validation Details:
  Errors: 0
  Warnings: 1
  Details:
    - [WARNING] LONG_DD: Longitude outside typical survey area [-85.0, -40.0] (rows 1, EVENTNO=40)
--------------------------------------------------------------------------------

[29-Jun-2026 11:39:17] H175349
Type: Validation error
Error: Validation failed: 0 errors, 1 warnings (0 acknowledged, 1 new)
ID: Ingestion:ValidationFailed
Location: BatchUploader.uploadSurvey (line 376)
Validation Details:
  Errors: 0
  Warnings: 1
  Details:
    - [WARNING] LONG_DD: Longitude outside typical survey area [-85.0, -40.0] (rows 1, EVENTNO=30)
--------------------------------------------------------------------------------

[29-Jun-2026 11:39:18] H176005
Type: Validation error
Error: Validation failed: 0 errors, 7 warnings (0 acknowledged, 7 new)
ID: Ingestion:ValidationFailed
Location: BatchUploader.uploadSurvey (line 376)
Validation Details:
  Errors: 0
  Warnings: 7
  Details:
    - [WARNING] LAT_DD: Latitude outside typical survey area [20.0, 55.0] (rows 4, EVENTNO=350)
    - [WARNING] LONG_DD: Longitude outside typical survey area [-85.0, -40.0] (rows 1, EVENTNO=60)
    - [WARNING] LONG_DD: Longitude outside typical survey area [-85.0, -40.0] (rows 2, EVENTNO=150)
    - [WARNING] LONG_DD: Longitude outside typical survey area [-85.0, -40.0] (rows 3, EVENTNO=160)
    - [WARNING] LONG_DD: Longitude outside typical survey area [-85.0, -40.0] (rows 4, EVENTNO=350)
    - [WARNING] LONG_DD: Longitude outside typical survey area [-85.0, -40.0] (rows 5, EVENTNO=500)
    - [WARNING] LONG_DD: Longitude outside typical survey area [-85.0, -40.0] (rows 6, EVENTNO=530)
--------------------------------------------------------------------------------

[29-Jun-2026 11:39:19] H176019
Type: Validation error
Error: Validation failed: 0 errors, 1 warnings (0 acknowledged, 1 new)
ID: Ingestion:ValidationFailed
Location: BatchUploader.uploadSurvey (line 376)
Validation Details:
  Errors: 0
  Warnings: 1
  Details:
    - [WARNING] LONG_DD: Longitude outside typical survey area [-85.0, -40.0] (rows 1, EVENTNO=80)
--------------------------------------------------------------------------------

[29-Jun-2026 11:39:19] H176027
Type: Validation error
Error: Validation failed: 0 errors, 2 warnings (0 acknowledged, 2 new)
ID: Ingestion:ValidationFailed
Location: BatchUploader.uploadSurvey (line 376)
Validation Details:
  Errors: 0
  Warnings: 2
  Details:
    - [WARNING] LONG_DD: Longitude outside typical survey area [-85.0, -40.0] (rows 1, EVENTNO=70)
    - [WARNING] LONG_DD: Longitude outside typical survey area [-85.0, -40.0] (rows 2, EVENTNO=200)
--------------------------------------------------------------------------------

[29-Jun-2026 11:39:20] H176200
Type: Validation error
Error: Validation failed: 0 errors, 3 warnings (0 acknowledged, 3 new)
ID: Ingestion:ValidationFailed
Location: BatchUploader.uploadSurvey (line 376)
Validation Details:
  Errors: 0
  Warnings: 3
  Details:
    - [WARNING] LAT_DD: Latitude outside typical survey area [20.0, 55.0] (rows 24, EVENTNO=240)
    - [WARNING] LAT_DD: Latitude outside typical survey area [20.0, 55.0] (rows 40, EVENTNO=400)
    - [WARNING] LONG_DD: Longitude outside typical survey area [-85.0, -40.0] (rows 22, EVENTNO=220)
--------------------------------------------------------------------------------

[29-Jun-2026 11:39:20] H177213
Type: Validation error
Error: Validation failed: 1 errors, 0 warnings (0 acknowledged, 0 new)
ID: Ingestion:ValidationFailed
Location: BatchUploader.uploadSurvey (line 376)
Validation Details:
  Errors: 1
  Warnings: 0
  Details:
    - [ERROR] DAY: Required field DAY cannot be NULL or empty (rows [1;2;3;4;5])
--------------------------------------------------------------------------------

[29-Jun-2026 11:39:21] H178259
Type: Validation error
Error: Validation failed: 0 errors, 6 warnings (0 acknowledged, 6 new)
ID: Ingestion:ValidationFailed
Location: BatchUploader.uploadSurvey (line 376)
Validation Details:
  Errors: 0
  Warnings: 6
  Details:
    - [WARNING] LAT_DD: Latitude outside typical survey area [20.0, 55.0] (rows 1, EVENTNO=20)
    - [WARNING] LAT_DD: Latitude outside typical survey area [20.0, 55.0] (rows 2, EVENTNO=30)
    - [WARNING] LAT_DD: Latitude outside typical survey area [20.0, 55.0] (rows 3, EVENTNO=80)
    - [WARNING] LONG_DD: Longitude outside typical survey area [-85.0, -40.0] (rows 1, EVENTNO=20)
    - [WARNING] LONG_DD: Longitude outside typical survey area [-85.0, -40.0] (rows 2, EVENTNO=30)
    - [WARNING] LONG_DD: Longitude outside typical survey area [-85.0, -40.0] (rows 3, EVENTNO=80)
--------------------------------------------------------------------------------

[29-Jun-2026 11:39:22] H179000
Type: Validation error
Error: Validation failed: 0 errors, 103 warnings (0 acknowledged, 103 new)
ID: Ingestion:ValidationFailed
Location: BatchUploader.uploadSurvey (line 376)
Validation Details:
  Errors: 0
  Warnings: 103
  Details:
    - [WARNING] NUMCALF: NUMCALF (1) is more than half of NUMBER (1) - verify count (rows 872, EVENTNO=902)
    - [WARNING] NUMCALF: NUMCALF (1) is more than half of NUMBER (1) - verify count (rows 1058, EVENTNO=1093)
    - [WARNING] NUMCALF: NUMCALF (1) is more than half of NUMBER (1) - verify count (rows 1292, EVENTNO=1330)
    - [WARNING] BEHAV: Calf-associated behavior(s) 40 recorded but no calf present (rows 4, EVENTNO=11)
    - [WARNING] BEHAV: Calf-associated behavior(s) 40 recorded but no calf present (rows 7, EVENTNO=14)
    - [WARNING] BEHAV: Calf-associated behavior(s) 40 recorded but no calf present (rows 14, EVENTNO=21)
    - [WARNING] BEHAV: Calf-associated behavior(s) 40 recorded but no calf present (rows 15, EVENTNO=22)
    - [WARNING] BEHAV: Calf-associated behavior(s) 40 recorded but no calf present (rows 18, EVENTNO=25)
    - [WARNING] BEHAV: Calf-associated behavior(s) 40 recorded but no calf present (rows 25, EVENTNO=32)
    - [WARNING] BEHAV: Calf-associated behavior(s) 40 recorded but no calf present (rows 36, EVENTNO=44)
    - [WARNING] BEHAV: Calf-associated behavior(s) 40 recorded but no calf present (rows 48, EVENTNO=56)
    - [WARNING] BEHAV: Calf-associated behavior(s) 40 recorded but no calf present (rows 58, EVENTNO=66)
    - [WARNING] BEHAV: Calf-associated behavior(s) 40 recorded but no calf present (rows 67, EVENTNO=75)
    - [WARNING] BEHAV: Calf-associated behavior(s) 40 recorded but no calf present (rows 72, EVENTNO=80)
    - [WARNING] BEHAV: Calf-associated behavior(s) 40 recorded but no calf present (rows 73, EVENTNO=81)
    - [WARNING] BEHAV: Calf-associated behavior(s) 40 recorded but no calf present (rows 81, EVENTNO=89)
    - [WARNING] BEHAV: Calf-associated behavior(s) 40 recorded but no calf present (rows 100, EVENTNO=111)
    - [WARNING] BEHAV: Calf-associated behavior(s) 40 recorded but no calf present (rows 119, EVENTNO=131)
    - [WARNING] BEHAV: Calf-associated behavior(s) 40 recorded but no calf present (rows 120, EVENTNO=132)
    - [WARNING] BEHAV: Calf-associated behavior(s) 40 recorded but no calf present (rows 133, EVENTNO=145)
    - [WARNING] BEHAV: Calf-associated behavior(s) 40 recorded but no calf present (rows 154, EVENTNO=167)
    - [WARNING] BEHAV: Calf-associated behavior(s) 40 recorded but no calf present (rows 165, EVENTNO=178)
    - [WARNING] BEHAV: Calf-associated behavior(s) 40 recorded but no calf present (rows 179, EVENTNO=192)
    - [WARNING] BEHAV: Calf-associated behavior(s) 40 recorded but no calf present (rows 195, EVENTNO=209)
    - [WARNING] BEHAV: Calf-associated behavior(s) 40 recorded but no calf present (rows 196, EVENTNO=210)
    - [WARNING] BEHAV: Calf-associated behavior(s) 40 recorded but no calf present (rows 199, EVENTNO=213)
    - [WARNING] BEHAV: Calf-associated behavior(s) 40 recorded but no calf present (rows 201, EVENTNO=215)
    - [WARNING] BEHAV: Calf-associated behavior(s) 40 recorded but no calf present (rows 262, EVENTNO=277)
    - [WARNING] BEHAV: Calf-associated behavior(s) 40 recorded but no calf present (rows 280, EVENTNO=296)
    - [WARNING] BEHAV: Calf-associated behavior(s) 40 recorded but no calf present (rows 409, EVENTNO=425)
    - [WARNING] BEHAV: Calf-associated behavior(s) 40 recorded but no calf present (rows 434, EVENTNO=454)
    - [WARNING] BEHAV: Calf-associated behavior(s) 40 recorded but no calf present (rows 443, EVENTNO=464)
    - [WARNING] BEHAV: Calf-associated behavior(s) 40 recorded but no calf present (rows 453, EVENTNO=474)
    - [WARNING] BEHAV: Calf-associated behavior(s) 40 recorded but no calf present (rows 455, EVENTNO=476)
    - [WARNING] BEHAV: Calf-associated behavior(s) 40 recorded but no calf present (rows 457, EVENTNO=478)
    - [WARNING] BEHAV: Calf-associated behavior(s) 40 recorded but no calf present (rows 567, EVENTNO=593)
    - [WARNING] BEHAV: Calf-associated behavior(s) 40 recorded but no calf present (rows 568, EVENTNO=594)
    - [WARNING] BEHAV: Calf-associated behavior(s) 40 recorded but no calf present (rows 572, EVENTNO=598)
    - [WARNING] BEHAV: Calf-associated behavior(s) 40 recorded but no calf present (rows 576, EVENTNO=602)
    - [WARNING] BEHAV: Calf-associated behavior(s) 40 recorded but no calf present (rows 583, EVENTNO=609)
    - [WARNING] BEHAV: Calf-associated behavior(s) 40 recorded but no calf present (rows 599, EVENTNO=625)
    - [WARNING] BEHAV: Calf-associated behavior(s) 40 recorded but no calf present (rows 606, EVENTNO=632)
    - [WARNING] BEHAV: Calf-associated behavior(s) 40 recorded but no calf present (rows 610, EVENTNO=636)
    - [WARNING] BEHAV: Calf-associated behavior(s) 40 recorded but no calf present (rows 611, EVENTNO=637)
    - [WARNING] BEHAV: Calf-associated behavior(s) 40 recorded but no calf present (rows 617, EVENTNO=643)
    - [WARNING] BEHAV: Calf-associated behavior(s) 40 recorded but no calf present (rows 625, EVENTNO=652)
    - [WARNING] BEHAV: Calf-associated behavior(s) 40 recorded but no calf present (rows 634, EVENTNO=662)
    - [WARNING] BEHAV: Calf-associated behavior(s) 40 recorded but no calf present (rows 637, EVENTNO=665)
    - [WARNING] BEHAV: Calf-associated behavior(s) 40 recorded but no calf present (rows 649, EVENTNO=677)
    - [WARNING] BEHAV: Calf-associated behavior(s) 40 recorded but no calf present (rows 651, EVENTNO=679)
    - [WARNING] BEHAV: Calf-associated behavior(s) 40 recorded but no calf present (rows 683, EVENTNO=711)
    - [WARNING] BEHAV: Calf-associated behavior(s) 40 recorded but no calf present (rows 684, EVENTNO=712)
    - [WARNING] BEHAV: Calf-associated behavior(s) 40 recorded but no calf present (rows 693, EVENTNO=721)
    - [WARNING] BEHAV: Calf-associated behavior(s) 40 recorded but no calf present (rows 694, EVENTNO=723)
    - [WARNING] BEHAV: Calf-associated behavior(s) 40 recorded but no calf present (rows 706, EVENTNO=736)
    - [WARNING] BEHAV: Calf-associated behavior(s) 40 recorded but no calf present (rows 724, EVENTNO=754)
    - [WARNING] BEHAV: Calf-associated behavior(s) 40 recorded but no calf present (rows 725, EVENTNO=755)
    - [WARNING] BEHAV: Calf-associated behavior(s) 40 recorded but no calf present (rows 734, EVENTNO=764)
    - [WARNING] BEHAV: Calf-associated behavior(s) 40 recorded but no calf present (rows 741, EVENTNO=771)
    - [WARNING] BEHAV: Calf-associated behavior(s) 40 recorded but no calf present (rows 763, EVENTNO=793)
    - [WARNING] BEHAV: Calf-associated behavior(s) 40 recorded but no calf present (rows 793, EVENTNO=823)
    - [WARNING] BEHAV: Calf-associated behavior(s) 40 recorded but no calf present (rows 800, EVENTNO=830)
    - [WARNING] BEHAV: Calf-associated behavior(s) 40 recorded but no calf present (rows 809, EVENTNO=839)
    - [WARNING] BEHAV: Calf-associated behavior(s) 40 recorded but no calf present (rows 812, EVENTNO=842)
    - [WARNING] BEHAV: Calf-associated behavior(s) 40 recorded but no calf present (rows 825, EVENTNO=855)
    - [WARNING] BEHAV: Calf-associated behavior(s) 40 recorded but no calf present (rows 836, EVENTNO=866)
    - [WARNING] BEHAV: Calf-associated behavior(s) 40 recorded but no calf present (rows 847, EVENTNO=877)
    - [WARNING] BEHAV: Calf-associated behavior(s) 40 recorded but no calf present (rows 852, EVENTNO=882)
    - [WARNING] BEHAV: Calf-associated behavior(s) 40 recorded but no calf present (rows 884, EVENTNO=914)
    - [WARNING] BEHAV: Calf-associated behavior(s) 40 recorded but no calf present (rows 891, EVENTNO=923)
    - [WARNING] BEHAV: Calf-associated behavior(s) 40 recorded but no calf present (rows 897, EVENTNO=929)
    - [WARNING] BEHAV: Calf-associated behavior(s) 40 recorded but no calf present (rows 899, EVENTNO=931)
    - [WARNING] BEHAV: Calf-associated behavior(s) 40 recorded but no calf present (rows 915, EVENTNO=947)
    - [WARNING] BEHAV: Calf-associated behavior(s) 40 recorded but no calf present (rows 920, EVENTNO=952)
    - [WARNING] BEHAV: Calf-associated behavior(s) 40 recorded but no calf present (rows 954, EVENTNO=987)
    - [WARNING] BEHAV: Calf-associated behavior(s) 40 recorded but no calf present (rows 958, EVENTNO=991)
    - [WARNING] BEHAV: Calf-associated behavior(s) 40 recorded but no calf present (rows 970, EVENTNO=1003)
    - [WARNING] BEHAV: Calf-associated behavior(s) 40 recorded but no calf present (rows 1014, EVENTNO=1048)
    - [WARNING] BEHAV: Calf-associated behavior(s) 40 recorded but no calf present (rows 1029, EVENTNO=1064)
    - [WARNING] BEHAV: Calf-associated behavior(s) 40 recorded but no calf present (rows 1044, EVENTNO=1079)
    - [WARNING] BEHAV: Calf-associated behavior(s) 40 recorded but no calf present (rows 1050, EVENTNO=1085)
    - [WARNING] BEHAV: Calf-associated behavior(s) 40 recorded but no calf present (rows 1070, EVENTNO=1105)
    - [WARNING] BEHAV: Calf-associated behavior(s) 40 recorded but no calf present (rows 1110, EVENTNO=1145)
    - [WARNING] BEHAV: Calf-associated behavior(s) 40 recorded but no calf present (rows 1121, EVENTNO=1156)
    - [WARNING] BEHAV: Calf-associated behavior(s) 40 recorded but no calf present (rows 1128, EVENTNO=1163)
    - [WARNING] BEHAV: Calf-associated behavior(s) 40 recorded but no calf present (rows 1150, EVENTNO=1186)
    - [WARNING] BEHAV: Calf-associated behavior(s) 40 recorded but no calf present (rows 1157, EVENTNO=1193)
    - [WARNING] BEHAV: Calf-associated behavior(s) 40 recorded but no calf present (rows 1159, EVENTNO=1195)
    - [WARNING] BEHAV: Calf-associated behavior(s) 40 recorded but no calf present (rows 1161, EVENTNO=1197)
    - [WARNING] BEHAV: Calf-associated behavior(s) 40 recorded but no calf present (rows 1169, EVENTNO=1205)
    - [WARNING] BEHAV: Calf-associated behavior(s) 40 recorded but no calf present (rows 1179, EVENTNO=1215)
    - [WARNING] BEHAV: Calf-associated behavior(s) 40 recorded but no calf present (rows 1197, EVENTNO=1233)
    - [WARNING] BEHAV: Calf-associated behavior(s) 40 recorded but no calf present (rows 1198, EVENTNO=1234)
    - [WARNING] BEHAV: Calf-associated behavior(s) 40 recorded but no calf present (rows 1222, EVENTNO=1258)
    - [WARNING] BEHAV: Calf-associated behavior(s) 40 recorded but no calf present (rows 1237, EVENTNO=1273)
    - [WARNING] BEHAV: Calf-associated behavior(s) 40 recorded but no calf present (rows 1251, EVENTNO=1287)
    - [WARNING] BEHAV: Calf-associated behavior(s) 40 recorded but no calf present (rows 1254, EVENTNO=1290)
    - [WARNING] BEHAV: Calf-associated behavior(s) 40 recorded but no calf present (rows 1268, EVENTNO=1305)
    - [WARNING] BEHAV: Calf-associated behavior(s) 40 recorded but no calf present (rows 1269, EVENTNO=1306)
    - [WARNING] BEHAV: Calf-associated behavior(s) 40 recorded but no calf present (rows 1278, EVENTNO=1315)
    - [WARNING] BEHAV: Calf-associated behavior(s) 40 recorded but no calf present (rows 1281, EVENTNO=1318)
    - [WARNING] BEHAV: Calf-associated behavior(s) 40 recorded but no calf present (rows 1287, EVENTNO=1325)
    - [WARNING] BEHAV: Calf-associated behavior(s) 40 recorded but no calf present (rows 1309, EVENTNO=1347)
--------------------------------------------------------------------------------

[29-Jun-2026 11:39:23] H196001
Type: Validation error
Error: Validation failed: 2 errors, 2 warnings (0 acknowledged, 2 new)
ID: Ingestion:ValidationFailed
Location: BatchUploader.uploadSurvey (line 376)
Validation Details:
  Errors: 2
  Warnings: 2
  Details:
    - [ERROR] DAY: Required field DAY cannot be NULL or empty (rows 1)
    - [ERROR] YEAR: YEAR outside valid range [1970, 2027] (rows [1;2])
    - [WARNING] YEAR: YEAR before 1890 - verify data quality (rows 1, EVENTNO=1)
    - [WARNING] YEAR: YEAR before 1890 - verify data quality (rows 2, EVENTNO=2)
--------------------------------------------------------------------------------

[29-Jun-2026 11:39:24] H196002
Type: Validation error
Error: Validation failed: 2 errors, 19 warnings (0 acknowledged, 19 new)
ID: Ingestion:ValidationFailed
Location: BatchUploader.uploadSurvey (line 376)
Validation Details:
  Errors: 2
  Warnings: 19
  Details:
    - [ERROR] DAY: Required field DAY cannot be NULL or empty (rows [1;5;6;9;12;14;15;17;18;19])
    - [ERROR] YEAR: YEAR outside valid range [1970, 2027] (rows [1;2;3;4;5;6;7;8;9;10;11;12;13;14;15;16;17;18;19;20;21;22])
    - [WARNING] YEAR: YEAR before 1890 - verify data quality (rows 1, EVENTNO=1)
    - [WARNING] YEAR: YEAR before 1890 - verify data quality (rows 2, EVENTNO=2)
    - [WARNING] YEAR: YEAR before 1890 - verify data quality (rows 3, EVENTNO=3)
    - [WARNING] YEAR: YEAR before 1890 - verify data quality (rows 4, EVENTNO=4)
    - [WARNING] YEAR: YEAR before 1890 - verify data quality (rows 5, EVENTNO=5)
    - [WARNING] YEAR: YEAR before 1890 - verify data quality (rows 6, EVENTNO=6)
    - [WARNING] YEAR: YEAR before 1890 - verify data quality (rows 7, EVENTNO=7)
    - [WARNING] YEAR: YEAR before 1890 - verify data quality (rows 8, EVENTNO=8)
    - [WARNING] YEAR: YEAR before 1890 - verify data quality (rows 9, EVENTNO=9)
    - [WARNING] YEAR: YEAR before 1890 - verify data quality (rows 10, EVENTNO=10)
    - [WARNING] YEAR: YEAR before 1890 - verify data quality (rows 11, EVENTNO=11)
    - [WARNING] YEAR: YEAR before 1890 - verify data quality (rows 12, EVENTNO=12)
    - [WARNING] YEAR: YEAR before 1890 - verify data quality (rows 13, EVENTNO=13)
    - [WARNING] YEAR: YEAR before 1890 - verify data quality (rows 14, EVENTNO=14)
    - [WARNING] YEAR: YEAR before 1890 - verify data quality (rows 15, EVENTNO=15)
    - [WARNING] YEAR: YEAR before 1890 - verify data quality (rows 16, EVENTNO=16)
    - [WARNING] YEAR: YEAR before 1890 - verify data quality (rows 17, EVENTNO=17)
    - [WARNING] YEAR: YEAR before 1890 - verify data quality (rows 18, EVENTNO=18)
    - [WARNING] YEAR: YEAR before 1890 - verify data quality (rows 19, EVENTNO=19)
--------------------------------------------------------------------------------

[29-Jun-2026 11:39:25] J163182
Type: Validation error
Error: Validation failed: 2 errors, 1 warnings (0 acknowledged, 1 new)
ID: Ingestion:ValidationFailed
Location: BatchUploader.uploadSurvey (line 376)
Validation Details:
  Errors: 2
  Warnings: 1
  Details:
    - [ERROR] DAY: Required field DAY cannot be NULL or empty (rows [1;2;3;4;5;6;7;8;9;10;11;12;13;14;15;16;17;18;19;20;21;22;23;24;25;26;27;28;29;30;31;32;33;34;35;36;37;38;39;40;41;42;43;44;45;46;47;48;49;50;51;52;53;54;55;56;57;58;59;60;61;62;63;64;65;66;67;68;69;70;71;72;73;74;75;76;77;78;79;80;81;82;83;84;85;86;87;88;89;90;91;92;93;94;95;96;97;98;99;100;101;102;103;104;105;106;107;108;109;110;111;112;113;114;115;116;117;118;119;120;121;122;123;124;125;126;127;128;129;130;131;132;133;134;135;136;137;138;139;140;141;142;143;144;145;146;147;148;149;150;151;152;153;154;155;156;157;158;159;160;161;162;163;164;165;166;167;168;169;170;171;172;173;174;175;176;177;178;179;180;181;182;183;184;185;186;187;188;189;190;191;192;193;194;195;196;197;198;199;200;201;202;203;204;205;206;207;208;209;210;211;212;213;214;215;216;217;218;219;220;221;222;223;224;225;226;227;228;229;230;231;232;233;234;235;236;237;238;239;240;241;242;243;244;245;246;247;248;249;250;251;252;253;254;255;256;257;258;259;260;261;262;263;264;265;266;267;268;269;270;271;272;273;274;275;276;277;278;279;280;281;282;283;284;285;286;287;288;289;290;291;292;293;294;295;296;297;298;299;300;301;302;303;304;305;306;307;308;309;310;311;312;313;314;315;316;317;318;319;320;321;322;323;324;325;326;327;328;329;330;331;332;333;334;335;336;337;338;339;340;341;342;343;344;345;346;347;348;349;350;351;352;353;354;355;356;357;358;359;360;361;362;363;364;365;366;367;368;369;370;371;372;373;374;375;376;377;378;379;380;381;382;383;384;385;386;387;388;389;390;391;392;393;394;395;396;397;398;399;400;401;402;403;404;405;406;407;408;409;410;411;412;413;414;415;416;417;418;419;420;421;422;423;424;425;426;427;428;429;430;431;432;433;434;435;436;437;438;439;440;441;442;443;444;445;446;447;448;449;450;451;452;453;454;455;456;457;458;459;460;461;462;463;464;465;466;467;468;469;470;471;472;473;474;475;476;477;478;479;480;481;482;483;484;485;486;487;488;489;490;491;492;493;494;495;496;497;498;499;500;501;502;503;504;505;506;507;508;509;510;511;512;513;514;515;516;517;518;519;520;521;522;523;524;525;526;527;528;529;530;531;532;533;534;535;536;537;538;539;540;541;542;543;544;545;546;547;548;549;550;551;552;553;554;555;556;557;558;559;560;561;562;563;564;565;566;567;568;569;570;571;572;573;574;575;576;577;578;579;580;581;582;583;584;585;586;587;588;589;590;591;592;593;594;595;596;597;598;599;600;601;602;603;604;605;606;607;608;609;610;611;612;613;614;615;616;617;618;619;620;621;622;623;624;625;626;627;628;629;630;631;632;633;634;635;636;637;638;639;640;641;642;643;644;645;646;647;648;649;650;651;652;653;654;655;656;657;658;659;660;661;662;663;664;665;666;667;668;669;670;671;672;673;674;675;676;677;678;679;680;681;682;683;684;685;686;687;688;689;690;691;692;693;694;695;696;697;698;699;700;701;702;703;704;705;706;707;708;709;710;711;712;713;714;715;716;717;718;719;720;721;722;723;724;725;726;727;728;729;730;731;732;733;734;735;736;737;738;739;740;741;742;743;744;745;746;747;748;749;750;751;752;753;754;755;756;757;758;759;760;761;762;763;764;765;766;767;768;769;770;771;772;773;774;775;776;777;778;779;780;781;782;783;784;785;786;787;788;789;790;791;792;793;794;795;796;797;798;799;800;801;802;803;804;805;806;807;808;809;810;811;812;813;814;815;816;817;818;819;820;821;822;823;824;825;826;827;828;829;830;831;832;833;834;835;836;837;838;839;840;841;842;843;844;845;846;847;848])
    - [ERROR] YEAR: YEAR outside valid range [1970, 2027] (rows [1;2;3;4;5;6;7;8;9;10;11;12;13;14;15;16;17;18;19;20;21;22;23;24;25;26;27;28;29;30;31;32;33;34;35;36;37;38;39;40;41;42;43;44;45;46;47;48;49;50;51;52;53;54;55;56;57;58;59;60;61;62;63;64;65;66;67;68;69;70;71;72;73;74;75;76;77;78;79;80;81;82;83;84;85;86;87;88;89;90;91;92;93;94;95;96;97;98;99;100;101;102;103;104;105;106;107;108;109;110;111;112;113;114;115;116;117;118;119;120;121;122;123;124;125;126;127;128;129;130;131;132;133;134;135;136;137;138;139;140;141;142;143;144;145;146;147;148;149;150;151;152;153;154;155;156;157;158;159;160;161;162;163;164;165;166;167;168;169;170;171;172;173;174;175;176;177;178;179;180;181;182;183;184;185;186;187;188;189;190;191;192;193;194;195;196;197;198;199;200;201;202;203;204;205;206;207;208;209;210;211;212;213;214;215;216;217;218;219;220;221;222;223;224;225;226;227;228;229;230;231;232;233;234;235;236;237;238;239;240;241;242;243;244;245;246;247;248;249;250;251;252;253;254;255;256;257;258;259;260;261;262;263;264;265;266;267;268;269;270;271;272;273;274;275;276;277;278;279;280;281;282;283;284;285;286;287;288;289;290;291;292;293;294;295;296;297;298;299;300;301;302;303;304;305;306;307;308;309;310;311;312;313;314;315;316;317;318;319;320;321;322;323;324;325;326;327;328;329;330;331;332;333;334;335;336;337;338;339;340;341;342;343;344;345;346;347;348;349;350;351;352;353;354;355;356;357;358;359;360;361;362;363;364;365;366;367;368;369;370;371;372;373;374;375;376;377;378;379;380;381;382;383;384;385;386;387;388;389;390;391;392;393;394;395;396;397;398;399;400;401;402;403;404;405;406;407;408;409;410;411;412;413;414;415;416;417;418;419;420;421;422;423;424;425;426;427;428;429;430;431;432;433;434;435;436;437;438;439;440;441;442;443;444;445;446;447;448;449;450;451;452;453;454;455;456;457;458;459;460;461;462;463;464;465;466;467;468;469;470;471;472;473;474;475;476;477;478;479;480;481;482;483;484;485;486;487;488;489;490;491;492;493;494;495;496;497;498;499;500;501;502;503;504;505;506;507;508;509;510;511;512;513;514;515;516;517;518;519;520;521;522;523;524;525;526;527;528;529;530;531;532;533;534;535;536;537;538;539;540;541;542;543;544;545;546;547;548;549;550;551;552;553;554;555;556;557;558;559;560;561;562;563;564;565;566;567;568;569;570;571;572;573;574;575;576;577;578;579;580;581;582;583;584;585;586;587;588;589;590;591;592;593;594;595;596;597;598;599;600;601;602;603;604;605;606;607;608;609;610;611;612;613;614;615;616;617;618;619;620;621;622;623;624;625;626;627;628;629;630;631;632;633;634;635;636;637;638;639;640;641;642;643;644;645;646;647;648;649;650;651;652;653;654;655;656;657;658;659;660;661;662;663;664;665;666;667;668;669;670;671;672;673;674;675;676;677;678;679;680;681;682;683;684;685;686;687;688;689;690;691;692;693;694;695;696;697;698;699;700;701;702;703;704;705;706;707;708;709;710;711;712;713;714;715;716;717;718;719;720;721;722;723;724;725;726;727;728;729;730;731;732;733;734;735;736;737;738;739;740;741;742;743;744;745;746;747;748;749;750;751;752;753;754;755;756;757;758;759;760;761;762;763;764;765;766;767;768;769;770;771;772;773;774;775;776;777;778;779;780;781;782;783;784;785;786;787;788;789;790;791;792;793;794;795;796;797;798;799;800;801;802;803;804;805;806;807;808;809;810;811;812;813;814;815;816;817;818;819;820;821;822;823;824;825;826;827;828;829;830;831;832;833;834;835;836;837;838;839;840;841;842;843;844;845;846;847;848])
    - [WARNING] NUMBER: NUMBER=25 exceeds threshold 20 for SPECCODE=LOTU (source: TAXCODE 5 default). Verify count. (rows 456, EVENTNO=4560)
--------------------------------------------------------------------------------

[29-Jun-2026 11:39:26] J169195
Type: Validation error
Error: Validation failed: 2 errors, 0 warnings (0 acknowledged, 0 new)
ID: Ingestion:ValidationFailed
Location: BatchUploader.uploadSurvey (line 376)
Validation Details:
  Errors: 2
  Warnings: 0
  Details:
    - [ERROR] DAY: Required field DAY cannot be NULL or empty (rows 281)
    - [ERROR] YEAR: YEAR outside valid range [1970, 2027] (rows [1;2;3;4;5;6;7;8;9;10;11;12])
--------------------------------------------------------------------------------

[29-Jun-2026 11:39:26] L180196
Type: Validation error
Error: Validation failed: 0 errors, 1 warnings (0 acknowledged, 1 new)
ID: Ingestion:ValidationFailed
Location: BatchUploader.uploadSurvey (line 376)
Validation Details:
  Errors: 0
  Warnings: 1
  Details:
    - [WARNING] BEHAV: Calf-associated behavior(s) 40 recorded but no calf present (rows 87, EVENTNO=780)
--------------------------------------------------------------------------------

[29-Jun-2026 11:39:27] M679131
Type: Validation error
Error: Validation failed: 0 errors, 1 warnings (0 acknowledged, 1 new)
ID: Ingestion:ValidationFailed
Location: BatchUploader.uploadSurvey (line 376)
Validation Details:
  Errors: 0
  Warnings: 1
  Details:
    - [WARNING] BEHAV: Calf-associated behavior(s) 40 recorded but no calf present (rows 12, EVENTNO=380)
--------------------------------------------------------------------------------

[29-Jun-2026 11:39:29] O100503
Type: Validation error
Error: Validation failed: 3 errors, 61 warnings (0 acknowledged, 61 new)
ID: Ingestion:ValidationFailed
Location: BatchUploader.uploadSurvey (line 376)
Validation Details:
  Errors: 3
  Warnings: 61
  Details:
    - [ERROR] MONTH: Required field MONTH cannot be NULL or empty (rows [21;27;221;222;305;379;467;526;556;628;629;633;634;652;846])
    - [ERROR] DAY: Required field DAY cannot be NULL or empty (rows [7;9;10;21;27;28;31;218;219;221;222;224;227;228;259;274;305;313;379;440;441;445;464;465;466;467;477;526;529;532;556;557;572;578;579;626;627;628;629;633;634;636;650;652;653;657;662;674;742;811;829;830;846])
    - [ERROR] YEAR: YEAR outside valid range [1970, 2027] (rows [7;16;21;22;23;24;25;26;27;28;29;30;31;32;33;215;216;217;218;219;220;221;222;223;224;225;226;227;228;229;230;269;274;275;276;277;280;305;306;307;308;309;310;311;312;440;441;463;464;466;467;468;469;470;471;472;526;527;528;529;530;531;532;533;556;557;558;559;569;570;571;572;573;574;575;576;577;578;579;580;581;626;627;628;629;630;631;632;633;650;651;652;653;654;655;656;657;658;659;660;661;730;731;732;733;734;742;743;744;745;791;792;798;846])
    - [WARNING] YEAR: YEAR before 1890 - verify data quality (rows 21, EVENTNO=27)
    - [WARNING] YEAR: YEAR before 1890 - verify data quality (rows 22, EVENTNO=37)
    - [WARNING] YEAR: YEAR before 1890 - verify data quality (rows 23, EVENTNO=42)
    - [WARNING] YEAR: YEAR before 1890 - verify data quality (rows 215, EVENTNO=314)
    - [WARNING] YEAR: YEAR before 1890 - verify data quality (rows 216, EVENTNO=315)
    - [WARNING] YEAR: YEAR before 1890 - verify data quality (rows 217, EVENTNO=316)
    - [WARNING] YEAR: YEAR before 1890 - verify data quality (rows 218, EVENTNO=317)
    - [WARNING] YEAR: YEAR before 1890 - verify data quality (rows 219, EVENTNO=318)
    - [WARNING] YEAR: YEAR before 1890 - verify data quality (rows 220, EVENTNO=319)
    - [WARNING] YEAR: YEAR before 1890 - verify data quality (rows 221, EVENTNO=320)
    - [WARNING] YEAR: YEAR before 1890 - verify data quality (rows 222, EVENTNO=322)
    - [WARNING] YEAR: YEAR before 1890 - verify data quality (rows 305, EVENTNO=440)
    - [WARNING] YEAR: YEAR before 1890 - verify data quality (rows 440, EVENTNO=670)
    - [WARNING] YEAR: YEAR before 1890 - verify data quality (rows 466, EVENTNO=705)
    - [WARNING] YEAR: YEAR before 1890 - verify data quality (rows 467, EVENTNO=706)
    - [WARNING] YEAR: YEAR before 1890 - verify data quality (rows 526, EVENTNO=779)
    - [WARNING] YEAR: YEAR before 1890 - verify data quality (rows 527, EVENTNO=780)
    - [WARNING] YEAR: YEAR before 1890 - verify data quality (rows 528, EVENTNO=782)
    - [WARNING] YEAR: YEAR before 1890 - verify data quality (rows 529, EVENTNO=783)
    - [WARNING] YEAR: YEAR before 1890 - verify data quality (rows 530, EVENTNO=784)
    - [WARNING] YEAR: YEAR before 1890 - verify data quality (rows 556, EVENTNO=816)
    - [WARNING] YEAR: YEAR before 1890 - verify data quality (rows 557, EVENTNO=817)
    - [WARNING] YEAR: YEAR before 1890 - verify data quality (rows 569, EVENTNO=838)
    - [WARNING] YEAR: YEAR before 1890 - verify data quality (rows 570, EVENTNO=839)
    - [WARNING] YEAR: YEAR before 1890 - verify data quality (rows 571, EVENTNO=840)
    - [WARNING] YEAR: YEAR before 1890 - verify data quality (rows 572, EVENTNO=843)
    - [WARNING] YEAR: YEAR before 1890 - verify data quality (rows 626, EVENTNO=924)
    - [WARNING] YEAR: YEAR before 1890 - verify data quality (rows 627, EVENTNO=928)
    - [WARNING] YEAR: YEAR before 1890 - verify data quality (rows 650, EVENTNO=1001)
    - [WARNING] YEAR: YEAR before 1890 - verify data quality (rows 651, EVENTNO=1002)
    - [WARNING] YEAR: YEAR before 1890 - verify data quality (rows 798, EVENTNO=1203)
    - [WARNING] NUMBER: NUMBER is zero for sighting record (rows 17, EVENTNO=22)
    - [WARNING] NUMBER: NUMBER is zero for sighting record (rows 22, EVENTNO=37)
    - [WARNING] NUMBER: NUMBER is zero for sighting record (rows 23, EVENTNO=42)
    - [WARNING] NUMBER: NUMBER is zero for sighting record (rows 25, EVENTNO=48)
    - [WARNING] NUMBER: NUMBER is zero for sighting record (rows 27, EVENTNO=55)
    - [WARNING] NUMBER: NUMBER is zero for sighting record (rows 28, EVENTNO=56)
    - [WARNING] NUMBER: NUMBER is zero for sighting record (rows 31, EVENTNO=60)
    - [WARNING] NUMBER: NUMBER is zero for sighting record (rows 211, EVENTNO=307)
    - [WARNING] NUMBER: NUMBER is zero for sighting record (rows 218, EVENTNO=317)
    - [WARNING] NUMBER: NUMBER is zero for sighting record (rows 220, EVENTNO=319)
    - [WARNING] NUMBER: NUMBER is zero for sighting record (rows 224, EVENTNO=325)
    - [WARNING] NUMBER: NUMBER is zero for sighting record (rows 275, EVENTNO=395)
    - [WARNING] NUMBER: NUMBER is zero for sighting record (rows 307, EVENTNO=444)
    - [WARNING] NUMBER: NUMBER is zero for sighting record (rows 308, EVENTNO=445)
    - [WARNING] NUMBER: NUMBER is zero for sighting record (rows 312, EVENTNO=451)
    - [WARNING] NUMBER: NUMBER is zero for sighting record (rows 314, EVENTNO=455)
    - [WARNING] NUMBER: NUMBER is zero for sighting record (rows 441, EVENTNO=671)
    - [WARNING] NUMBER: NUMBER is zero for sighting record (rows 442, EVENTNO=672)
    - [WARNING] NUMBER: NUMBER is zero for sighting record (rows 445, EVENTNO=676)
    - [WARNING] NUMBER: NUMBER is zero for sighting record (rows 468, EVENTNO=707)
    - [WARNING] NUMBER: NUMBER is zero for sighting record (rows 570, EVENTNO=839)
    - [WARNING] NUMBER: NUMBER is zero for sighting record (rows 571, EVENTNO=840)
    - [WARNING] NUMBER: NUMBER is zero for sighting record (rows 650, EVENTNO=1001)
    - [WARNING] NUMBER: NUMBER is zero for sighting record (rows 651, EVENTNO=1002)
    - [WARNING] NUMBER: NUMBER is zero for sighting record (rows 652, EVENTNO=1008)
    - [WARNING] NUMBER: NUMBER is zero for sighting record (rows 653, EVENTNO=1010)
    - [WARNING] NUMBER: NUMBER is zero for sighting record (rows 663, EVENTNO=1026)
    - [WARNING] NUMBER: NUMBER is zero for sighting record (rows 743, EVENTNO=1136)
    - [WARNING] NUMBER: NUMBER is zero for sighting record (rows 829, EVENTNO=1237)
    - [WARNING] BEHAV: Calf-associated behavior(s) 40 recorded but no calf present (rows 630, EVENTNO=966)
--------------------------------------------------------------------------------

[29-Jun-2026 11:39:29] O100510
Type: Validation error
Error: Validation failed: 3 errors, 35 warnings (0 acknowledged, 35 new)
ID: Ingestion:ValidationFailed
Location: BatchUploader.uploadSurvey (line 376)
Validation Details:
  Errors: 3
  Warnings: 35
  Details:
    - [ERROR] MONTH: Required field MONTH cannot be NULL or empty (rows [1;2])
    - [ERROR] DAY: Required field DAY cannot be NULL or empty (rows [1;2;4;5;6;11;12;15;16;19;20;25;31;32;38;39;40;45;46;49;50;52;54;56;57;72;79])
    - [ERROR] YEAR: YEAR outside valid range [1970, 2027] (rows [1;2;3;4;5;6;7;8;9;10;11;12;13;14;15;16;17;18;19;20;21;22;23;24;25;26;27;28;29;30;31;32;33;34;35;36;37;38;39;40;41;42;43;44;45;46;47;48;49;50;51;52;53;54;55])
    - [WARNING] YEAR: YEAR before 1890 - verify data quality (rows 1, EVENTNO=1)
    - [WARNING] YEAR: YEAR before 1890 - verify data quality (rows 2, EVENTNO=2)
    - [WARNING] YEAR: YEAR before 1890 - verify data quality (rows 3, EVENTNO=3)
    - [WARNING] YEAR: YEAR before 1890 - verify data quality (rows 4, EVENTNO=4)
    - [WARNING] YEAR: YEAR before 1890 - verify data quality (rows 5, EVENTNO=5)
    - [WARNING] YEAR: YEAR before 1890 - verify data quality (rows 6, EVENTNO=6)
    - [WARNING] YEAR: YEAR before 1890 - verify data quality (rows 7, EVENTNO=7)
    - [WARNING] YEAR: YEAR before 1890 - verify data quality (rows 8, EVENTNO=8)
    - [WARNING] YEAR: YEAR before 1890 - verify data quality (rows 9, EVENTNO=9)
    - [WARNING] YEAR: YEAR before 1890 - verify data quality (rows 10, EVENTNO=10)
    - [WARNING] YEAR: YEAR before 1890 - verify data quality (rows 11, EVENTNO=11)
    - [WARNING] YEAR: YEAR before 1890 - verify data quality (rows 12, EVENTNO=12)
    - [WARNING] YEAR: YEAR before 1890 - verify data quality (rows 13, EVENTNO=13)
    - [WARNING] YEAR: YEAR before 1890 - verify data quality (rows 14, EVENTNO=14)
    - [WARNING] YEAR: YEAR before 1890 - verify data quality (rows 15, EVENTNO=15)
    - [WARNING] YEAR: YEAR before 1890 - verify data quality (rows 16, EVENTNO=16)
    - [WARNING] YEAR: YEAR before 1890 - verify data quality (rows 17, EVENTNO=17)
    - [WARNING] YEAR: YEAR before 1890 - verify data quality (rows 18, EVENTNO=18)
    - [WARNING] YEAR: YEAR before 1890 - verify data quality (rows 19, EVENTNO=19)
    - [WARNING] YEAR: YEAR before 1890 - verify data quality (rows 20, EVENTNO=20)
    - [WARNING] YEAR: YEAR before 1890 - verify data quality (rows 21, EVENTNO=21)
    - [WARNING] YEAR: YEAR before 1890 - verify data quality (rows 22, EVENTNO=22)
    - [WARNING] YEAR: YEAR before 1890 - verify data quality (rows 23, EVENTNO=23)
    - [WARNING] YEAR: YEAR before 1890 - verify data quality (rows 24, EVENTNO=24)
    - [WARNING] YEAR: YEAR before 1890 - verify data quality (rows 25, EVENTNO=25)
    - [WARNING] YEAR: YEAR before 1890 - verify data quality (rows 26, EVENTNO=26)
    - [WARNING] YEAR: YEAR before 1890 - verify data quality (rows 27, EVENTNO=27)
    - [WARNING] YEAR: YEAR before 1890 - verify data quality (rows 28, EVENTNO=28)
    - [WARNING] YEAR: YEAR before 1890 - verify data quality (rows 29, EVENTNO=29)
    - [WARNING] YEAR: YEAR before 1890 - verify data quality (rows 30, EVENTNO=30)
    - [WARNING] YEAR: YEAR before 1890 - verify data quality (rows 31, EVENTNO=31)
    - [WARNING] YEAR: YEAR before 1890 - verify data quality (rows 32, EVENTNO=32)
    - [WARNING] YEAR: YEAR before 1890 - verify data quality (rows 33, EVENTNO=33)
    - [WARNING] YEAR: YEAR before 1890 - verify data quality (rows 34, EVENTNO=34)
    - [WARNING] BEHAV: Calf-associated behavior(s) 40 recorded but no calf present (rows 107, EVENTNO=107)
--------------------------------------------------------------------------------

[29-Jun-2026 11:39:30] O101506
Type: Validation error
Error: Validation failed: 1 errors, 0 warnings (0 acknowledged, 0 new)
ID: Ingestion:ValidationFailed
Location: BatchUploader.uploadSurvey (line 376)
Validation Details:
  Errors: 1
  Warnings: 0
  Details:
    - [ERROR] YEAR: YEAR outside valid range [1970, 2027] (rows [1;2;3;4;5;6;7;8])
--------------------------------------------------------------------------------

[29-Jun-2026 11:39:33] O166198
Type: Validation error
Error: Validation failed: 1 errors, 0 warnings (0 acknowledged, 0 new)
ID: Ingestion:ValidationFailed
Location: BatchUploader.uploadSurvey (line 376)
Validation Details:
  Errors: 1
  Warnings: 0
  Details:
    - [ERROR] YEAR: YEAR outside valid range [1970, 2027] (rows [1;2;3;4;5;6;7;8;9;10;11;12;13;14;15;16;17;18;19;20;21;22;23;24;25;26;27;28;29;30;31;32;33;34;35;36;37;38;39;40;41;42;43;44;45;46;47;48;49;50;51;52;53;54;55;56;57;58;59;60;61;62;63;64;65;66;67;68;69;70;71;72;73;74;75;76;77;78;79;80;81;82;83;84;85;86;87;88;89;90;91;92;93;94;95;96;97;98;99;100;101;102;103;104;105;106;107;108;109;110;111;112;113;114;115;116;117;118;119;120;121;122;123;124;125;126;127;128;129;130;131;132;133;134;135;136;137;138;139;140;141;142;143;144;145;146;147;148;149;150;151;152;153;154;155;156;157;158;159;160;161;162;163;164;165;166;167;168;169;170;171;172;173;174;175;176;177;178;179;180;181;182;183;184;185;186;187;188;189;190;191;192;193;194;195;196;197;198;199;200;201;202;203;204;205;206;207;208;209;210;211;212;213;214;215;216;217;218;219;220;221;222;223;224;225;226;227;228;229;230;231;232;233;234;235;236;237;238;239;240;241;242;243;244;245;246;247;248;249;250;251;252;253;254;255;256;257;258;259;260;261;262;263;264;265;266;267;268;269;270;271;272;273;274;275;276;277;278;279;280;281;282;283;284;285;286;287;288;289;290;291;292;293;294;295;296;297;298;299;300;301;302;303;304;305;306;307;308;309;310;311;312;313;314;315;316;317;318;319;320;321;322;323;324;325;326;327;328;329;330;331;332;333;334;335;336;337;338;339;340;341;342;343;344;345;346;347;348;349;350;351;352;353;354;355;356;357;358;359;360;361;362;363;364;365;366;367;368;369;370;371;372;373;374;375;376;377;378;379;380;381;382;383;384;385;386;387;388;389;390;391;392;393;394;395;396;397;398;399;400;401;402;403;404;405;406;407;408;409;410;411;412;413;414;415;416;417;418;419;420;421;422;423;424;425;426;427;428;429;430;431;432;433;434;435;436;437;438;439;440;441;442;443;444;445;446;447;448;449;450;451;452;453;454;455;456;457;458;459;460;461;462;463;464;465;466;467;468;469;470;471;472;473;474;475;476;477;478;479;480;481;482;483;484;485;486;487;488;489;490;491;492;493;494;495;496;497;498;499;500;501;502;503;504;505;506;507;508;509;510;511;512;513;514;515;516;517;518;519;520;521;522;523;524;525;526;527;528;529;530;531;532;533;534;535;536;537;538;539;540;541;542;543;544;545;546;547;548;549;550;551;552;553;554;555;556;557;558;559;560;561;562;563;564;565;566;567;568;569;570;571;572;573;574;575;576;577;578;579;580;581;582;583;584;585;586;587;588;589;590;591;592;593;594;595;596;597;598;599;600;601;602;603;604;605;606;607;608;609;610;611;612;613;614;615;616;617;618;619;620;621;622;623;624;625;626;627;628;629;630;631;632;633;634;635;636;637;638;639;640;641;642;643;644;645;646;647;648;649;650;651;652;653;654;655;656;657;658;659;660;661;662;663;664;665;666;667;668;669;670;671;672;673;674;675;676;677;678;679;680;681;682;683;684;685;686;687;688;689;690;691;692;693;694;695;696;697;698;699;700;701;702;703;704;705;706;707;708;709;710;711;712;713;714;715;716;717;718;719;720;721;722;723;724;725;726;727;728;729;730;731;732;733;734;735;736;737;738;739;740;741;742;743;744;745;746;747;748;749;750;751;752;753;754;755;756;757;758;759;760;761;762;763;764;765;766;767;768;769;770;771;772;773;774;775;776;777;778;779;780;781;782;783;784;785;786;787;788;789;790;791;792;793;794;795;796;797;798;799;800;801;802;803;804;805;806;807;808;809;810;811;812;813;814;815;816;817;818;819;820;821;822;823;824;825;826;827;828;829;830;831;832;833;834;835;836;837;838;839;840;841;842;843;844;845;846;847;848;849;850;851;852;853;854;855;856;857;858;859;860;861;862;863;864;865;866;867;868;869;870;871;872;873;874;875;876;877;878;879;880;881;882;883;884;885;886;887;888;889;890;891;892;893;894;895;896;897;898;899;900;901;902;903;904;905;906;907;908;909;910;911;912;913;914;915;916;917;918;919;920;921;922;923;924;925;926;927;928;929;930;931;932;933;934;935;936;937;938;939;940;941;942;943;944;945;946;947;948;949;950;951;952;953;954;955;956;957;958;959;960;961;962;963;964;965;966;967;968;969;970;971;972;973;974;975;976;977;978;979;980;981;982;983;984;985;986;987;988;989;990;991;992;993;994;995;996;997;998;999;1000;1001;1002;1003;1004;1005;1006;1007;1008;1009;1010;1011;1012;1013;1014;1015;1016;1017;1018;1019;1020;1021;1022;1023;1024;1025;1026;1027;1028;1029;1030;1031;1032;1033;1034;1035;1036;1037;1038;1039;1040;1041;1042;1043;1044;1045;1046;1047;1048;1049;1050;1051;1052;1053;1054;1055;1056;1057;1058;1059;1060;1061;1062;1063;1064;1065;1066;1067;1068;1069;1070;1071;1072;1073;1074;1075;1076;1077;1078;1079;1080;1081;1082;1083;1084;1085;1086;1087;1088;1089;1090;1091;1092;1093;1094;1095;1096;1097;1098;1099;1100;1101;1102;1103;1104;1105;1106;1107;1108;1109;1110;1111;1112;1113;1114;1115;1116;1117])
--------------------------------------------------------------------------------

[29-Jun-2026 11:39:33] O166201
Type: Validation error
Error: Validation failed: 1 errors, 0 warnings (0 acknowledged, 0 new)
ID: Ingestion:ValidationFailed
Location: BatchUploader.uploadSurvey (line 376)
Validation Details:
  Errors: 1
  Warnings: 0
  Details:
    - [ERROR] YEAR: YEAR outside valid range [1970, 2027] (rows [1;2;3;4;5;6;7;8;9;10;11;12;13;14;15;16;17;18;19;20;21;22;23;24;25;26;27;28;29;30;31;32;33;34;35;36;37;38;39;40;41;42;43;44;45;46;47;48;49;50;51;52;53;54;55;56;57;58;59;60;61;62;63;64;65;66;67;68;69;70;71;72;73;74;75;76;77;78;79;80;81;82;83;84;85;86;87;88;89;90;91;92;93;94;95;96;97;98;99;100;101;102;103;104;105;106;107;108;109;110;111;112;113;114;115;116;117;118;119;120;121;122;123;124;125;126;127;128;129;130;131;132;133;134;135;136;137;138;139;140;141;142;143;144;145;146;147;148;149;150;151;152;153;154;155;156;157;158;159;160;161;162;163;164;165;166;167;168;169;170;171;172;173;174;175;176;177;178;179;180;181;182;183;184;185;186;187;188;189;190;191;192;193;194;195;196;197;198;199;200;201;202;203;204;205;206;207;208;209;210;211;212;213;214;215;216;217;218;219;220;221;222;223;224;225;226;227;228;229;230;231;232;233;234;235;236;237;238;239;240;241;242;243;244;245;246;247;248;249;250;251;252;253;254;255;256;257;258;259;260;261;262;263;264;265;266;267;268;269;270;271;272;273;274;275;276;277;278;279;280;281;282;283;284;285;286;287;288;289;290;291;292;293;294;295;296;297;298;299;300;301;302;303;304;305;306;307;308;309;310;311;312;313;314;315;316;317;318;319;320;321;322;323;324;325;326;327;328;329;330;331;332;333;334;335;336;337;338;339;340;341;342;343;344;345;346;347;348;349;350;351;352;353;354;355;356;357;358;359;360;361;362;363;364;365;366;367;368;369;370;371;372;373;374;375;376;377;378;379;380;381;382;383;384;385;386;387;388;389;390;391;392;393;394;395;396;397;398;399;400;401;402;403;404;405;406;407;408;409;410;411;412;413;414;415;416;417;418;419;420;421;422;423;424;425;426;427;428;429;430;431;432;433;434;435;436;437;438;439;440;441;442;443;444;445;446;447;448;449;450;451;452;453;454;455;456;457;458;459;460;461;462;463;464;465;466;467;468;469;470;471;472;473;474;475;476;477;478;479;480;481;482;483;484;485;486;487;488;489;490;491;492;493;494;495;496;497;498;499;500;501;502;503;504;505;506;507;508;509;510;511;512;513;514;515;516;517;518;519;520;521;522;523;524;525;526;527;528;529;530;531;532;533;534;535;536;537;538])
--------------------------------------------------------------------------------

[29-Jun-2026 11:39:34] O177001
Type: Validation error
Error: Validation failed: 0 errors, 2 warnings (0 acknowledged, 2 new)
ID: Ingestion:ValidationFailed
Location: BatchUploader.uploadSurvey (line 376)
Validation Details:
  Errors: 0
  Warnings: 2
  Details:
    - [WARNING] LAT_DD: Latitude outside typical survey area [20.0, 55.0] (rows 4, EVENTNO=5)
    - [WARNING] LONG_DD: Longitude outside typical survey area [-85.0, -40.0] (rows 4, EVENTNO=5)
--------------------------------------------------------------------------------

[29-Jun-2026 11:39:35] O178552
Type: Validation error
Error: Validation failed: 0 errors, 2 warnings (0 acknowledged, 2 new)
ID: Ingestion:ValidationFailed
Location: BatchUploader.uploadSurvey (line 376)
Validation Details:
  Errors: 0
  Warnings: 2
  Details:
    - [WARNING] BEHAV: Calf-associated behavior(s) 40 recorded but no calf present (rows 15, EVENTNO=78833)
    - [WARNING] BEHAV: Calf-associated behavior(s) 40 recorded but no calf present (rows 37, EVENTNO=78855)
--------------------------------------------------------------------------------

[29-Jun-2026 11:39:35] O179101
Type: Validation error
Error: Validation failed: 0 errors, 1 warnings (0 acknowledged, 1 new)
ID: Ingestion:ValidationFailed
Location: BatchUploader.uploadSurvey (line 376)
Validation Details:
  Errors: 0
  Warnings: 1
  Details:
    - [WARNING] BEHAV: Calf-associated behavior(s) 40 recorded but no calf present (rows 5, EVENTNO=50)
--------------------------------------------------------------------------------

[29-Jun-2026 11:39:36] O179109
Type: Validation error
Error: Validation failed: 0 errors, 1 warnings (0 acknowledged, 1 new)
ID: Ingestion:ValidationFailed
Location: BatchUploader.uploadSurvey (line 376)
Validation Details:
  Errors: 0
  Warnings: 1
  Details:
    - [WARNING] BEHAV: Calf-associated behavior(s) 40 recorded but no calf present (rows 1, EVENTNO=10)
--------------------------------------------------------------------------------

[29-Jun-2026 11:39:37] O179110
Type: Validation error
Error: Validation failed: 0 errors, 22 warnings (0 acknowledged, 22 new)
ID: Ingestion:ValidationFailed
Location: BatchUploader.uploadSurvey (line 376)
Validation Details:
  Errors: 0
  Warnings: 22
  Details:
    - [WARNING] BEHAV: Calf-associated behavior(s) 40 recorded but no calf present (rows 5, EVENTNO=50)
    - [WARNING] BEHAV: Calf-associated behavior(s) 40 recorded but no calf present (rows 16, EVENTNO=160)
    - [WARNING] BEHAV: Calf-associated behavior(s) 40 recorded but no calf present (rows 26, EVENTNO=250)
    - [WARNING] BEHAV: Calf-associated behavior(s) 40 recorded but no calf present (rows 34, EVENTNO=330)
    - [WARNING] BEHAV: Calf-associated behavior(s) 40 recorded but no calf present (rows 44, EVENTNO=420)
    - [WARNING] BEHAV: Calf-associated behavior(s) 40 recorded but no calf present (rows 46, EVENTNO=440)
    - [WARNING] BEHAV: Calf-associated behavior(s) 40 recorded but no calf present (rows 50, EVENTNO=480)
    - [WARNING] BEHAV: Calf-associated behavior(s) 40 recorded but no calf present (rows 51, EVENTNO=490)
    - [WARNING] BEHAV: Calf-associated behavior(s) 40 recorded but no calf present (rows 59, EVENTNO=570)
    - [WARNING] BEHAV: Calf-associated behavior(s) 40 recorded but no calf present (rows 72, EVENTNO=700)
    - [WARNING] BEHAV: Calf-associated behavior(s) 40 recorded but no calf present (rows 77, EVENTNO=740)
    - [WARNING] BEHAV: Calf-associated behavior(s) 40 recorded but no calf present (rows 97, EVENTNO=940)
    - [WARNING] BEHAV: Calf-associated behavior(s) 40 recorded but no calf present (rows 102, EVENTNO=990)
    - [WARNING] BEHAV: Calf-associated behavior(s) 40 recorded but no calf present (rows 106, EVENTNO=1020)
    - [WARNING] BEHAV: Calf-associated behavior(s) 40 recorded but no calf present (rows 208, EVENTNO=1890)
    - [WARNING] BEHAV: Calf-associated behavior(s) 40 recorded but no calf present (rows 210, EVENTNO=1910)
    - [WARNING] BEHAV: Calf-associated behavior(s) 40 recorded but no calf present (rows 256, EVENTNO=2200)
    - [WARNING] BEHAV: Calf-associated behavior(s) 40 recorded but no calf present (rows 263, EVENTNO=2260)
    - [WARNING] BEHAV: Calf-associated behavior(s) 40 recorded but no calf present (rows 286, EVENTNO=2410)
    - [WARNING] BEHAV: Calf-associated behavior(s) 40 recorded but no calf present (rows 296, EVENTNO=2450)
    - [WARNING] BEHAV: Calf-associated behavior(s) 40 recorded but no calf present (rows 314, EVENTNO=2580)
    - [WARNING] BEHAV: Calf-associated behavior(s) 40 recorded but no calf present (rows 319, EVENTNO=2610)
--------------------------------------------------------------------------------

[29-Jun-2026 11:39:37] O179121
Type: Validation error
Error: Validation failed: 0 errors, 3 warnings (0 acknowledged, 3 new)
ID: Ingestion:ValidationFailed
Location: BatchUploader.uploadSurvey (line 376)
Validation Details:
  Errors: 0
  Warnings: 3
  Details:
    - [WARNING] BEHAV: Calf-associated behavior(s) 40 recorded but no calf present (rows 25, EVENTNO=140)
    - [WARNING] BEHAV: Calf-associated behavior(s) 40 recorded but no calf present (rows 28, EVENTNO=170)
    - [WARNING] BEHAV: Calf-associated behavior(s) 40 recorded but no calf present (rows 35, EVENTNO=230)
--------------------------------------------------------------------------------

[29-Jun-2026 11:39:38] O179123
Type: Validation error
Error: Validation failed: 0 errors, 6 warnings (0 acknowledged, 6 new)
ID: Ingestion:ValidationFailed
Location: BatchUploader.uploadSurvey (line 376)
Validation Details:
  Errors: 0
  Warnings: 6
  Details:
    - [WARNING] BEHAV: Calf-associated behavior(s) 40 recorded but no calf present (rows 7, EVENTNO=70)
    - [WARNING] BEHAV: Calf-associated behavior(s) 40 recorded but no calf present (rows 9, EVENTNO=80)
    - [WARNING] BEHAV: Calf-associated behavior(s) 40 recorded but no calf present (rows 12, EVENTNO=100)
    - [WARNING] BEHAV: Calf-associated behavior(s) 40 recorded but no calf present (rows 21, EVENTNO=160)
    - [WARNING] BEHAV: Calf-associated behavior(s) 40 recorded but no calf present (rows 22, EVENTNO=170)
    - [WARNING] BEHAV: Calf-associated behavior(s) 40 recorded but no calf present (rows 33, EVENTNO=260)
--------------------------------------------------------------------------------

[29-Jun-2026 11:39:39] O179152
Type: Validation error
Error: Validation failed: 0 errors, 1 warnings (0 acknowledged, 1 new)
ID: Ingestion:ValidationFailed
Location: BatchUploader.uploadSurvey (line 376)
Validation Details:
  Errors: 0
  Warnings: 1
  Details:
    - [WARNING] BEHAV: Calf-associated behavior(s) 40 recorded but no calf present (rows 3, EVENTNO=30)
--------------------------------------------------------------------------------

[29-Jun-2026 11:39:39] O179176
Type: Validation error
Error: Validation failed: 1 errors, 0 warnings (0 acknowledged, 0 new)
ID: Ingestion:ValidationFailed
Location: BatchUploader.uploadSurvey (line 376)
Validation Details:
  Errors: 1
  Warnings: 0
  Details:
    - [ERROR] DAY: Required field DAY cannot be NULL or empty (rows [1;2;3;4;5])
--------------------------------------------------------------------------------

[29-Jun-2026 11:39:40] O179182
Type: Validation error
Error: Validation failed: 0 errors, 1 warnings (0 acknowledged, 1 new)
ID: Ingestion:ValidationFailed
Location: BatchUploader.uploadSurvey (line 376)
Validation Details:
  Errors: 0
  Warnings: 1
  Details:
    - [WARNING] BEHAV: Calf-associated behavior(s) 40 recorded but no calf present (rows 12, EVENTNO=60)
--------------------------------------------------------------------------------

[29-Jun-2026 11:39:40] O179247
Type: Validation error
Error: Validation failed: 0 errors, 1 warnings (0 acknowledged, 1 new)
ID: Ingestion:ValidationFailed
Location: BatchUploader.uploadSurvey (line 376)
Validation Details:
  Errors: 0
  Warnings: 1
  Details:
    - [WARNING] BEHAV: Calf-associated behavior(s) 40 recorded but no calf present (rows 1, EVENTNO=10)
--------------------------------------------------------------------------------

[29-Jun-2026 11:39:41] O179296
Type: Validation error
Error: Validation failed: 0 errors, 3 warnings (0 acknowledged, 3 new)
ID: Ingestion:ValidationFailed
Location: BatchUploader.uploadSurvey (line 376)
Validation Details:
  Errors: 0
  Warnings: 3
  Details:
    - [WARNING] BEHAV: Calf-associated behavior(s) 40 recorded but no calf present (rows 1, EVENTNO=10)
    - [WARNING] BEHAV: Calf-associated behavior(s) 40 recorded but no calf present (rows 2, EVENTNO=20)
    - [WARNING] BEHAV: Calf-associated behavior(s) 40 recorded but no calf present (rows 4, EVENTNO=40)
--------------------------------------------------------------------------------

[29-Jun-2026 11:39:42] O179551
Type: Validation error
Error: Validation failed: 1 errors, 6 warnings (0 acknowledged, 6 new)
ID: Ingestion:ValidationFailed
Location: BatchUploader.uploadSurvey (line 376)
Validation Details:
  Errors: 1
  Warnings: 6
  Details:
    - [ERROR] DAY: Required field DAY cannot be NULL or empty (rows [11;184])
    - [WARNING] BEHAV: Calf-associated behavior(s) 40 recorded but no calf present (rows 1, EVENTNO=79001)
    - [WARNING] BEHAV: Calf-associated behavior(s) 40 recorded but no calf present (rows 104, EVENTNO=79109)
    - [WARNING] BEHAV: Calf-associated behavior(s) 40 recorded but no calf present (rows 106, EVENTNO=79111)
    - [WARNING] BEHAV: Calf-associated behavior(s) 40 recorded but no calf present (rows 114, EVENTNO=79119)
    - [WARNING] BEHAV: Calf-associated behavior(s) 40 recorded but no calf present (rows 122, EVENTNO=79127)
    - [WARNING] BEHAV: Calf-associated behavior(s) 40 recorded but no calf present (rows 134, EVENTNO=79140)
--------------------------------------------------------------------------------

[29-Jun-2026 11:39:43] O179552
Type: Validation error
Error: Validation failed: 1 errors, 14 warnings (0 acknowledged, 14 new)
ID: Ingestion:ValidationFailed
Location: BatchUploader.uploadSurvey (line 376)
Validation Details:
  Errors: 1
  Warnings: 14
  Details:
    - [ERROR] DAY: Required field DAY cannot be NULL or empty (rows 70)
    - [WARNING] BEHAV: Calf-associated behavior(s) 40 recorded but no calf present (rows 3, EVENTNO=79251)
    - [WARNING] BEHAV: Calf-associated behavior(s) 40 recorded but no calf present (rows 12, EVENTNO=79260)
    - [WARNING] BEHAV: Calf-associated behavior(s) 40 recorded but no calf present (rows 41, EVENTNO=79292)
    - [WARNING] BEHAV: Calf-associated behavior(s) 40 recorded but no calf present (rows 136, EVENTNO=79393)
    - [WARNING] BEHAV: Calf-associated behavior(s) 40 recorded but no calf present (rows 145, EVENTNO=79403)
    - [WARNING] BEHAV: Calf-associated behavior(s) 40 recorded but no calf present (rows 165, EVENTNO=79425)
    - [WARNING] BEHAV: Calf-associated behavior(s) 40 recorded but no calf present (rows 167, EVENTNO=79427)
    - [WARNING] BEHAV: Calf-associated behavior(s) 40 recorded but no calf present (rows 186, EVENTNO=79447)
    - [WARNING] BEHAV: Calf-associated behavior(s) 40 recorded but no calf present (rows 202, EVENTNO=79463)
    - [WARNING] BEHAV: Calf-associated behavior(s) 40 recorded but no calf present (rows 254, EVENTNO=79517)
    - [WARNING] BEHAV: Calf-associated behavior(s) 40 recorded but no calf present (rows 271, EVENTNO=79534)
    - [WARNING] BEHAV: Calf-associated behavior(s) 40 recorded but no calf present (rows 312, EVENTNO=79575)
    - [WARNING] BEHAV: Calf-associated behavior(s) 40 recorded but no calf present (rows 338, EVENTNO=79602)
    - [WARNING] BEHAV: Calf-associated behavior(s) 40 recorded but no calf present (rows 358, EVENTNO=79622)
--------------------------------------------------------------------------------

[29-Jun-2026 11:39:44] O180103
Type: Validation error
Error: Validation failed: 0 errors, 7 warnings (0 acknowledged, 7 new)
ID: Ingestion:ValidationFailed
Location: BatchUploader.uploadSurvey (line 376)
Validation Details:
  Errors: 0
  Warnings: 7
  Details:
    - [WARNING] BEHAV: Calf-associated behavior(s) [42 40] recorded but no calf present (rows 28, EVENTNO=180)
    - [WARNING] BEHAV: Calf-associated behavior(s) 40 recorded but no calf present (rows 36, EVENTNO=220)
    - [WARNING] BEHAV: Calf-associated behavior(s) 40 recorded but no calf present (rows 45, EVENTNO=260)
    - [WARNING] BEHAV: Calf-associated behavior(s) 40 recorded but no calf present (rows 50, EVENTNO=290)
    - [WARNING] BEHAV: Calf-associated behavior(s) 40 recorded but no calf present (rows 61, EVENTNO=370)
    - [WARNING] BEHAV: Calf-associated behavior(s) 40 recorded but no calf present (rows 62, EVENTNO=380)
    - [WARNING] BEHAV: Calf-associated behavior(s) 40 recorded but no calf present (rows 76, EVENTNO=500)
--------------------------------------------------------------------------------

[29-Jun-2026 11:39:44] O180106
Type: Validation error
Error: Validation failed: 0 errors, 1 warnings (0 acknowledged, 1 new)
ID: Ingestion:ValidationFailed
Location: BatchUploader.uploadSurvey (line 376)
Validation Details:
  Errors: 0
  Warnings: 1
  Details:
    - [WARNING] BEHAV: Calf-associated behavior(s) 40 recorded but no calf present (rows 3, EVENTNO=30)
--------------------------------------------------------------------------------

[29-Jun-2026 11:39:45] O180108
Type: Validation error
Error: Validation failed: 0 errors, 2 warnings (0 acknowledged, 2 new)
ID: Ingestion:ValidationFailed
Location: BatchUploader.uploadSurvey (line 376)
Validation Details:
  Errors: 0
  Warnings: 2
  Details:
    - [WARNING] BEHAV: Calf-associated behavior(s) 40 recorded but no calf present (rows 8, EVENTNO=80)
    - [WARNING] BEHAV: Calf-associated behavior(s) 40 recorded but no calf present (rows 12, EVENTNO=120)
--------------------------------------------------------------------------------

[29-Jun-2026 11:39:46] O180135
Type: Validation error
Error: Validation failed: 0 errors, 15 warnings (0 acknowledged, 15 new)
ID: Ingestion:ValidationFailed
Location: BatchUploader.uploadSurvey (line 376)
Validation Details:
  Errors: 0
  Warnings: 15
  Details:
    - [WARNING] NUMCALF: NUMCALF (1) is more than half of NUMBER (1) - verify count (rows 70, EVENTNO=500)
    - [WARNING] NUMCALF: NUMCALF (1) is more than half of NUMBER (1) - verify count (rows 127, EVENTNO=920)
    - [WARNING] NUMCALF: NUMCALF (1) is more than half of NUMBER (1) - verify count (rows 134, EVENTNO=960)
    - [WARNING] BEHAV: Calf-associated behavior(s) 40 recorded but no calf present (rows 16, EVENTNO=110)
    - [WARNING] BEHAV: Calf-associated behavior(s) 40 recorded but no calf present (rows 31, EVENTNO=200)
    - [WARNING] BEHAV: Calf-associated behavior(s) 40 recorded but no calf present (rows 35, EVENTNO=230)
    - [WARNING] BEHAV: Calf-associated behavior(s) 40 recorded but no calf present (rows 103, EVENTNO=730)
    - [WARNING] BEHAV: Calf-associated behavior(s) 40 recorded but no calf present (rows 104, EVENTNO=730)
    - [WARNING] BEHAV: Calf-associated behavior(s) [40 42] recorded but no calf present (rows 116, EVENTNO=830)
    - [WARNING] BEHAV: Calf-associated behavior(s) [40 42] recorded but no calf present (rows 126, EVENTNO=920)
    - [WARNING] BEHAV: Calf-associated behavior(s) 40 recorded but no calf present (rows 133, EVENTNO=960)
    - [WARNING] BEHAV: Calf-associated behavior(s) 40 recorded but no calf present (rows 163, EVENTNO=1200)
    - [WARNING] BEHAV: Calf-associated behavior(s) 40 recorded but no calf present (rows 167, EVENTNO=1240)
    - [WARNING] BEHAV: Calf-associated behavior(s) 40 recorded but no calf present (rows 169, EVENTNO=1260)
    - [WARNING] BEHAV: Calf-associated behavior(s) 40 recorded but no calf present (rows 170, EVENTNO=1260)
--------------------------------------------------------------------------------

[29-Jun-2026 11:39:46] O180138
Type: Validation error
Error: Validation failed: 0 errors, 4 warnings (0 acknowledged, 4 new)
ID: Ingestion:ValidationFailed
Location: BatchUploader.uploadSurvey (line 376)
Validation Details:
  Errors: 0
  Warnings: 4
  Details:
    - [WARNING] NUMBER: NUMBER=70 exceeds threshold 50 for SPECCODE=UNLW (source: TAXCODE 1 default). Verify count. (rows 11, EVENTNO=110)
    - [WARNING] BEHAV: Calf-associated behavior(s) 40 recorded but no calf present (rows 1, EVENTNO=10)
    - [WARNING] BEHAV: Calf-associated behavior(s) 40 recorded but no calf present (rows 38, EVENTNO=370)
    - [WARNING] BEHAV: Calf-associated behavior(s) 40 recorded but no calf present (rows 43, EVENTNO=420)
--------------------------------------------------------------------------------

[29-Jun-2026 11:39:47] O180153
Type: Validation error
Error: Validation failed: 0 errors, 1 warnings (0 acknowledged, 1 new)
ID: Ingestion:ValidationFailed
Location: BatchUploader.uploadSurvey (line 376)
Validation Details:
  Errors: 0
  Warnings: 1
  Details:
    - [WARNING] BEHAV: Calf-associated behavior(s) 40 recorded but no calf present (rows 1, EVENTNO=10)
--------------------------------------------------------------------------------

[29-Jun-2026 11:39:47] O180212
Type: Validation error
Error: Validation failed: 0 errors, 1 warnings (0 acknowledged, 1 new)
ID: Ingestion:ValidationFailed
Location: BatchUploader.uploadSurvey (line 376)
Validation Details:
  Errors: 0
  Warnings: 1
  Details:
    - [WARNING] BEHAV: Calf-associated behavior(s) 40 recorded but no calf present (rows 3, EVENTNO=30)
--------------------------------------------------------------------------------

[29-Jun-2026 11:39:48] O180509
Type: Validation error
Error: Validation failed: 1 errors, 1 warnings (0 acknowledged, 1 new)
ID: Ingestion:ValidationFailed
Location: BatchUploader.uploadSurvey (line 376)
Validation Details:
  Errors: 1
  Warnings: 1
  Details:
    - [ERROR] DAY: Required field DAY cannot be NULL or empty (rows 78)
    - [WARNING] NUMCALF: NUMCALF (1) is more than half of NUMBER (1) - verify count (rows 68, EVENTNO=915)
--------------------------------------------------------------------------------

[29-Jun-2026 11:39:48] O181046
Type: Validation error
Error: Validation failed: 0 errors, 6 warnings (0 acknowledged, 6 new)
ID: Ingestion:ValidationFailed
Location: BatchUploader.uploadSurvey (line 376)
Validation Details:
  Errors: 0
  Warnings: 6
  Details:
    - [WARNING] BEHAV: Calf-associated behavior(s) 40 recorded but no calf present (rows 15, EVENTNO=150)
    - [WARNING] BEHAV: Calf-associated behavior(s) 40 recorded but no calf present (rows 39, EVENTNO=390)
    - [WARNING] BEHAV: Calf-associated behavior(s) 40 recorded but no calf present (rows 54, EVENTNO=540)
    - [WARNING] BEHAV: Calf-associated behavior(s) 40 recorded but no calf present (rows 71, EVENTNO=710)
    - [WARNING] BEHAV: Calf-associated behavior(s) 40 recorded but no calf present (rows 93, EVENTNO=930)
    - [WARNING] BEHAV: Calf-associated behavior(s) 40 recorded but no calf present (rows 116, EVENTNO=1160)
--------------------------------------------------------------------------------

[29-Jun-2026 11:39:49] O181107
Type: Validation error
Error: Validation failed: 0 errors, 2 warnings (0 acknowledged, 2 new)
ID: Ingestion:ValidationFailed
Location: BatchUploader.uploadSurvey (line 376)
Validation Details:
  Errors: 0
  Warnings: 2
  Details:
    - [WARNING] BEHAV: Calf-associated behavior(s) 40 recorded but no calf present (rows 16, EVENTNO=160)
    - [WARNING] BEHAV: Calf-associated behavior(s) 40 recorded but no calf present (rows 26, EVENTNO=260)
--------------------------------------------------------------------------------

[29-Jun-2026 11:39:49] O181113
Type: Validation error
Error: Validation failed: 0 errors, 1 warnings (0 acknowledged, 1 new)
ID: Ingestion:ValidationFailed
Location: BatchUploader.uploadSurvey (line 376)
Validation Details:
  Errors: 0
  Warnings: 1
  Details:
    - [WARNING] BEHAV: Calf-associated behavior(s) 40 recorded but no calf present (rows 2, EVENTNO=20)
--------------------------------------------------------------------------------

[29-Jun-2026 11:39:50] O181130
Type: Validation error
Error: Validation failed: 0 errors, 2 warnings (0 acknowledged, 2 new)
ID: Ingestion:ValidationFailed
Location: BatchUploader.uploadSurvey (line 376)
Validation Details:
  Errors: 0
  Warnings: 2
  Details:
    - [WARNING] BEHAV: Calf-associated behavior(s) 40 recorded but no calf present (rows 191, EVENTNO=1280)
    - [WARNING] BEHAV: Calf-associated behavior(s) 40 recorded but no calf present (rows 214, EVENTNO=1450)
--------------------------------------------------------------------------------

[29-Jun-2026 11:39:51] O181169
Type: Validation error
Error: Validation failed: 0 errors, 1 warnings (0 acknowledged, 1 new)
ID: Ingestion:ValidationFailed
Location: BatchUploader.uploadSurvey (line 376)
Validation Details:
  Errors: 0
  Warnings: 1
  Details:
    - [WARNING] BEHAV: Calf-associated behavior(s) 40 recorded but no calf present (rows 19, EVENTNO=190)
--------------------------------------------------------------------------------

[29-Jun-2026 11:39:53] O181502
Type: Validation error
Error: Validation failed: 0 errors, 14 warnings (0 acknowledged, 14 new)
ID: Ingestion:ValidationFailed
Location: BatchUploader.uploadSurvey (line 376)
Validation Details:
  Errors: 0
  Warnings: 14
  Details:
    - [WARNING] NUMBER: NUMBER=60 exceeds threshold 50 for SPECCODE=FIWH (source: TAXCODE 1 default). Verify count. (rows 821, EVENTNO=821)
    - [WARNING] NUMBER: NUMBER=100 exceeds threshold 50 for SPECCODE=FIWH (source: TAXCODE 1 default). Verify count. (rows 829, EVENTNO=829)
    - [WARNING] NUMCALF: NUMCALF (1) is more than half of NUMBER (1) - verify count (rows 292, EVENTNO=292)
    - [WARNING] NUMCALF: NUMCALF (1) is more than half of NUMBER (1) - verify count (rows 966, EVENTNO=966)
    - [WARNING] BEHAV: Calf-associated behavior(s) 40 recorded but no calf present (rows 7, EVENTNO=7)
    - [WARNING] BEHAV: Calf-associated behavior(s) 40 recorded but no calf present (rows 226, EVENTNO=226)
    - [WARNING] BEHAV: Calf-associated behavior(s) 40 recorded but no calf present (rows 353, EVENTNO=353)
    - [WARNING] BEHAV: Calf-associated behavior(s) 40 recorded but no calf present (rows 384, EVENTNO=384)
    - [WARNING] BEHAV: Calf-associated behavior(s) 40 recorded but no calf present (rows 574, EVENTNO=574)
    - [WARNING] BEHAV: Calf-associated behavior(s) 40 recorded but no calf present (rows 590, EVENTNO=590)
    - [WARNING] BEHAV: Calf-associated behavior(s) 40 recorded but no calf present (rows 724, EVENTNO=724)
    - [WARNING] BEHAV: Calf-associated behavior(s) 40 recorded but no calf present (rows 726, EVENTNO=726)
    - [WARNING] BEHAV: Calf-associated behavior(s) 40 recorded but no calf present (rows 752, EVENTNO=752)
    - [WARNING] BEHAV: Calf-associated behavior(s) 40 recorded but no calf present (rows 1063, EVENTNO=1063)
--------------------------------------------------------------------------------

[29-Jun-2026 11:39:54] O183000
Type: Validation error
Error: Validation failed: 2 errors, 2 warnings (0 acknowledged, 2 new)
ID: Ingestion:ValidationFailed
Location: BatchUploader.uploadSurvey (line 376)
Validation Details:
  Errors: 2
  Warnings: 2
  Details:
    - [ERROR] DAY: Required field DAY cannot be NULL or empty (rows [7;79;80;133;138;157;158;159;162;165])
    - [ERROR] YEAR: YEAR outside valid range [1970, 2027] (rows [14;15;16;17;18;19;20;21;22;23;24;25;26;27;28;29;30;31;32;33;34;35;36;37;38;39;40;41;42;43;44;45])
    - [WARNING] NUMCALF: NUMCALF (1) is more than half of NUMBER (1) - verify count (rows 47, EVENTNO=47)
    - [WARNING] BEHAV: Calf-associated behavior(s) 40 recorded but no calf present (rows 164, EVENTNO=166)
--------------------------------------------------------------------------------

[29-Jun-2026 11:39:54] O187007
Type: Validation error
Error: Validation failed: 1 errors, 1 warnings (0 acknowledged, 1 new)
ID: Ingestion:ValidationFailed
Location: BatchUploader.uploadSurvey (line 376)
Validation Details:
  Errors: 1
  Warnings: 1
  Details:
    - [ERROR] DAY: Required field DAY cannot be NULL or empty (rows 15)
    - [WARNING] BEHAV: Calf-associated behavior(s) 40 recorded but no calf present (rows 2, EVENTNO=2)
--------------------------------------------------------------------------------

[29-Jun-2026 11:39:55] O188000
Type: Validation error
Error: Validation failed: 2 errors, 0 warnings (0 acknowledged, 0 new)
ID: Ingestion:ValidationFailed
Location: BatchUploader.uploadSurvey (line 376)
Validation Details:
  Errors: 2
  Warnings: 0
  Details:
    - [ERROR] DAY: Required field DAY cannot be NULL or empty (rows 3)
    - [ERROR] YEAR: YEAR outside valid range [1970, 2027] (rows 3)
--------------------------------------------------------------------------------

[29-Jun-2026 11:39:55] O188092
Type: Validation error
Error: Validation failed: 0 errors, 1 warnings (0 acknowledged, 1 new)
ID: Ingestion:ValidationFailed
Location: BatchUploader.uploadSurvey (line 376)
Validation Details:
  Errors: 0
  Warnings: 1
  Details:
    - [WARNING] NUMCALF: NUMCALF (1) is more than half of NUMBER (1) - verify count (rows 11, EVENTNO=11)
--------------------------------------------------------------------------------

[29-Jun-2026 11:39:57] O191284
Type: Validation error
Error: Validation failed: 1 errors, 20 warnings (0 acknowledged, 20 new)
ID: Ingestion:ValidationFailed
Location: BatchUploader.uploadSurvey (line 376)
Validation Details:
  Errors: 1
  Warnings: 20
  Details:
    - [ERROR] DAY: Required field DAY cannot be NULL or empty (rows [500;501])
    - [WARNING] LAT_DD: Latitude outside typical survey area [20.0, 55.0] (rows 70, EVENTNO=72)
    - [WARNING] LAT_DD: Latitude outside typical survey area [20.0, 55.0] (rows 101, EVENTNO=103)
    - [WARNING] LAT_DD: Latitude outside typical survey area [20.0, 55.0] (rows 102, EVENTNO=104)
    - [WARNING] LAT_DD: Latitude outside typical survey area [20.0, 55.0] (rows 103, EVENTNO=105)
    - [WARNING] LAT_DD: Latitude outside typical survey area [20.0, 55.0] (rows 269, EVENTNO=271)
    - [WARNING] BEHAV: Calf-associated behavior(s) 40 recorded but no calf present (rows 52, EVENTNO=52)
    - [WARNING] BEHAV: Calf-associated behavior(s) 40 recorded but no calf present (rows 104, EVENTNO=106)
    - [WARNING] BEHAV: Calf-associated behavior(s) 40 recorded but no calf present (rows 212, EVENTNO=214)
    - [WARNING] BEHAV: Calf-associated behavior(s) 40 recorded but no calf present (rows 271, EVENTNO=273)
    - [WARNING] BEHAV: Calf-associated behavior(s) 40 recorded but no calf present (rows 272, EVENTNO=274)
    - [WARNING] BEHAV: Calf-associated behavior(s) 40 recorded but no calf present (rows 277, EVENTNO=279)
    - [WARNING] BEHAV: Calf-associated behavior(s) 40 recorded but no calf present (rows 309, EVENTNO=311)
    - [WARNING] BEHAV: Calf-associated behavior(s) 40 recorded but no calf present (rows 388, EVENTNO=390)
    - [WARNING] BEHAV: Calf-associated behavior(s) 40 recorded but no calf present (rows 406, EVENTNO=408)
    - [WARNING] BEHAV: Calf-associated behavior(s) 40 recorded but no calf present (rows 407, EVENTNO=409)
    - [WARNING] BEHAV: Calf-associated behavior(s) 40 recorded but no calf present (rows 410, EVENTNO=412)
    - [WARNING] BEHAV: Calf-associated behavior(s) 40 recorded but no calf present (rows 413, EVENTNO=415)
    - [WARNING] BEHAV: Calf-associated behavior(s) 40 recorded but no calf present (rows 414, EVENTNO=416)
    - [WARNING] BEHAV: Calf-associated behavior(s) 40 recorded but no calf present (rows 415, EVENTNO=417)
    - [WARNING] BEHAV: Calf-associated behavior(s) 40 recorded but no calf present (rows 417, EVENTNO=419)
--------------------------------------------------------------------------------

[29-Jun-2026 11:39:59] O192508
Type: Validation error
Error: Validation failed: 2 errors, 2 warnings (0 acknowledged, 2 new)
ID: Ingestion:ValidationFailed
Location: BatchUploader.uploadSurvey (line 376)
Validation Details:
  Errors: 2
  Warnings: 2
  Details:
    - [ERROR] DAY: Required field DAY cannot be NULL or empty (rows 1159)
    - [ERROR] LAT_DD: Latitude out of valid range [-90.0, 90.0] (rows 31)
    - [WARNING] LAT_DD: Latitude outside typical survey area [20.0, 55.0] (rows 31, EVENTNO=32)
    - [WARNING] BEHAV: Calf-associated behavior(s) 40 recorded but no calf present (rows 318, EVENTNO=321)
--------------------------------------------------------------------------------

[29-Jun-2026 11:40:01] O195000
Type: Validation error
Error: Validation failed: 3 errors, 44 warnings (0 acknowledged, 44 new)
ID: Ingestion:ValidationFailed
Location: BatchUploader.uploadSurvey (line 376)
Validation Details:
  Errors: 3
  Warnings: 44
  Details:
    - [ERROR] MONTH: Required field MONTH cannot be NULL or empty (rows 15)
    - [ERROR] DAY: Required field DAY cannot be NULL or empty (rows [15;20;80;81;489;493;531])
    - [ERROR] YEAR: YEAR outside valid range [1970, 2027] (rows [1;2])
    - [WARNING] LAT_DD: Latitude outside typical survey area [20.0, 55.0] (rows 258, EVENTNO=379)
    - [WARNING] LONG_DD: Longitude outside typical survey area [-85.0, -40.0] (rows 258, EVENTNO=379)
    - [WARNING] LONG_DD: Longitude outside typical survey area [-85.0, -40.0] (rows 336, EVENTNO=531)
    - [WARNING] NUMCALF: NUMCALF (1) is more than half of NUMBER (1) - verify count (rows 48, EVENTNO=70)
    - [WARNING] NUMCALF: NUMCALF (1) is more than half of NUMBER (1) - verify count (rows 103, EVENTNO=164)
    - [WARNING] NUMCALF: NUMCALF (1) is more than half of NUMBER (1) - verify count (rows 142, EVENTNO=215)
    - [WARNING] NUMCALF: NUMCALF (1) is more than half of NUMBER (1) - verify count (rows 148, EVENTNO=222)
    - [WARNING] NUMCALF: NUMCALF (1) is more than half of NUMBER (1) - verify count (rows 161, EVENTNO=240)
    - [WARNING] NUMCALF: NUMCALF (1) is more than half of NUMBER (1) - verify count (rows 176, EVENTNO=262)
    - [WARNING] NUMCALF: NUMCALF (1) is more than half of NUMBER (1) - verify count (rows 184, EVENTNO=271)
    - [WARNING] NUMCALF: NUMCALF (1) is more than half of NUMBER (1) - verify count (rows 187, EVENTNO=277)
    - [WARNING] NUMCALF: NUMCALF (1) is more than half of NUMBER (1) - verify count (rows 202, EVENTNO=296)
    - [WARNING] NUMCALF: NUMCALF (1) is more than half of NUMBER (1) - verify count (rows 213, EVENTNO=309)
    - [WARNING] NUMCALF: NUMCALF (1) is more than half of NUMBER (1) - verify count (rows 289, EVENTNO=453)
    - [WARNING] NUMCALF: NUMCALF (1) is more than half of NUMBER (1) - verify count (rows 384, EVENTNO=628)
    - [WARNING] NUMCALF: NUMCALF (1) is more than half of NUMBER (1) - verify count (rows 391, EVENTNO=637)
    - [WARNING] NUMCALF: NUMCALF (1) is more than half of NUMBER (1) - verify count (rows 557, EVENTNO=916)
    - [WARNING] NUMCALF: NUMCALF (1) is more than half of NUMBER (1) - verify count (rows 581, EVENTNO=957)
    - [WARNING] NUMCALF: NUMCALF (1) is more than half of NUMBER (1) - verify count (rows 582, EVENTNO=957)
    - [WARNING] NUMCALF: NUMCALF (1) is more than half of NUMBER (1) - verify count (rows 602, EVENTNO=993)
    - [WARNING] NUMCALF: NUMCALF (1) is more than half of NUMBER (1) - verify count (rows 718, EVENTNO=1222)
    - [WARNING] NUMCALF: NUMCALF (1) is more than half of NUMBER (1) - verify count (rows 755, EVENTNO=1275)
    - [WARNING] NUMCALF: NUMCALF (1) is more than half of NUMBER (1) - verify count (rows 791, EVENTNO=1325)
    - [WARNING] BEHAV: Calf-associated behavior(s) 40 recorded but no calf present (rows 14, EVENTNO=18)
    - [WARNING] BEHAV: Calf-associated behavior(s) 40 recorded but no calf present (rows 44, EVENTNO=66)
    - [WARNING] BEHAV: Calf-associated behavior(s) 40 recorded but no calf present (rows 110, EVENTNO=175)
    - [WARNING] BEHAV: Calf-associated behavior(s) 40 recorded but no calf present (rows 120, EVENTNO=188)
    - [WARNING] BEHAV: Calf-associated behavior(s) 40 recorded but no calf present (rows 156, EVENTNO=231)
    - [WARNING] BEHAV: Calf-associated behavior(s) 40 recorded but no calf present (rows 163, EVENTNO=243)
    - [WARNING] BEHAV: Calf-associated behavior(s) 40 recorded but no calf present (rows 172, EVENTNO=256)
    - [WARNING] BEHAV: Calf-associated behavior(s) 40 recorded but no calf present (rows 212, EVENTNO=308)
    - [WARNING] BEHAV: Calf-associated behavior(s) 40 recorded but no calf present (rows 219, EVENTNO=317)
    - [WARNING] BEHAV: Calf-associated behavior(s) 40 recorded but no calf present (rows 224, EVENTNO=325)
    - [WARNING] BEHAV: Calf-associated behavior(s) 40 recorded but no calf present (rows 230, EVENTNO=334)
    - [WARNING] BEHAV: Calf-associated behavior(s) 40 recorded but no calf present (rows 240, EVENTNO=347)
    - [WARNING] BEHAV: Calf-associated behavior(s) 40 recorded but no calf present (rows 340, EVENTNO=539)
    - [WARNING] BEHAV: Calf-associated behavior(s) 40 recorded but no calf present (rows 349, EVENTNO=555)
    - [WARNING] BEHAV: Calf-associated behavior(s) 40 recorded but no calf present (rows 371, EVENTNO=595)
    - [WARNING] BEHAV: Calf-associated behavior(s) 40 recorded but no calf present (rows 392, EVENTNO=638)
    - [WARNING] BEHAV: Calf-associated behavior(s) 40 recorded but no calf present (rows 427, EVENTNO=704)
    - [WARNING] BEHAV: Calf-associated behavior(s) 40 recorded but no calf present (rows 444, EVENTNO=735)
    - [WARNING] BEHAV: Calf-associated behavior(s) 40 recorded but no calf present (rows 601, EVENTNO=992)
    - [WARNING] BEHAV: Calf-associated behavior(s) 40 recorded but no calf present (rows 756, EVENTNO=1277)
    - [WARNING] BEHAV: Calf-associated behavior(s) 40 recorded but no calf present (rows 843, EVENTNO=1411)
--------------------------------------------------------------------------------

[29-Jun-2026 11:40:01] O196001
Type: Validation error
Error: Validation failed: 0 errors, 4 warnings (0 acknowledged, 4 new)
ID: Ingestion:ValidationFailed
Location: BatchUploader.uploadSurvey (line 376)
Validation Details:
  Errors: 0
  Warnings: 4
  Details:
    - [WARNING] BEHAV: Calf-associated behavior(s) 40 recorded but no calf present (rows 6, EVENTNO=8)
    - [WARNING] BEHAV: Calf-associated behavior(s) 40 recorded but no calf present (rows 11, EVENTNO=17)
    - [WARNING] BEHAV: Calf-associated behavior(s) 40 recorded but no calf present (rows 22, EVENTNO=33)
    - [WARNING] BEHAV: Calf-associated behavior(s) 40 recorded but no calf present (rows 23, EVENTNO=36)
--------------------------------------------------------------------------------

[29-Jun-2026 11:40:02] O196002
Type: Validation error
Error: Validation failed: 2 errors, 32 warnings (0 acknowledged, 32 new)
ID: Ingestion:ValidationFailed
Location: BatchUploader.uploadSurvey (line 376)
Validation Details:
  Errors: 2
  Warnings: 32
  Details:
    - [ERROR] DAY: Required field DAY cannot be NULL or empty (rows [3;4;5;6;7;8;9;10;12;16;17;23;24;36;39;78;179;238;494])
    - [ERROR] YEAR: YEAR outside valid range [1970, 2027] (rows [1;2;3;4;5;6;7;8;9;10;11;12;13])
    - [WARNING] LAT_DD: Latitude outside typical survey area [20.0, 55.0] (rows 66, EVENTNO=67)
    - [WARNING] LAT_DD: Latitude outside typical survey area [20.0, 55.0] (rows 448, EVENTNO=452)
    - [WARNING] LONG_DD: Longitude outside typical survey area [-85.0, -40.0] (rows 66, EVENTNO=67)
    - [WARNING] LONG_DD: Longitude outside typical survey area [-85.0, -40.0] (rows 209, EVENTNO=212)
    - [WARNING] LONG_DD: Longitude outside typical survey area [-85.0, -40.0] (rows 448, EVENTNO=452)
    - [WARNING] NUMCALF: NUMCALF (1) is more than half of NUMBER (1) - verify count (rows 111, EVENTNO=113)
    - [WARNING] NUMCALF: NUMCALF (1) is more than half of NUMBER (1) - verify count (rows 240, EVENTNO=243)
    - [WARNING] NUMCALF: NUMCALF (1) is more than half of NUMBER (1) - verify count (rows 376, EVENTNO=379)
    - [WARNING] NUMCALF: NUMCALF (1) is more than half of NUMBER (1) - verify count (rows 428, EVENTNO=431)
    - [WARNING] BEHAV: Calf-associated behavior(s) 40 recorded but no calf present (rows 90, EVENTNO=92)
    - [WARNING] BEHAV: Calf-associated behavior(s) 40 recorded but no calf present (rows 152, EVENTNO=154)
    - [WARNING] BEHAV: Calf-associated behavior(s) 40 recorded but no calf present (rows 154, EVENTNO=156)
    - [WARNING] BEHAV: Calf-associated behavior(s) 40 recorded but no calf present (rows 155, EVENTNO=157)
    - [WARNING] BEHAV: Calf-associated behavior(s) 40 recorded but no calf present (rows 156, EVENTNO=158)
    - [WARNING] BEHAV: Calf-associated behavior(s) 40 recorded but no calf present (rows 157, EVENTNO=159)
    - [WARNING] BEHAV: Calf-associated behavior(s) 40 recorded but no calf present (rows 159, EVENTNO=161)
    - [WARNING] BEHAV: Calf-associated behavior(s) 40 recorded but no calf present (rows 162, EVENTNO=164)
    - [WARNING] BEHAV: Calf-associated behavior(s) 40 recorded but no calf present (rows 163, EVENTNO=165)
    - [WARNING] BEHAV: Calf-associated behavior(s) 40 recorded but no calf present (rows 164, EVENTNO=166)
    - [WARNING] BEHAV: Calf-associated behavior(s) 40 recorded but no calf present (rows 165, EVENTNO=167)
    - [WARNING] BEHAV: Calf-associated behavior(s) 40 recorded but no calf present (rows 167, EVENTNO=169)
    - [WARNING] BEHAV: Calf-associated behavior(s) 40 recorded but no calf present (rows 169, EVENTNO=171)
    - [WARNING] BEHAV: Calf-associated behavior(s) 40 recorded but no calf present (rows 170, EVENTNO=172)
    - [WARNING] BEHAV: Calf-associated behavior(s) 40 recorded but no calf present (rows 259, EVENTNO=262)
    - [WARNING] BEHAV: Calf-associated behavior(s) 40 recorded but no calf present (rows 269, EVENTNO=272)
    - [WARNING] BEHAV: Calf-associated behavior(s) 40 recorded but no calf present (rows 273, EVENTNO=276)
    - [WARNING] BEHAV: Calf-associated behavior(s) 40 recorded but no calf present (rows 275, EVENTNO=278)
    - [WARNING] BEHAV: Calf-associated behavior(s) 40 recorded but no calf present (rows 276, EVENTNO=279)
    - [WARNING] BEHAV: Calf-associated behavior(s) 40 recorded but no calf present (rows 277, EVENTNO=280)
    - [WARNING] BEHAV: Calf-associated behavior(s) 40 recorded but no calf present (rows 281, EVENTNO=284)
    - [WARNING] BEHAV: Calf-associated behavior(s) 40 recorded but no calf present (rows 293, EVENTNO=296)
    - [WARNING] BEHAV: Calf-associated behavior(s) 40 recorded but no calf present (rows 295, EVENTNO=298)
--------------------------------------------------------------------------------

[29-Jun-2026 11:40:04] O197000
Type: Validation error
Error: Validation failed: 0 errors, 44 warnings (0 acknowledged, 44 new)
ID: Ingestion:ValidationFailed
Location: BatchUploader.uploadSurvey (line 376)
Validation Details:
  Errors: 0
  Warnings: 44
  Details:
    - [WARNING] NUMCALF: NUMCALF (1) is more than half of NUMBER (1) - verify count (rows 362, EVENTNO=835)
    - [WARNING] NUMCALF: NUMCALF (1) is more than half of NUMBER (1) - verify count (rows 386, EVENTNO=874)
    - [WARNING] NUMCALF: NUMCALF (1) is more than half of NUMBER (1) - verify count (rows 392, EVENTNO=888)
    - [WARNING] NUMCALF: NUMCALF (1) is more than half of NUMBER (1) - verify count (rows 408, EVENTNO=917)
    - [WARNING] NUMCALF: NUMCALF (1) is more than half of NUMBER (1) - verify count (rows 432, EVENTNO=951)
    - [WARNING] NUMCALF: NUMCALF (1) is more than half of NUMBER (1) - verify count (rows 444, EVENTNO=976)
    - [WARNING] NUMCALF: NUMCALF (1) is more than half of NUMBER (1) - verify count (rows 485, EVENTNO=1057)
    - [WARNING] BEHAV: Calf-associated behavior(s) 40 recorded but no calf present (rows 2, EVENTNO=3)
    - [WARNING] BEHAV: Calf-associated behavior(s) 40 recorded but no calf present (rows 48, EVENTNO=99)
    - [WARNING] BEHAV: Calf-associated behavior(s) 40 recorded but no calf present (rows 49, EVENTNO=101)
    - [WARNING] BEHAV: Calf-associated behavior(s) 40 recorded but no calf present (rows 50, EVENTNO=102)
    - [WARNING] BEHAV: Calf-associated behavior(s) 40 recorded but no calf present (rows 57, EVENTNO=116)
    - [WARNING] BEHAV: Calf-associated behavior(s) 40 recorded but no calf present (rows 58, EVENTNO=118)
    - [WARNING] BEHAV: Calf-associated behavior(s) 40 recorded but no calf present (rows 64, EVENTNO=128)
    - [WARNING] BEHAV: Calf-associated behavior(s) 40 recorded but no calf present (rows 86, EVENTNO=176)
    - [WARNING] BEHAV: Calf-associated behavior(s) 40 recorded but no calf present (rows 108, EVENTNO=267)
    - [WARNING] BEHAV: Calf-associated behavior(s) 40 recorded but no calf present (rows 136, EVENTNO=325)
    - [WARNING] BEHAV: Calf-associated behavior(s) 40 recorded but no calf present (rows 160, EVENTNO=496)
    - [WARNING] BEHAV: Calf-associated behavior(s) 40 recorded but no calf present (rows 161, EVENTNO=499)
    - [WARNING] BEHAV: Calf-associated behavior(s) 40 recorded but no calf present (rows 166, EVENTNO=532)
    - [WARNING] BEHAV: Calf-associated behavior(s) 40 recorded but no calf present (rows 216, EVENTNO=613)
    - [WARNING] BEHAV: Calf-associated behavior(s) 40 recorded but no calf present (rows 230, EVENTNO=628)
    - [WARNING] BEHAV: Calf-associated behavior(s) 40 recorded but no calf present (rows 328, EVENTNO=774)
    - [WARNING] BEHAV: Calf-associated behavior(s) 40 recorded but no calf present (rows 340, EVENTNO=791)
    - [WARNING] BEHAV: Calf-associated behavior(s) 40 recorded but no calf present (rows 363, EVENTNO=836)
    - [WARNING] BEHAV: Calf-associated behavior(s) 40 recorded but no calf present (rows 367, EVENTNO=844)
    - [WARNING] BEHAV: Calf-associated behavior(s) 40 recorded but no calf present (rows 380, EVENTNO=862)
    - [WARNING] BEHAV: Calf-associated behavior(s) 40 recorded but no calf present (rows 381, EVENTNO=864)
    - [WARNING] BEHAV: Calf-associated behavior(s) 40 recorded but no calf present (rows 383, EVENTNO=871)
    - [WARNING] BEHAV: Calf-associated behavior(s) 40 recorded but no calf present (rows 391, EVENTNO=887)
    - [WARNING] BEHAV: Calf-associated behavior(s) 40 recorded but no calf present (rows 400, EVENTNO=900)
    - [WARNING] BEHAV: Calf-associated behavior(s) 40 recorded but no calf present (rows 415, EVENTNO=928)
    - [WARNING] BEHAV: Calf-associated behavior(s) 40 recorded but no calf present (rows 434, EVENTNO=957)
    - [WARNING] BEHAV: Calf-associated behavior(s) 40 recorded but no calf present (rows 438, EVENTNO=967)
    - [WARNING] BEHAV: Calf-associated behavior(s) 40 recorded but no calf present (rows 449, EVENTNO=984)
    - [WARNING] BEHAV: Calf-associated behavior(s) 40 recorded but no calf present (rows 454, EVENTNO=997)
    - [WARNING] BEHAV: Calf-associated behavior(s) 40 recorded but no calf present (rows 455, EVENTNO=999)
    - [WARNING] BEHAV: Calf-associated behavior(s) 40 recorded but no calf present (rows 459, EVENTNO=1009)
    - [WARNING] BEHAV: Calf-associated behavior(s) 40 recorded but no calf present (rows 461, EVENTNO=1019)
    - [WARNING] BEHAV: Calf-associated behavior(s) 40 recorded but no calf present (rows 463, EVENTNO=1022)
    - [WARNING] BEHAV: Calf-associated behavior(s) 40 recorded but no calf present (rows 465, EVENTNO=1025)
    - [WARNING] BEHAV: Calf-associated behavior(s) 40 recorded but no calf present (rows 483, EVENTNO=1054)
    - [WARNING] BEHAV: Calf-associated behavior(s) 40 recorded but no calf present (rows 498, EVENTNO=1080)
    - [WARNING] BEHAV: Calf-associated behavior(s) 40 recorded but no calf present (rows 506, EVENTNO=1104)
--------------------------------------------------------------------------------

[29-Jun-2026 11:40:04] O197291
Type: Validation error
Error: Validation failed: 0 errors, 1 warnings (0 acknowledged, 1 new)
ID: Ingestion:ValidationFailed
Location: BatchUploader.uploadSurvey (line 376)
Validation Details:
  Errors: 0
  Warnings: 1
  Details:
    - [WARNING] NUMCALF: NUMCALF (1) is more than half of NUMBER (1) - verify count (rows 8, EVENTNO=8)
--------------------------------------------------------------------------------

[29-Jun-2026 11:40:05] O198000
Type: Validation error
Error: Validation failed: 0 errors, 57 warnings (0 acknowledged, 57 new)
ID: Ingestion:ValidationFailed
Location: BatchUploader.uploadSurvey (line 376)
Validation Details:
  Errors: 0
  Warnings: 57
  Details:
    - [WARNING] BEHAV: Calf-associated behavior(s) 40 recorded but no calf present (rows 14, EVENTNO=19)
    - [WARNING] BEHAV: Calf-associated behavior(s) 40 recorded but no calf present (rows 18, EVENTNO=24)
    - [WARNING] BEHAV: Calf-associated behavior(s) 40 recorded but no calf present (rows 19, EVENTNO=26)
    - [WARNING] BEHAV: Calf-associated behavior(s) 40 recorded but no calf present (rows 36, EVENTNO=50)
    - [WARNING] BEHAV: Calf-associated behavior(s) 40 recorded but no calf present (rows 38, EVENTNO=53)
    - [WARNING] BEHAV: Calf-associated behavior(s) 40 recorded but no calf present (rows 39, EVENTNO=54)
    - [WARNING] BEHAV: Calf-associated behavior(s) 40 recorded but no calf present (rows 41, EVENTNO=60)
    - [WARNING] BEHAV: Calf-associated behavior(s) 40 recorded but no calf present (rows 46, EVENTNO=66)
    - [WARNING] BEHAV: Calf-associated behavior(s) 40 recorded but no calf present (rows 49, EVENTNO=72)
    - [WARNING] BEHAV: Calf-associated behavior(s) 40 recorded but no calf present (rows 54, EVENTNO=83)
    - [WARNING] BEHAV: Calf-associated behavior(s) 40 recorded but no calf present (rows 56, EVENTNO=85)
    - [WARNING] BEHAV: Calf-associated behavior(s) 40 recorded but no calf present (rows 59, EVENTNO=92)
    - [WARNING] BEHAV: Calf-associated behavior(s) 40 recorded but no calf present (rows 60, EVENTNO=94)
    - [WARNING] BEHAV: Calf-associated behavior(s) 40 recorded but no calf present (rows 61, EVENTNO=96)
    - [WARNING] BEHAV: Calf-associated behavior(s) 40 recorded but no calf present (rows 62, EVENTNO=97)
    - [WARNING] BEHAV: Calf-associated behavior(s) 40 recorded but no calf present (rows 63, EVENTNO=98)
    - [WARNING] BEHAV: Calf-associated behavior(s) 40 recorded but no calf present (rows 64, EVENTNO=99)
    - [WARNING] BEHAV: Calf-associated behavior(s) 40 recorded but no calf present (rows 65, EVENTNO=101)
    - [WARNING] BEHAV: Calf-associated behavior(s) 40 recorded but no calf present (rows 66, EVENTNO=103)
    - [WARNING] BEHAV: Calf-associated behavior(s) 40 recorded but no calf present (rows 67, EVENTNO=105)
    - [WARNING] BEHAV: Calf-associated behavior(s) 40 recorded but no calf present (rows 69, EVENTNO=107)
    - [WARNING] BEHAV: Calf-associated behavior(s) 40 recorded but no calf present (rows 71, EVENTNO=113)
    - [WARNING] BEHAV: Calf-associated behavior(s) 40 recorded but no calf present (rows 73, EVENTNO=120)
    - [WARNING] BEHAV: Calf-associated behavior(s) 40 recorded but no calf present (rows 74, EVENTNO=121)
    - [WARNING] BEHAV: Calf-associated behavior(s) 40 recorded but no calf present (rows 75, EVENTNO=125)
    - [WARNING] BEHAV: Calf-associated behavior(s) 40 recorded but no calf present (rows 76, EVENTNO=127)
    - [WARNING] BEHAV: Calf-associated behavior(s) 40 recorded but no calf present (rows 83, EVENTNO=138)
    - [WARNING] BEHAV: Calf-associated behavior(s) 40 recorded but no calf present (rows 84, EVENTNO=139)
    - [WARNING] BEHAV: Calf-associated behavior(s) 40 recorded but no calf present (rows 86, EVENTNO=150)
    - [WARNING] BEHAV: Calf-associated behavior(s) 40 recorded but no calf present (rows 88, EVENTNO=156)
    - [WARNING] BEHAV: Calf-associated behavior(s) 40 recorded but no calf present (rows 90, EVENTNO=159)
    - [WARNING] BEHAV: Calf-associated behavior(s) 40 recorded but no calf present (rows 91, EVENTNO=162)
    - [WARNING] BEHAV: Calf-associated behavior(s) 40 recorded but no calf present (rows 106, EVENTNO=186)
    - [WARNING] BEHAV: Calf-associated behavior(s) 40 recorded but no calf present (rows 110, EVENTNO=192)
    - [WARNING] BEHAV: Calf-associated behavior(s) 40 recorded but no calf present (rows 113, EVENTNO=197)
    - [WARNING] BEHAV: Calf-associated behavior(s) 40 recorded but no calf present (rows 119, EVENTNO=204)
    - [WARNING] BEHAV: Calf-associated behavior(s) 40 recorded but no calf present (rows 123, EVENTNO=209)
    - [WARNING] BEHAV: Calf-associated behavior(s) 40 recorded but no calf present (rows 126, EVENTNO=213)
    - [WARNING] BEHAV: Calf-associated behavior(s) 40 recorded but no calf present (rows 127, EVENTNO=214)
    - [WARNING] BEHAV: Calf-associated behavior(s) 40 recorded but no calf present (rows 131, EVENTNO=218)
    - [WARNING] BEHAV: Calf-associated behavior(s) 40 recorded but no calf present (rows 139, EVENTNO=228)
    - [WARNING] BEHAV: Calf-associated behavior(s) 40 recorded but no calf present (rows 144, EVENTNO=233)
    - [WARNING] BEHAV: Calf-associated behavior(s) 40 recorded but no calf present (rows 155, EVENTNO=244)
    - [WARNING] BEHAV: Calf-associated behavior(s) 40 recorded but no calf present (rows 164, EVENTNO=253)
    - [WARNING] BEHAV: Calf-associated behavior(s) 40 recorded but no calf present (rows 171, EVENTNO=260)
    - [WARNING] BEHAV: Calf-associated behavior(s) 40 recorded but no calf present (rows 184, EVENTNO=273)
    - [WARNING] BEHAV: Calf-associated behavior(s) 40 recorded but no calf present (rows 204, EVENTNO=293)
    - [WARNING] BEHAV: Calf-associated behavior(s) 40 recorded but no calf present (rows 209, EVENTNO=298)
    - [WARNING] BEHAV: Calf-associated behavior(s) 40 recorded but no calf present (rows 217, EVENTNO=306)
    - [WARNING] BEHAV: Calf-associated behavior(s) 40 recorded but no calf present (rows 218, EVENTNO=307)
    - [WARNING] BEHAV: Calf-associated behavior(s) 40 recorded but no calf present (rows 241, EVENTNO=330)
    - [WARNING] BEHAV: Calf-associated behavior(s) 40 recorded but no calf present (rows 287, EVENTNO=376)
    - [WARNING] BEHAV: Calf-associated behavior(s) 40 recorded but no calf present (rows 289, EVENTNO=379)
    - [WARNING] BEHAV: Calf-associated behavior(s) 40 recorded but no calf present (rows 297, EVENTNO=387)
    - [WARNING] BEHAV: Calf-associated behavior(s) 40 recorded but no calf present (rows 305, EVENTNO=400)
    - [WARNING] BEHAV: Calf-associated behavior(s) 40 recorded but no calf present (rows 306, EVENTNO=401)
    - [WARNING] BEHAV: Calf-associated behavior(s) 40 recorded but no calf present (rows 307, EVENTNO=402)
--------------------------------------------------------------------------------

[29-Jun-2026 11:40:08] O198001
Type: Validation error
Error: Validation failed: 0 errors, 1 warnings (0 acknowledged, 1 new)
ID: Ingestion:ValidationFailed
Location: BatchUploader.uploadSurvey (line 376)
Validation Details:
  Errors: 0
  Warnings: 1
  Details:
    - [WARNING] BEHAV: Calf-associated behavior(s) 40 recorded but no calf present (rows 555, EVENTNO=555)
--------------------------------------------------------------------------------

[29-Jun-2026 11:40:10] O199031
Type: Validation error
Error: Validation failed: 0 errors, 1 warnings (0 acknowledged, 1 new)
ID: Ingestion:ValidationFailed
Location: BatchUploader.uploadSurvey (line 376)
Validation Details:
  Errors: 0
  Warnings: 1
  Details:
    - [WARNING] NUMCALF: NUMCALF (6) is more than half of NUMBER (11) - verify count (rows 230, EVENTNO=156)
--------------------------------------------------------------------------------

[29-Jun-2026 11:40:10] O279256
Type: Validation error
Error: Validation failed: 0 errors, 1 warnings (0 acknowledged, 1 new)
ID: Ingestion:ValidationFailed
Location: BatchUploader.uploadSurvey (line 376)
Validation Details:
  Errors: 0
  Warnings: 1
  Details:
    - [WARNING] BEHAV: Calf-associated behavior(s) 40 recorded but no calf present (rows 32, EVENTNO=200)
--------------------------------------------------------------------------------

[29-Jun-2026 11:40:11] O280180
Type: Validation error
Error: Validation failed: 0 errors, 17 warnings (0 acknowledged, 17 new)
ID: Ingestion:ValidationFailed
Location: BatchUploader.uploadSurvey (line 376)
Validation Details:
  Errors: 0
  Warnings: 17
  Details:
    - [WARNING] BEHAV: Calf-associated behavior(s) 40 recorded but no calf present (rows 18, EVENTNO=180)
    - [WARNING] BEHAV: Calf-associated behavior(s) 40 recorded but no calf present (rows 20, EVENTNO=200)
    - [WARNING] BEHAV: Calf-associated behavior(s) 40 recorded but no calf present (rows 26, EVENTNO=260)
    - [WARNING] BEHAV: Calf-associated behavior(s) 40 recorded but no calf present (rows 37, EVENTNO=370)
    - [WARNING] BEHAV: Calf-associated behavior(s) 40 recorded but no calf present (rows 47, EVENTNO=470)
    - [WARNING] BEHAV: Calf-associated behavior(s) 40 recorded but no calf present (rows 50, EVENTNO=500)
    - [WARNING] BEHAV: Calf-associated behavior(s) 40 recorded but no calf present (rows 56, EVENTNO=560)
    - [WARNING] BEHAV: Calf-associated behavior(s) 40 recorded but no calf present (rows 65, EVENTNO=650)
    - [WARNING] BEHAV: Calf-associated behavior(s) 40 recorded but no calf present (rows 70, EVENTNO=700)
    - [WARNING] BEHAV: Calf-associated behavior(s) 40 recorded but no calf present (rows 74, EVENTNO=740)
    - [WARNING] BEHAV: Calf-associated behavior(s) 40 recorded but no calf present (rows 78, EVENTNO=780)
    - [WARNING] BEHAV: Calf-associated behavior(s) 40 recorded but no calf present (rows 80, EVENTNO=800)
    - [WARNING] BEHAV: Calf-associated behavior(s) 40 recorded but no calf present (rows 88, EVENTNO=880)
    - [WARNING] BEHAV: Calf-associated behavior(s) 40 recorded but no calf present (rows 89, EVENTNO=890)
    - [WARNING] BEHAV: Calf-associated behavior(s) 40 recorded but no calf present (rows 90, EVENTNO=900)
    - [WARNING] BEHAV: Calf-associated behavior(s) 40 recorded but no calf present (rows 95, EVENTNO=950)
    - [WARNING] BEHAV: Calf-associated behavior(s) 40 recorded but no calf present (rows 98, EVENTNO=980)
--------------------------------------------------------------------------------

[29-Jun-2026 11:40:12] O287092
Type: Validation error
Error: Validation failed: 0 errors, 3 warnings (0 acknowledged, 3 new)
ID: Ingestion:ValidationFailed
Location: BatchUploader.uploadSurvey (line 376)
Validation Details:
  Errors: 0
  Warnings: 3
  Details:
    - [WARNING] NUMCALF: NUMCALF (1) is more than half of NUMBER (1) - verify count (rows 17, EVENTNO=20)
    - [WARNING] NUMCALF: NUMCALF (1) is more than half of NUMBER (1) - verify count (rows 19, EVENTNO=22)
    - [WARNING] NUMCALF: NUMCALF (1) is more than half of NUMBER (1) - verify count (rows 35, EVENTNO=38)
--------------------------------------------------------------------------------

[29-Jun-2026 11:40:13] O379105
Type: Validation error
Error: Validation failed: 0 errors, 1 warnings (0 acknowledged, 1 new)
ID: Ingestion:ValidationFailed
Location: BatchUploader.uploadSurvey (line 376)
Validation Details:
  Errors: 0
  Warnings: 1
  Details:
    - [WARNING] BEHAV: Calf-associated behavior(s) 40 recorded but no calf present (rows 9, EVENTNO=90)
--------------------------------------------------------------------------------

[29-Jun-2026 11:40:13] O480103
Type: Validation error
Error: Validation failed: 0 errors, 3 warnings (0 acknowledged, 3 new)
ID: Ingestion:ValidationFailed
Location: BatchUploader.uploadSurvey (line 376)
Validation Details:
  Errors: 0
  Warnings: 3
  Details:
    - [WARNING] BEHAV: Calf-associated behavior(s) 40 recorded but no calf present (rows 1, EVENTNO=10)
    - [WARNING] BEHAV: Calf-associated behavior(s) 40 recorded but no calf present (rows 7, EVENTNO=30)
    - [WARNING] BEHAV: Calf-associated behavior(s) 40 recorded but no calf present (rows 26, EVENTNO=130)
--------------------------------------------------------------------------------

[29-Jun-2026 11:40:14] O680103
Type: Validation error
Error: Validation failed: 0 errors, 4 warnings (0 acknowledged, 4 new)
ID: Ingestion:ValidationFailed
Location: BatchUploader.uploadSurvey (line 376)
Validation Details:
  Errors: 0
  Warnings: 4
  Details:
    - [WARNING] BEHAV: Calf-associated behavior(s) 40 recorded but no calf present (rows 2, EVENTNO=20)
    - [WARNING] BEHAV: Calf-associated behavior(s) 40 recorded but no calf present (rows 6, EVENTNO=50)
    - [WARNING] BEHAV: Calf-associated behavior(s) 40 recorded but no calf present (rows 17, EVENTNO=120)
    - [WARNING] BEHAV: Calf-associated behavior(s) 40 recorded but no calf present (rows 20, EVENTNO=140)
--------------------------------------------------------------------------------

[29-Jun-2026 11:40:15] O877000
Type: Validation error
Error: Validation failed: 2 errors, 9 warnings (0 acknowledged, 9 new)
ID: Ingestion:ValidationFailed
Location: BatchUploader.uploadSurvey (line 376)
Validation Details:
  Errors: 2
  Warnings: 9
  Details:
    - [ERROR] DAY: Required field DAY cannot be NULL or empty (rows [7;8])
    - [ERROR] YEAR: YEAR outside valid range [1970, 2027] (rows [1;2;3;4])
    - [WARNING] LONG_DD: Longitude outside typical survey area [-85.0, -40.0] (rows 1, EVENTNO=1)
    - [WARNING] LONG_DD: Longitude outside typical survey area [-85.0, -40.0] (rows 2, EVENTNO=2)
    - [WARNING] LONG_DD: Longitude outside typical survey area [-85.0, -40.0] (rows 3, EVENTNO=3)
    - [WARNING] LONG_DD: Longitude outside typical survey area [-85.0, -40.0] (rows 4, EVENTNO=4)
    - [WARNING] LONG_DD: Longitude outside typical survey area [-85.0, -40.0] (rows 7, EVENTNO=7)
    - [WARNING] LONG_DD: Longitude outside typical survey area [-85.0, -40.0] (rows 8, EVENTNO=8)
    - [WARNING] LONG_DD: Longitude outside typical survey area [-85.0, -40.0] (rows 9, EVENTNO=9)
    - [WARNING] YEAR: YEAR before 1890 - verify data quality (rows 1, EVENTNO=1)
    - [WARNING] YEAR: YEAR before 1890 - verify data quality (rows 2, EVENTNO=2)
--------------------------------------------------------------------------------

[29-Jun-2026 11:40:18] O999000G
Type: Validation error
Error: Validation failed: 102 errors, 795 warnings (0 acknowledged, 795 new)
ID: Ingestion:ValidationFailed
Location: BatchUploader.uploadSurvey (line 376)
Validation Details:
  Errors: 102
  Warnings: 795
  Details:
    - [ERROR] YEAR: YEAR outside valid range [1970, 2027] (rows [175;176;177;178;179;180;181;318;319;320;321;322;323;324;325;326;327;328;329;330;408;409;410;411;412;413;414;415;416;417;418;419;420;421;422;423;424;425;426;427;428;429;430;431;556;557;558;559;560;561;562;563;564;565;566;567;672;673;674;675;676;677;791;855;856;857;858;859;860;861;862;863;864;865;866;867;868;869;870;871;872;873;874;875;1145;1162;1163;1164;1165;1166;1167;1168;1169;1170;1171;1172;1173;1174;1175;1176;1177;1463;1464;1592;1593;1594;1595;1960;1967;1968;1981;1982;2238;2239;2240;2241;2242;2243;2244;2245;2246;2247;2248;2249;2250;2251;2252;2253;2254;2255;2256;2257;2258;2259;2260;2261;2262;2263;2264;2265;2266;2267;2268])
    - [ERROR] TAXCODE: TAXCODE mismatch: got 4, expected 9 for SPECCODE "UNCE" (rows 2238)
    - [ERROR] TAXCODE: TAXCODE mismatch: got 4, expected 9 for SPECCODE "UNCE" (rows 2239)
    - [ERROR] TAXCODE: TAXCODE mismatch: got 4, expected 9 for SPECCODE "UNCE" (rows 2240)
    - [ERROR] TAXCODE: TAXCODE mismatch: got 4, expected 9 for SPECCODE "UNCE" (rows 2241)
    - [ERROR] TAXCODE: TAXCODE mismatch: got 4, expected 9 for SPECCODE "UNCE" (rows 2242)
    - [ERROR] TAXCODE: TAXCODE mismatch: got 4, expected 9 for SPECCODE "UNCE" (rows 2243)
    - [ERROR] TAXCODE: TAXCODE mismatch: got 4, expected 9 for SPECCODE "UNCE" (rows 2244)
    - [ERROR] TAXCODE: TAXCODE mismatch: got 4, expected 9 for SPECCODE "UNCE" (rows 2245)
    - [ERROR] TAXCODE: TAXCODE mismatch: got 4, expected 9 for SPECCODE "UNCE" (rows 2246)
    - [ERROR] TAXCODE: TAXCODE mismatch: got 4, expected 9 for SPECCODE "UNCE" (rows 2247)
    - [ERROR] TAXCODE: TAXCODE mismatch: got 4, expected 9 for SPECCODE "UNCE" (rows 2248)
    - [ERROR] TAXCODE: TAXCODE mismatch: got 4, expected 9 for SPECCODE "UNCE" (rows 2249)
    - [ERROR] TAXCODE: TAXCODE mismatch: got 4, expected 9 for SPECCODE "UNCE" (rows 2250)
    - [ERROR] TAXCODE: TAXCODE mismatch: got 4, expected 9 for SPECCODE "UNCE" (rows 2251)
    - [ERROR] TAXCODE: TAXCODE mismatch: got 4, expected 9 for SPECCODE "UNCE" (rows 2252)
    - [ERROR] TAXCODE: TAXCODE mismatch: got 4, expected 9 for SPECCODE "UNCE" (rows 2253)
    - [ERROR] TAXCODE: TAXCODE mismatch: got 4, expected 9 for SPECCODE "UNCE" (rows 2254)
    - [ERROR] TAXCODE: TAXCODE mismatch: got 4, expected 9 for SPECCODE "UNCE" (rows 2255)
    - [ERROR] TAXCODE: TAXCODE mismatch: got 4, expected 9 for SPECCODE "UNCE" (rows 2256)
    - [ERROR] TAXCODE: TAXCODE mismatch: got 4, expected 9 for SPECCODE "UNCE" (rows 2257)
    - [ERROR] TAXCODE: TAXCODE mismatch: got 4, expected 9 for SPECCODE "UNCE" (rows 2258)
    - [ERROR] TAXCODE: TAXCODE mismatch: got 4, expected 9 for SPECCODE "UNCE" (rows 2259)
    - [ERROR] TAXCODE: TAXCODE mismatch: got 4, expected 9 for SPECCODE "UNCE" (rows 2260)
    - [ERROR] TAXCODE: TAXCODE mismatch: got 4, expected 9 for SPECCODE "UNCE" (rows 2261)
    - [ERROR] TAXCODE: TAXCODE mismatch: got 4, expected 9 for SPECCODE "UNCE" (rows 2262)
    - [ERROR] TAXCODE: TAXCODE mismatch: got 4, expected 9 for SPECCODE "UNCE" (rows 2263)
    - [ERROR] TAXCODE: TAXCODE mismatch: got 4, expected 9 for SPECCODE "UNCE" (rows 2264)
    - [ERROR] TAXCODE: TAXCODE mismatch: got 4, expected 9 for SPECCODE "UNCE" (rows 2265)
    - [ERROR] TAXCODE: TAXCODE mismatch: got 4, expected 9 for SPECCODE "UNCE" (rows 2266)
    - [ERROR] TAXCODE: TAXCODE mismatch: got 4, expected 9 for SPECCODE "UNCE" (rows 2267)
    - [ERROR] TAXCODE: TAXCODE mismatch: got 4, expected 9 for SPECCODE "UNCE" (rows 2268)
    - [ERROR] TAXCODE: TAXCODE mismatch: got 4, expected 9 for SPECCODE "UNCE" (rows 2269)
    - [ERROR] TAXCODE: TAXCODE mismatch: got 4, expected 9 for SPECCODE "UNCE" (rows 2270)
    - [ERROR] TAXCODE: TAXCODE mismatch: got 4, expected 9 for SPECCODE "UNCE" (rows 2271)
    - [ERROR] TAXCODE: TAXCODE mismatch: got 4, expected 9 for SPECCODE "UNCE" (rows 2272)
    - [ERROR] TAXCODE: TAXCODE mismatch: got 4, expected 9 for SPECCODE "UNCE" (rows 2273)
    - [ERROR] TAXCODE: TAXCODE mismatch: got 4, expected 9 for SPECCODE "UNCE" (rows 2274)
    - [ERROR] TAXCODE: TAXCODE mismatch: got 4, expected 9 for SPECCODE "UNCE" (rows 2275)
    - [ERROR] TAXCODE: TAXCODE mismatch: got 4, expected 9 for SPECCODE "UNCE" (rows 2276)
    - [ERROR] TAXCODE: TAXCODE mismatch: got 4, expected 9 for SPECCODE "UNCE" (rows 2277)
    - [ERROR] TAXCODE: TAXCODE mismatch: got 4, expected 9 for SPECCODE "UNCE" (rows 2278)
    - [ERROR] TAXCODE: TAXCODE mismatch: got 4, expected 9 for SPECCODE "UNCE" (rows 2279)
    - [ERROR] TAXCODE: TAXCODE mismatch: got 4, expected 9 for SPECCODE "UNCE" (rows 2280)
    - [ERROR] TAXCODE: TAXCODE mismatch: got 4, expected 9 for SPECCODE "UNCE" (rows 2281)
    - [ERROR] TAXCODE: TAXCODE mismatch: got 4, expected 9 for SPECCODE "UNCE" (rows 2282)
    - [ERROR] TAXCODE: TAXCODE mismatch: got 4, expected 9 for SPECCODE "UNCE" (rows 2283)
    - [ERROR] TAXCODE: TAXCODE mismatch: got 4, expected 9 for SPECCODE "UNCE" (rows 2284)
    - [ERROR] TAXCODE: TAXCODE mismatch: got 4, expected 9 for SPECCODE "UNCE" (rows 2285)
    - [ERROR] TAXCODE: TAXCODE mismatch: got 4, expected 9 for SPECCODE "UNCE" (rows 2286)
    - [ERROR] TAXCODE: TAXCODE mismatch: got 4, expected 9 for SPECCODE "UNCE" (rows 2287)
    - [ERROR] TAXCODE: TAXCODE mismatch: got 4, expected 9 for SPECCODE "UNCE" (rows 2288)
    - [ERROR] TAXCODE: TAXCODE mismatch: got 4, expected 9 for SPECCODE "UNCE" (rows 2289)
    - [ERROR] TAXCODE: TAXCODE mismatch: got 4, expected 9 for SPECCODE "UNCE" (rows 2290)
    - [ERROR] TAXCODE: TAXCODE mismatch: got 4, expected 9 for SPECCODE "UNCE" (rows 2291)
    - [ERROR] TAXCODE: TAXCODE mismatch: got 4, expected 9 for SPECCODE "UNCE" (rows 2292)
    - [ERROR] TAXCODE: TAXCODE mismatch: got 4, expected 9 for SPECCODE "UNCE" (rows 2293)
    - [ERROR] TAXCODE: TAXCODE mismatch: got 4, expected 9 for SPECCODE "UNCE" (rows 2294)
    - [ERROR] TAXCODE: TAXCODE mismatch: got 4, expected 9 for SPECCODE "UNCE" (rows 2295)
    - [ERROR] TAXCODE: TAXCODE mismatch: got 4, expected 9 for SPECCODE "UNCE" (rows 2296)
    - [ERROR] TAXCODE: TAXCODE mismatch: got 4, expected 9 for SPECCODE "UNCE" (rows 2297)
    - [ERROR] TAXCODE: TAXCODE mismatch: got 4, expected 9 for SPECCODE "UNCE" (rows 2298)
    - [ERROR] TAXCODE: TAXCODE mismatch: got 4, expected 9 for SPECCODE "UNCE" (rows 2299)
    - [ERROR] TAXCODE: TAXCODE mismatch: got 4, expected 9 for SPECCODE "UNCE" (rows 2300)
    - [ERROR] TAXCODE: TAXCODE mismatch: got 4, expected 9 for SPECCODE "UNCE" (rows 2301)
    - [ERROR] TAXCODE: TAXCODE mismatch: got 4, expected 9 for SPECCODE "UNCE" (rows 2302)
    - [ERROR] TAXCODE: TAXCODE mismatch: got 4, expected 9 for SPECCODE "UNCE" (rows 2303)
    - [ERROR] TAXCODE: TAXCODE mismatch: got 4, expected 9 for SPECCODE "UNCE" (rows 2304)
    - [ERROR] TAXCODE: TAXCODE mismatch: got 4, expected 9 for SPECCODE "UNCE" (rows 2305)
    - [ERROR] TAXCODE: TAXCODE mismatch: got 4, expected 9 for SPECCODE "UNCE" (rows 2306)
    - [ERROR] TAXCODE: TAXCODE mismatch: got 4, expected 9 for SPECCODE "UNCE" (rows 2307)
    - [ERROR] TAXCODE: TAXCODE mismatch: got 4, expected 9 for SPECCODE "UNCE" (rows 2308)
    - [ERROR] TAXCODE: TAXCODE mismatch: got 4, expected 9 for SPECCODE "UNCE" (rows 2309)
    - [ERROR] TAXCODE: TAXCODE mismatch: got 4, expected 9 for SPECCODE "UNCE" (rows 2310)
    - [ERROR] TAXCODE: TAXCODE mismatch: got 4, expected 9 for SPECCODE "UNCE" (rows 2311)
    - [ERROR] TAXCODE: TAXCODE mismatch: got 4, expected 9 for SPECCODE "UNCE" (rows 2312)
    - [ERROR] TAXCODE: TAXCODE mismatch: got 4, expected 9 for SPECCODE "UNCE" (rows 2313)
    - [ERROR] TAXCODE: TAXCODE mismatch: got 4, expected 9 for SPECCODE "UNCE" (rows 2314)
    - [ERROR] TAXCODE: TAXCODE mismatch: got 4, expected 9 for SPECCODE "UNCE" (rows 2315)
    - [ERROR] TAXCODE: TAXCODE mismatch: got 4, expected 9 for SPECCODE "UNCE" (rows 2316)
    - [ERROR] TAXCODE: TAXCODE mismatch: got 4, expected 9 for SPECCODE "UNCE" (rows 2317)
    - [ERROR] TAXCODE: TAXCODE mismatch: got 4, expected 9 for SPECCODE "UNCE" (rows 2318)
    - [ERROR] TAXCODE: TAXCODE mismatch: got 4, expected 9 for SPECCODE "UNCE" (rows 2319)
    - [ERROR] TAXCODE: TAXCODE mismatch: got 4, expected 9 for SPECCODE "UNCE" (rows 2320)
    - [ERROR] TAXCODE: TAXCODE mismatch: got 4, expected 9 for SPECCODE "UNCE" (rows 2321)
    - [ERROR] TAXCODE: TAXCODE mismatch: got 4, expected 9 for SPECCODE "UNCE" (rows 2322)
    - [ERROR] TAXCODE: TAXCODE mismatch: got 4, expected 9 for SPECCODE "UNCE" (rows 2323)
    - [ERROR] TAXCODE: TAXCODE mismatch: got 4, expected 9 for SPECCODE "UNCE" (rows 2324)
    - [ERROR] TAXCODE: TAXCODE mismatch: got 4, expected 9 for SPECCODE "UNCE" (rows 2325)
    - [ERROR] TAXCODE: TAXCODE mismatch: got 4, expected 9 for SPECCODE "UNCE" (rows 2326)
    - [ERROR] TAXCODE: TAXCODE mismatch: got 4, expected 9 for SPECCODE "UNCE" (rows 2327)
    - [ERROR] TAXCODE: TAXCODE mismatch: got 4, expected 9 for SPECCODE "UNCE" (rows 2328)
    - [ERROR] TAXCODE: TAXCODE mismatch: got 4, expected 9 for SPECCODE "UNCE" (rows 2329)
    - [ERROR] TAXCODE: TAXCODE mismatch: got 4, expected 9 for SPECCODE "UNCE" (rows 2330)
    - [ERROR] TAXCODE: TAXCODE mismatch: got 4, expected 9 for SPECCODE "UNCE" (rows 2331)
    - [ERROR] TAXCODE: TAXCODE mismatch: got 4, expected 9 for SPECCODE "UNCE" (rows 2332)
    - [ERROR] TAXCODE: TAXCODE mismatch: got 4, expected 9 for SPECCODE "UNCE" (rows 2333)
    - [ERROR] TAXCODE: TAXCODE mismatch: got 4, expected 9 for SPECCODE "UNCE" (rows 2334)
    - [ERROR] TAXCODE: TAXCODE mismatch: got 4, expected 9 for SPECCODE "UNCE" (rows 2335)
    - [ERROR] TAXCODE: TAXCODE mismatch: got 4, expected 9 for SPECCODE "UNCE" (rows 2336)
    - [ERROR] TAXCODE: TAXCODE mismatch: got 4, expected 9 for SPECCODE "UNCE" (rows 2337)
    - [ERROR] TAXCODE: TAXCODE mismatch: got 4, expected 9 for SPECCODE "UNCE" (rows 2338)
    - [WARNING] LAT_DD: Latitude outside typical survey area [20.0, 55.0] (rows 194, EVENTNO=194)
    - [WARNING] LAT_DD: Latitude outside typical survey area [20.0, 55.0] (rows 208, EVENTNO=208)
    - [WARNING] LAT_DD: Latitude outside typical survey area [20.0, 55.0] (rows 209, EVENTNO=209)
    - [WARNING] LAT_DD: Latitude outside typical survey area [20.0, 55.0] (rows 210, EVENTNO=210)
    - [WARNING] LAT_DD: Latitude outside typical survey area [20.0, 55.0] (rows 211, EVENTNO=211)
    - [WARNING] LAT_DD: Latitude outside typical survey area [20.0, 55.0] (rows 212, EVENTNO=212)
    - [WARNING] LAT_DD: Latitude outside typical survey area [20.0, 55.0] (rows 268, EVENTNO=481)
    - [WARNING] LAT_DD: Latitude outside typical survey area [20.0, 55.0] (rows 269, EVENTNO=482)
    - [WARNING] LAT_DD: Latitude outside typical survey area [20.0, 55.0] (rows 270, EVENTNO=483)
    - [WARNING] LAT_DD: Latitude outside typical survey area [20.0, 55.0] (rows 271, EVENTNO=484)
    - [WARNING] LAT_DD: Latitude outside typical survey area [20.0, 55.0] (rows 272, EVENTNO=485)
    - [WARNING] LAT_DD: Latitude outside typical survey area [20.0, 55.0] (rows 273, EVENTNO=486)
    - [WARNING] LAT_DD: Latitude outside typical survey area [20.0, 55.0] (rows 274, EVENTNO=487)
    - [WARNING] LAT_DD: Latitude outside typical survey area [20.0, 55.0] (rows 275, EVENTNO=488)
    - [WARNING] LAT_DD: Latitude outside typical survey area [20.0, 55.0] (rows 276, EVENTNO=489)
    - [WARNING] LAT_DD: Latitude outside typical survey area [20.0, 55.0] (rows 277, EVENTNO=490)
    - [WARNING] LAT_DD: Latitude outside typical survey area [20.0, 55.0] (rows 278, EVENTNO=491)
    - [WARNING] LAT_DD: Latitude outside typical survey area [20.0, 55.0] (rows 279, EVENTNO=492)
    - [WARNING] LAT_DD: Latitude outside typical survey area [20.0, 55.0] (rows 280, EVENTNO=493)
    - [WARNING] LAT_DD: Latitude outside typical survey area [20.0, 55.0] (rows 281, EVENTNO=494)
    - [WARNING] LAT_DD: Latitude outside typical survey area [20.0, 55.0] (rows 282, EVENTNO=495)
    - [WARNING] LAT_DD: Latitude outside typical survey area [20.0, 55.0] (rows 283, EVENTNO=496)
    - [WARNING] LAT_DD: Latitude outside typical survey area [20.0, 55.0] (rows 284, EVENTNO=497)
    - [WARNING] LAT_DD: Latitude outside typical survey area [20.0, 55.0] (rows 285, EVENTNO=498)
    - [WARNING] LAT_DD: Latitude outside typical survey area [20.0, 55.0] (rows 286, EVENTNO=499)
    - [WARNING] LAT_DD: Latitude outside typical survey area [20.0, 55.0] (rows 287, EVENTNO=500)
    - [WARNING] LAT_DD: Latitude outside typical survey area [20.0, 55.0] (rows 288, EVENTNO=501)
    - [WARNING] LAT_DD: Latitude outside typical survey area [20.0, 55.0] (rows 289, EVENTNO=502)
    - [WARNING] LAT_DD: Latitude outside typical survey area [20.0, 55.0] (rows 290, EVENTNO=503)
    - [WARNING] LAT_DD: Latitude outside typical survey area [20.0, 55.0] (rows 291, EVENTNO=504)
    - [WARNING] LAT_DD: Latitude outside typical survey area [20.0, 55.0] (rows 292, EVENTNO=505)
    - [WARNING] LAT_DD: Latitude outside typical survey area [20.0, 55.0] (rows 293, EVENTNO=506)
    - [WARNING] LAT_DD: Latitude outside typical survey area [20.0, 55.0] (rows 294, EVENTNO=507)
    - [WARNING] LAT_DD: Latitude outside typical survey area [20.0, 55.0] (rows 295, EVENTNO=508)
    - [WARNING] LAT_DD: Latitude outside typical survey area [20.0, 55.0] (rows 296, EVENTNO=509)
    - [WARNING] LAT_DD: Latitude outside typical survey area [20.0, 55.0] (rows 297, EVENTNO=510)
    - [WARNING] LAT_DD: Latitude outside typical survey area [20.0, 55.0] (rows 298, EVENTNO=511)
    - [WARNING] LAT_DD: Latitude outside typical survey area [20.0, 55.0] (rows 299, EVENTNO=512)
    - [WARNING] LAT_DD: Latitude outside typical survey area [20.0, 55.0] (rows 300, EVENTNO=513)
    - [WARNING] LAT_DD: Latitude outside typical survey area [20.0, 55.0] (rows 301, EVENTNO=514)
    - [WARNING] LAT_DD: Latitude outside typical survey area [20.0, 55.0] (rows 302, EVENTNO=515)
    - [WARNING] LAT_DD: Latitude outside typical survey area [20.0, 55.0] (rows 303, EVENTNO=516)
    - [WARNING] LAT_DD: Latitude outside typical survey area [20.0, 55.0] (rows 304, EVENTNO=517)
    - [WARNING] LAT_DD: Latitude outside typical survey area [20.0, 55.0] (rows 305, EVENTNO=518)
    - [WARNING] LAT_DD: Latitude outside typical survey area [20.0, 55.0] (rows 306, EVENTNO=519)
    - [WARNING] LAT_DD: Latitude outside typical survey area [20.0, 55.0] (rows 307, EVENTNO=520)
    - [WARNING] LAT_DD: Latitude outside typical survey area [20.0, 55.0] (rows 308, EVENTNO=521)
    - [WARNING] LAT_DD: Latitude outside typical survey area [20.0, 55.0] (rows 309, EVENTNO=522)
    - [WARNING] LAT_DD: Latitude outside typical survey area [20.0, 55.0] (rows 310, EVENTNO=523)
    - [WARNING] LAT_DD: Latitude outside typical survey area [20.0, 55.0] (rows 311, EVENTNO=527)
    - [WARNING] LAT_DD: Latitude outside typical survey area [20.0, 55.0] (rows 312, EVENTNO=528)
    - [WARNING] LAT_DD: Latitude outside typical survey area [20.0, 55.0] (rows 314, EVENTNO=530)
    - [WARNING] LAT_DD: Latitude outside typical survey area [20.0, 55.0] (rows 395, EVENTNO=891)
    - [WARNING] LAT_DD: Latitude outside typical survey area [20.0, 55.0] (rows 433, EVENTNO=1263)
    - [WARNING] LAT_DD: Latitude outside typical survey area [20.0, 55.0] (rows 434, EVENTNO=1264)
    - [WARNING] LAT_DD: Latitude outside typical survey area [20.0, 55.0] (rows 435, EVENTNO=1265)
    - [WARNING] LAT_DD: Latitude outside typical survey area [20.0, 55.0] (rows 436, EVENTNO=1266)
    - [WARNING] LAT_DD: Latitude outside typical survey area [20.0, 55.0] (rows 437, EVENTNO=1267)
    - [WARNING] LAT_DD: Latitude outside typical survey area [20.0, 55.0] (rows 438, EVENTNO=1268)
    - [WARNING] LAT_DD: Latitude outside typical survey area [20.0, 55.0] (rows 439, EVENTNO=1269)
    - [WARNING] LAT_DD: Latitude outside typical survey area [20.0, 55.0] (rows 462, EVENTNO=1299)
    - [WARNING] LAT_DD: Latitude outside typical survey area [20.0, 55.0] (rows 468, EVENTNO=1305)
    - [WARNING] LAT_DD: Latitude outside typical survey area [20.0, 55.0] (rows 472, EVENTNO=1309)
    - [WARNING] LAT_DD: Latitude outside typical survey area [20.0, 55.0] (rows 474, EVENTNO=1311)
    - [WARNING] LAT_DD: Latitude outside typical survey area [20.0, 55.0] (rows 482, EVENTNO=1319)
    - [WARNING] LAT_DD: Latitude outside typical survey area [20.0, 55.0] (rows 568, EVENTNO=1636)
    - [WARNING] LAT_DD: Latitude outside typical survey area [20.0, 55.0] (rows 569, EVENTNO=1637)
    - [WARNING] LAT_DD: Latitude outside typical survey area [20.0, 55.0] (rows 570, EVENTNO=1638)
    - [WARNING] LAT_DD: Latitude outside typical survey area [20.0, 55.0] (rows 589, EVENTNO=1657)
    - [WARNING] LAT_DD: Latitude outside typical survey area [20.0, 55.0] (rows 592, EVENTNO=1660)
    - [WARNING] LAT_DD: Latitude outside typical survey area [20.0, 55.0] (rows 596, EVENTNO=1664)
    - [WARNING] LAT_DD: Latitude outside typical survey area [20.0, 55.0] (rows 597, EVENTNO=1665)
    - [WARNING] LAT_DD: Latitude outside typical survey area [20.0, 55.0] (rows 599, EVENTNO=1667)
    - [WARNING] LAT_DD: Latitude outside typical survey area [20.0, 55.0] (rows 600, EVENTNO=1668)
    - [WARNING] LAT_DD: Latitude outside typical survey area [20.0, 55.0] (rows 601, EVENTNO=1669)
    - [WARNING] LAT_DD: Latitude outside typical survey area [20.0, 55.0] (rows 602, EVENTNO=1670)
    - [WARNING] LAT_DD: Latitude outside typical survey area [20.0, 55.0] (rows 605, EVENTNO=1673)
    - [WARNING] LAT_DD: Latitude outside typical survey area [20.0, 55.0] (rows 606, EVENTNO=1674)
    - [WARNING] LAT_DD: Latitude outside typical survey area [20.0, 55.0] (rows 607, EVENTNO=1675)
    - [WARNING] LAT_DD: Latitude outside typical survey area [20.0, 55.0] (rows 608, EVENTNO=1676)
    - [WARNING] LAT_DD: Latitude outside typical survey area [20.0, 55.0] (rows 609, EVENTNO=1677)
    - [WARNING] LAT_DD: Latitude outside typical survey area [20.0, 55.0] (rows 614, EVENTNO=1682)
    - [WARNING] LAT_DD: Latitude outside typical survey area [20.0, 55.0] (rows 615, EVENTNO=1683)
    - [WARNING] LAT_DD: Latitude outside typical survey area [20.0, 55.0] (rows 617, EVENTNO=1685)
    - [WARNING] LAT_DD: Latitude outside typical survey area [20.0, 55.0] (rows 618, EVENTNO=1686)
    - [WARNING] LAT_DD: Latitude outside typical survey area [20.0, 55.0] (rows 619, EVENTNO=1687)
    - [WARNING] LAT_DD: Latitude outside typical survey area [20.0, 55.0] (rows 620, EVENTNO=1688)
    - [WARNING] LAT_DD: Latitude outside typical survey area [20.0, 55.0] (rows 621, EVENTNO=1689)
    - [WARNING] LAT_DD: Latitude outside typical survey area [20.0, 55.0] (rows 622, EVENTNO=1690)
    - [WARNING] LAT_DD: Latitude outside typical survey area [20.0, 55.0] (rows 647, EVENTNO=1762)
    - [WARNING] LAT_DD: Latitude outside typical survey area [20.0, 55.0] (rows 652, EVENTNO=1800)
    - [WARNING] LAT_DD: Latitude outside typical survey area [20.0, 55.0] (rows 670, EVENTNO=2174)
    - [WARNING] LAT_DD: Latitude outside typical survey area [20.0, 55.0] (rows 671, EVENTNO=2175)
    - [WARNING] LAT_DD: Latitude outside typical survey area [20.0, 55.0] (rows 679, EVENTNO=2183)
    - [WARNING] LAT_DD: Latitude outside typical survey area [20.0, 55.0] (rows 719, EVENTNO=2223)
    - [WARNING] LAT_DD: Latitude outside typical survey area [20.0, 55.0] (rows 720, EVENTNO=2224)
    - [WARNING] LAT_DD: Latitude outside typical survey area [20.0, 55.0] (rows 739, EVENTNO=2243)
    - [WARNING] LAT_DD: Latitude outside typical survey area [20.0, 55.0] (rows 779, EVENTNO=2329)
    - [WARNING] LAT_DD: Latitude outside typical survey area [20.0, 55.0] (rows 780, EVENTNO=2330)
    - [WARNING] LAT_DD: Latitude outside typical survey area [20.0, 55.0] (rows 781, EVENTNO=2331)
    - [WARNING] LAT_DD: Latitude outside typical survey area [20.0, 55.0] (rows 782, EVENTNO=2332)
    - [WARNING] LAT_DD: Latitude outside typical survey area [20.0, 55.0] (rows 783, EVENTNO=2333)
    - [WARNING] LAT_DD: Latitude outside typical survey area [20.0, 55.0] (rows 784, EVENTNO=2334)
    - [WARNING] LAT_DD: Latitude outside typical survey area [20.0, 55.0] (rows 785, EVENTNO=2335)
    - [WARNING] LAT_DD: Latitude outside typical survey area [20.0, 55.0] (rows 786, EVENTNO=2336)
    - [WARNING] LAT_DD: Latitude outside typical survey area [20.0, 55.0] (rows 787, EVENTNO=2337)
    - [WARNING] LAT_DD: Latitude outside typical survey area [20.0, 55.0] (rows 788, EVENTNO=2338)
    - [WARNING] LAT_DD: Latitude outside typical survey area [20.0, 55.0] (rows 792, EVENTNO=2345)
    - [WARNING] LAT_DD: Latitude outside typical survey area [20.0, 55.0] (rows 793, EVENTNO=2346)
    - [WARNING] LAT_DD: Latitude outside typical survey area [20.0, 55.0] (rows 802, EVENTNO=2355)
    - [WARNING] LAT_DD: Latitude outside typical survey area [20.0, 55.0] (rows 803, EVENTNO=2356)
    - [WARNING] LAT_DD: Latitude outside typical survey area [20.0, 55.0] (rows 804, EVENTNO=2357)
    - [WARNING] LAT_DD: Latitude outside typical survey area [20.0, 55.0] (rows 805, EVENTNO=2358)
    - [WARNING] LAT_DD: Latitude outside typical survey area [20.0, 55.0] (rows 806, EVENTNO=2359)
    - [WARNING] LAT_DD: Latitude outside typical survey area [20.0, 55.0] (rows 807, EVENTNO=2360)
    - [WARNING] LAT_DD: Latitude outside typical survey area [20.0, 55.0] (rows 808, EVENTNO=2361)
    - [WARNING] LAT_DD: Latitude outside typical survey area [20.0, 55.0] (rows 809, EVENTNO=2362)
    - [WARNING] LAT_DD: Latitude outside typical survey area [20.0, 55.0] (rows 810, EVENTNO=2363)
    - [WARNING] LAT_DD: Latitude outside typical survey area [20.0, 55.0] (rows 813, EVENTNO=2366)
    - [WARNING] LAT_DD: Latitude outside typical survey area [20.0, 55.0] (rows 814, EVENTNO=2367)
    - [WARNING] LAT_DD: Latitude outside typical survey area [20.0, 55.0] (rows 815, EVENTNO=2368)
    - [WARNING] LAT_DD: Latitude outside typical survey area [20.0, 55.0] (rows 816, EVENTNO=2369)
    - [WARNING] LAT_DD: Latitude outside typical survey area [20.0, 55.0] (rows 817, EVENTNO=2370)
    - [WARNING] LAT_DD: Latitude outside typical survey area [20.0, 55.0] (rows 818, EVENTNO=2371)
    - [WARNING] LAT_DD: Latitude outside typical survey area [20.0, 55.0] (rows 819, EVENTNO=2372)
    - [WARNING] LAT_DD: Latitude outside typical survey area [20.0, 55.0] (rows 820, EVENTNO=2373)
    - [WARNING] LAT_DD: Latitude outside typical survey area [20.0, 55.0] (rows 821, EVENTNO=2374)
    - [WARNING] LAT_DD: Latitude outside typical survey area [20.0, 55.0] (rows 822, EVENTNO=2375)
    - [WARNING] LAT_DD: Latitude outside typical survey area [20.0, 55.0] (rows 823, EVENTNO=2376)
    - [WARNING] LAT_DD: Latitude outside typical survey area [20.0, 55.0] (rows 824, EVENTNO=2377)
    - [WARNING] LAT_DD: Latitude outside typical survey area [20.0, 55.0] (rows 825, EVENTNO=2378)
    - [WARNING] LAT_DD: Latitude outside typical survey area [20.0, 55.0] (rows 826, EVENTNO=2379)
    - [WARNING] LAT_DD: Latitude outside typical survey area [20.0, 55.0] (rows 827, EVENTNO=2380)
    - [WARNING] LAT_DD: Latitude outside typical survey area [20.0, 55.0] (rows 828, EVENTNO=2381)
    - [WARNING] LAT_DD: Latitude outside typical survey area [20.0, 55.0] (rows 829, EVENTNO=2382)
    - [WARNING] LAT_DD: Latitude outside typical survey area [20.0, 55.0] (rows 830, EVENTNO=2383)
    - [WARNING] LAT_DD: Latitude outside typical survey area [20.0, 55.0] (rows 831, EVENTNO=2384)
    - [WARNING] LAT_DD: Latitude outside typical survey area [20.0, 55.0] (rows 832, EVENTNO=2385)
    - [WARNING] LAT_DD: Latitude outside typical survey area [20.0, 55.0] (rows 833, EVENTNO=2386)
    - [WARNING] LAT_DD: Latitude outside typical survey area [20.0, 55.0] (rows 834, EVENTNO=2387)
    - [WARNING] LAT_DD: Latitude outside typical survey area [20.0, 55.0] (rows 835, EVENTNO=2388)
    - [WARNING] LAT_DD: Latitude outside typical survey area [20.0, 55.0] (rows 836, EVENTNO=2389)
    - [WARNING] LAT_DD: Latitude outside typical survey area [20.0, 55.0] (rows 838, EVENTNO=2391)
    - [WARNING] LAT_DD: Latitude outside typical survey area [20.0, 55.0] (rows 839, EVENTNO=2392)
    - [WARNING] LAT_DD: Latitude outside typical survey area [20.0, 55.0] (rows 840, EVENTNO=2393)
    - [WARNING] LAT_DD: Latitude outside typical survey area [20.0, 55.0] (rows 841, EVENTNO=2394)
    - [WARNING] LAT_DD: Latitude outside typical survey area [20.0, 55.0] (rows 842, EVENTNO=2395)
    - [WARNING] LAT_DD: Latitude outside typical survey area [20.0, 55.0] (rows 843, EVENTNO=2396)
    - [WARNING] LAT_DD: Latitude outside typical survey area [20.0, 55.0] (rows 844, EVENTNO=2397)
    - [WARNING] LAT_DD: Latitude outside typical survey area [20.0, 55.0] (rows 845, EVENTNO=2398)
    - [WARNING] LAT_DD: Latitude outside typical survey area [20.0, 55.0] (rows 846, EVENTNO=2399)
    - [WARNING] LAT_DD: Latitude outside typical survey area [20.0, 55.0] (rows 847, EVENTNO=2400)
    - [WARNING] LAT_DD: Latitude outside typical survey area [20.0, 55.0] (rows 848, EVENTNO=2401)
    - [WARNING] LAT_DD: Latitude outside typical survey area [20.0, 55.0] (rows 849, EVENTNO=2402)
    - [WARNING] LAT_DD: Latitude outside typical survey area [20.0, 55.0] (rows 850, EVENTNO=2403)
    - [WARNING] LAT_DD: Latitude outside typical survey area [20.0, 55.0] (rows 851, EVENTNO=2404)
    - [WARNING] LAT_DD: Latitude outside typical survey area [20.0, 55.0] (rows 852, EVENTNO=2405)
    - [WARNING] LAT_DD: Latitude outside typical survey area [20.0, 55.0] (rows 853, EVENTNO=2406)
    - [WARNING] LAT_DD: Latitude outside typical survey area [20.0, 55.0] (rows 854, EVENTNO=2407)
    - [WARNING] LAT_DD: Latitude outside typical survey area [20.0, 55.0] (rows 878, EVENTNO=2431)
    - [WARNING] LAT_DD: Latitude outside typical survey area [20.0, 55.0] (rows 880, EVENTNO=2433)
    - [WARNING] LAT_DD: Latitude outside typical survey area [20.0, 55.0] (rows 881, EVENTNO=2434)
    - [WARNING] LAT_DD: Latitude outside typical survey area [20.0, 55.0] (rows 898, EVENTNO=2451)
    - [WARNING] LAT_DD: Latitude outside typical survey area [20.0, 55.0] (rows 905, EVENTNO=2458)
    - [WARNING] LAT_DD: Latitude outside typical survey area [20.0, 55.0] (rows 906, EVENTNO=2459)
    - [WARNING] LAT_DD: Latitude outside typical survey area [20.0, 55.0] (rows 907, EVENTNO=2460)
    - [WARNING] LAT_DD: Latitude outside typical survey area [20.0, 55.0] (rows 908, EVENTNO=2461)
    - [WARNING] LAT_DD: Latitude outside typical survey area [20.0, 55.0] (rows 909, EVENTNO=2462)
    - [WARNING] LAT_DD: Latitude outside typical survey area [20.0, 55.0] (rows 1036, EVENTNO=2615)
    - [WARNING] LAT_DD: Latitude outside typical survey area [20.0, 55.0] (rows 1037, EVENTNO=2616)
    - [WARNING] LAT_DD: Latitude outside typical survey area [20.0, 55.0] (rows 1038, EVENTNO=2617)
    - [WARNING] LAT_DD: Latitude outside typical survey area [20.0, 55.0] (rows 1039, EVENTNO=2618)
    - [WARNING] LAT_DD: Latitude outside typical survey area [20.0, 55.0] (rows 1040, EVENTNO=2619)
    - [WARNING] LAT_DD: Latitude outside typical survey area [20.0, 55.0] (rows 1136, EVENTNO=2871)
    - [WARNING] LAT_DD: Latitude outside typical survey area [20.0, 55.0] (rows 1148, EVENTNO=2930)
    - [WARNING] LAT_DD: Latitude outside typical survey area [20.0, 55.0] (rows 1149, EVENTNO=2931)
    - [WARNING] LAT_DD: Latitude outside typical survey area [20.0, 55.0] (rows 1152, EVENTNO=2934)
    - [WARNING] LAT_DD: Latitude outside typical survey area [20.0, 55.0] (rows 1154, EVENTNO=2936)
    - [WARNING] LAT_DD: Latitude outside typical survey area [20.0, 55.0] (rows 1156, EVENTNO=2938)
    - [WARNING] LAT_DD: Latitude outside typical survey area [20.0, 55.0] (rows 1158, EVENTNO=2940)
    - [WARNING] LAT_DD: Latitude outside typical survey area [20.0, 55.0] (rows 1159, EVENTNO=2941)
    - [WARNING] LAT_DD: Latitude outside typical survey area [20.0, 55.0] (rows 1160, EVENTNO=2942)
    - [WARNING] LAT_DD: Latitude outside typical survey area [20.0, 55.0] (rows 1184, EVENTNO=2966)
    - [WARNING] LAT_DD: Latitude outside typical survey area [20.0, 55.0] (rows 1209, EVENTNO=2991)
    - [WARNING] LAT_DD: Latitude outside typical survey area [20.0, 55.0] (rows 1210, EVENTNO=2992)
    - [WARNING] LAT_DD: Latitude outside typical survey area [20.0, 55.0] (rows 1213, EVENTNO=2995)
    - [WARNING] LAT_DD: Latitude outside typical survey area [20.0, 55.0] (rows 1216, EVENTNO=2998)
    - [WARNING] LAT_DD: Latitude outside typical survey area [20.0, 55.0] (rows 1217, EVENTNO=2999)
    - [WARNING] LAT_DD: Latitude outside typical survey area [20.0, 55.0] (rows 1218, EVENTNO=3000)
    - [WARNING] LAT_DD: Latitude outside typical survey area [20.0, 55.0] (rows 1219, EVENTNO=3001)
    - [WARNING] LAT_DD: Latitude outside typical survey area [20.0, 55.0] (rows 1220, EVENTNO=3002)
    - [WARNING] LAT_DD: Latitude outside typical survey area [20.0, 55.0] (rows 1221, EVENTNO=3003)
    - [WARNING] LAT_DD: Latitude outside typical survey area [20.0, 55.0] (rows 1222, EVENTNO=3004)
    - [WARNING] LAT_DD: Latitude outside typical survey area [20.0, 55.0] (rows 1225, EVENTNO=3007)
    - [WARNING] LAT_DD: Latitude outside typical survey area [20.0, 55.0] (rows 1226, EVENTNO=3008)
    - [WARNING] LAT_DD: Latitude outside typical survey area [20.0, 55.0] (rows 1227, EVENTNO=3009)
    - [WARNING] LAT_DD: Latitude outside typical survey area [20.0, 55.0] (rows 1240, EVENTNO=3022)
    - [WARNING] LAT_DD: Latitude outside typical survey area [20.0, 55.0] (rows 1241, EVENTNO=3023)
    - [WARNING] LAT_DD: Latitude outside typical survey area [20.0, 55.0] (rows 1242, EVENTNO=3024)
    - [WARNING] LAT_DD: Latitude outside typical survey area [20.0, 55.0] (rows 1243, EVENTNO=3025)
    - [WARNING] LAT_DD: Latitude outside typical survey area [20.0, 55.0] (rows 1248, EVENTNO=3030)
    - [WARNING] LAT_DD: Latitude outside typical survey area [20.0, 55.0] (rows 1260, EVENTNO=3042)
    - [WARNING] LAT_DD: Latitude outside typical survey area [20.0, 55.0] (rows 1267, EVENTNO=3049)
    - [WARNING] LAT_DD: Latitude outside typical survey area [20.0, 55.0] (rows 1321, EVENTNO=3139)
    - [WARNING] LAT_DD: Latitude outside typical survey area [20.0, 55.0] (rows 1322, EVENTNO=3140)
    - [WARNING] LAT_DD: Latitude outside typical survey area [20.0, 55.0] (rows 1327, EVENTNO=3188)
    - [WARNING] LAT_DD: Latitude outside typical survey area [20.0, 55.0] (rows 1328, EVENTNO=3189)
    - [WARNING] LAT_DD: Latitude outside typical survey area [20.0, 55.0] (rows 1348, EVENTNO=3355)
    - [WARNING] LAT_DD: Latitude outside typical survey area [20.0, 55.0] (rows 1349, EVENTNO=3356)
    - [WARNING] LAT_DD: Latitude outside typical survey area [20.0, 55.0] (rows 1350, EVENTNO=3357)
    - [WARNING] LAT_DD: Latitude outside typical survey area [20.0, 55.0] (rows 1367, EVENTNO=3407)
    - [WARNING] LAT_DD: Latitude outside typical survey area [20.0, 55.0] (rows 1368, EVENTNO=3408)
    - [WARNING] LAT_DD: Latitude outside typical survey area [20.0, 55.0] (rows 1369, EVENTNO=3409)
    - [WARNING] LAT_DD: Latitude outside typical survey area [20.0, 55.0] (rows 1370, EVENTNO=3410)
    - [WARNING] LAT_DD: Latitude outside typical survey area [20.0, 55.0] (rows 1371, EVENTNO=3411)
    - [WARNING] LAT_DD: Latitude outside typical survey area [20.0, 55.0] (rows 1378, EVENTNO=3418)
    - [WARNING] LAT_DD: Latitude outside typical survey area [20.0, 55.0] (rows 1379, EVENTNO=3419)
    - [WARNING] LAT_DD: Latitude outside typical survey area [20.0, 55.0] (rows 1381, EVENTNO=3421)
    - [WARNING] LAT_DD: Latitude outside typical survey area [20.0, 55.0] (rows 1385, EVENTNO=3425)
    - [WARNING] LAT_DD: Latitude outside typical survey area [20.0, 55.0] (rows 1401, EVENTNO=3441)
    - [WARNING] LAT_DD: Latitude outside typical survey area [20.0, 55.0] (rows 1407, EVENTNO=3447)
    - [WARNING] LAT_DD: Latitude outside typical survey area [20.0, 55.0] (rows 1408, EVENTNO=3448)
    - [WARNING] LAT_DD: Latitude outside typical survey area [20.0, 55.0] (rows 1409, EVENTNO=3449)
    - [WARNING] LAT_DD: Latitude outside typical survey area [20.0, 55.0] (rows 1410, EVENTNO=3450)
    - [WARNING] LAT_DD: Latitude outside typical survey area [20.0, 55.0] (rows 1411, EVENTNO=3451)
    - [WARNING] LAT_DD: Latitude outside typical survey area [20.0, 55.0] (rows 1412, EVENTNO=3452)
    - [WARNING] LAT_DD: Latitude outside typical survey area [20.0, 55.0] (rows 1420, EVENTNO=3480)
    - [WARNING] LAT_DD: Latitude outside typical survey area [20.0, 55.0] (rows 1426, EVENTNO=3566)
    - [WARNING] LAT_DD: Latitude outside typical survey area [20.0, 55.0] (rows 1430, EVENTNO=3590)
    - [WARNING] LAT_DD: Latitude outside typical survey area [20.0, 55.0] (rows 1432, EVENTNO=3592)
    - [WARNING] LAT_DD: Latitude outside typical survey area [20.0, 55.0] (rows 1433, EVENTNO=3593)
    - [WARNING] LAT_DD: Latitude outside typical survey area [20.0, 55.0] (rows 1434, EVENTNO=3594)
    - [WARNING] LAT_DD: Latitude outside typical survey area [20.0, 55.0] (rows 1435, EVENTNO=3595)
    - [WARNING] LAT_DD: Latitude outside typical survey area [20.0, 55.0] (rows 1436, EVENTNO=3596)
    - [WARNING] LAT_DD: Latitude outside typical survey area [20.0, 55.0] (rows 1438, EVENTNO=3598)
    - [WARNING] LAT_DD: Latitude outside typical survey area [20.0, 55.0] (rows 1439, EVENTNO=3599)
    - [WARNING] LAT_DD: Latitude outside typical survey area [20.0, 55.0] (rows 1440, EVENTNO=3600)
    - [WARNING] LAT_DD: Latitude outside typical survey area [20.0, 55.0] (rows 1441, EVENTNO=3601)
    - [WARNING] LAT_DD: Latitude outside typical survey area [20.0, 55.0] (rows 1442, EVENTNO=3602)
    - [WARNING] LAT_DD: Latitude outside typical survey area [20.0, 55.0] (rows 1443, EVENTNO=3603)
    - [WARNING] LAT_DD: Latitude outside typical survey area [20.0, 55.0] (rows 1444, EVENTNO=3604)
    - [WARNING] LAT_DD: Latitude outside typical survey area [20.0, 55.0] (rows 1445, EVENTNO=3605)
    - [WARNING] LAT_DD: Latitude outside typical survey area [20.0, 55.0] (rows 1446, EVENTNO=3606)
    - [WARNING] LAT_DD: Latitude outside typical survey area [20.0, 55.0] (rows 1447, EVENTNO=3607)
    - [WARNING] LAT_DD: Latitude outside typical survey area [20.0, 55.0] (rows 1448, EVENTNO=3608)
    - [WARNING] LAT_DD: Latitude outside typical survey area [20.0, 55.0] (rows 1449, EVENTNO=3609)
    - [WARNING] LAT_DD: Latitude outside typical survey area [20.0, 55.0] (rows 1450, EVENTNO=3610)
    - [WARNING] LAT_DD: Latitude outside typical survey area [20.0, 55.0] (rows 1451, EVENTNO=3611)
    - [WARNING] LAT_DD: Latitude outside typical survey area [20.0, 55.0] (rows 1452, EVENTNO=3612)
    - [WARNING] LAT_DD: Latitude outside typical survey area [20.0, 55.0] (rows 1453, EVENTNO=3613)
    - [WARNING] LAT_DD: Latitude outside typical survey area [20.0, 55.0] (rows 1454, EVENTNO=3614)
    - [WARNING] LAT_DD: Latitude outside typical survey area [20.0, 55.0] (rows 1455, EVENTNO=3615)
    - [WARNING] LAT_DD: Latitude outside typical survey area [20.0, 55.0] (rows 1456, EVENTNO=3616)
    - [WARNING] LAT_DD: Latitude outside typical survey area [20.0, 55.0] (rows 1457, EVENTNO=3617)
    - [WARNING] LAT_DD: Latitude outside typical survey area [20.0, 55.0] (rows 1458, EVENTNO=3618)
    - [WARNING] LAT_DD: Latitude outside typical survey area [20.0, 55.0] (rows 1459, EVENTNO=3619)
    - [WARNING] LAT_DD: Latitude outside typical survey area [20.0, 55.0] (rows 1460, EVENTNO=3620)
    - [WARNING] LAT_DD: Latitude outside typical survey area [20.0, 55.0] (rows 1461, EVENTNO=3621)
    - [WARNING] LAT_DD: Latitude outside typical survey area [20.0, 55.0] (rows 1462, EVENTNO=3622)
    - [WARNING] LAT_DD: Latitude outside typical survey area [20.0, 55.0] (rows 1467, EVENTNO=3660)
    - [WARNING] LAT_DD: Latitude outside typical survey area [20.0, 55.0] (rows 1468, EVENTNO=3661)
    - [WARNING] LAT_DD: Latitude outside typical survey area [20.0, 55.0] (rows 1469, EVENTNO=3662)
    - [WARNING] LAT_DD: Latitude outside typical survey area [20.0, 55.0] (rows 1470, EVENTNO=3663)
    - [WARNING] LAT_DD: Latitude outside typical survey area [20.0, 55.0] (rows 1471, EVENTNO=3664)
    - [WARNING] LAT_DD: Latitude outside typical survey area [20.0, 55.0] (rows 1472, EVENTNO=3665)
    - [WARNING] LAT_DD: Latitude outside typical survey area [20.0, 55.0] (rows 1473, EVENTNO=3666)
    - [WARNING] LAT_DD: Latitude outside typical survey area [20.0, 55.0] (rows 1474, EVENTNO=3667)
    - [WARNING] LAT_DD: Latitude outside typical survey area [20.0, 55.0] (rows 1475, EVENTNO=3668)
    - [WARNING] LAT_DD: Latitude outside typical survey area [20.0, 55.0] (rows 1476, EVENTNO=3669)
    - [WARNING] LAT_DD: Latitude outside typical survey area [20.0, 55.0] (rows 1477, EVENTNO=3670)
    - [WARNING] LAT_DD: Latitude outside typical survey area [20.0, 55.0] (rows 1478, EVENTNO=3671)
    - [WARNING] LAT_DD: Latitude outside typical survey area [20.0, 55.0] (rows 1479, EVENTNO=3672)
    - [WARNING] LAT_DD: Latitude outside typical survey area [20.0, 55.0] (rows 1480, EVENTNO=3673)
    - [WARNING] LAT_DD: Latitude outside typical survey area [20.0, 55.0] (rows 1481, EVENTNO=3674)
    - [WARNING] LAT_DD: Latitude outside typical survey area [20.0, 55.0] (rows 1482, EVENTNO=3675)
    - [WARNING] LAT_DD: Latitude outside typical survey area [20.0, 55.0] (rows 1483, EVENTNO=3676)
    - [WARNING] LAT_DD: Latitude outside typical survey area [20.0, 55.0] (rows 1484, EVENTNO=3677)
    - [WARNING] LAT_DD: Latitude outside typical survey area [20.0, 55.0] (rows 1485, EVENTNO=3678)
    - [WARNING] LAT_DD: Latitude outside typical survey area [20.0, 55.0] (rows 1486, EVENTNO=3679)
    - [WARNING] LAT_DD: Latitude outside typical survey area [20.0, 55.0] (rows 1487, EVENTNO=3680)
    - [WARNING] LAT_DD: Latitude outside typical survey area [20.0, 55.0] (rows 1488, EVENTNO=3681)
    - [WARNING] LAT_DD: Latitude outside typical survey area [20.0, 55.0] (rows 1489, EVENTNO=3682)
    - [WARNING] LAT_DD: Latitude outside typical survey area [20.0, 55.0] (rows 1490, EVENTNO=3683)
    - [WARNING] LAT_DD: Latitude outside typical survey area [20.0, 55.0] (rows 1491, EVENTNO=3684)
    - [WARNING] LAT_DD: Latitude outside typical survey area [20.0, 55.0] (rows 1492, EVENTNO=3685)
    - [WARNING] LAT_DD: Latitude outside typical survey area [20.0, 55.0] (rows 1493, EVENTNO=3686)
    - [WARNING] LAT_DD: Latitude outside typical survey area [20.0, 55.0] (rows 1494, EVENTNO=3687)
    - [WARNING] LAT_DD: Latitude outside typical survey area [20.0, 55.0] (rows 1495, EVENTNO=3688)
    - [WARNING] LAT_DD: Latitude outside typical survey area [20.0, 55.0] (rows 1496, EVENTNO=3689)
    - [WARNING] LAT_DD: Latitude outside typical survey area [20.0, 55.0] (rows 1497, EVENTNO=3690)
    - [WARNING] LAT_DD: Latitude outside typical survey area [20.0, 55.0] (rows 1498, EVENTNO=3691)
    - [WARNING] LAT_DD: Latitude outside typical survey area [20.0, 55.0] (rows 1499, EVENTNO=3692)
    - [WARNING] LAT_DD: Latitude outside typical survey area [20.0, 55.0] (rows 1500, EVENTNO=3693)
    - [WARNING] LAT_DD: Latitude outside typical survey area [20.0, 55.0] (rows 1501, EVENTNO=3694)
    - [WARNING] LAT_DD: Latitude outside typical survey area [20.0, 55.0] (rows 1502, EVENTNO=3695)
    - [WARNING] LAT_DD: Latitude outside typical survey area [20.0, 55.0] (rows 1503, EVENTNO=3696)
    - [WARNING] LAT_DD: Latitude outside typical survey area [20.0, 55.0] (rows 1504, EVENTNO=3697)
    - [WARNING] LAT_DD: Latitude outside typical survey area [20.0, 55.0] (rows 1505, EVENTNO=3698)
    - [WARNING] LAT_DD: Latitude outside typical survey area [20.0, 55.0] (rows 1506, EVENTNO=3699)
    - [WARNING] LAT_DD: Latitude outside typical survey area [20.0, 55.0] (rows 1507, EVENTNO=3700)
    - [WARNING] LAT_DD: Latitude outside typical survey area [20.0, 55.0] (rows 1508, EVENTNO=3701)
    - [WARNING] LAT_DD: Latitude outside typical survey area [20.0, 55.0] (rows 1509, EVENTNO=3702)
    - [WARNING] LAT_DD: Latitude outside typical survey area [20.0, 55.0] (rows 1510, EVENTNO=3703)
    - [WARNING] LAT_DD: Latitude outside typical survey area [20.0, 55.0] (rows 1511, EVENTNO=3704)
    - [WARNING] LAT_DD: Latitude outside typical survey area [20.0, 55.0] (rows 1512, EVENTNO=3705)
    - [WARNING] LAT_DD: Latitude outside typical survey area [20.0, 55.0] (rows 1513, EVENTNO=3706)
    - [WARNING] LAT_DD: Latitude outside typical survey area [20.0, 55.0] (rows 1514, EVENTNO=3707)
    - [WARNING] LAT_DD: Latitude outside typical survey area [20.0, 55.0] (rows 1515, EVENTNO=3708)
    - [WARNING] LAT_DD: Latitude outside typical survey area [20.0, 55.0] (rows 1516, EVENTNO=3709)
    - [WARNING] LAT_DD: Latitude outside typical survey area [20.0, 55.0] (rows 1517, EVENTNO=3710)
    - [WARNING] LAT_DD: Latitude outside typical survey area [20.0, 55.0] (rows 1518, EVENTNO=3711)
    - [WARNING] LAT_DD: Latitude outside typical survey area [20.0, 55.0] (rows 1519, EVENTNO=3712)
    - [WARNING] LAT_DD: Latitude outside typical survey area [20.0, 55.0] (rows 1520, EVENTNO=3713)
    - [WARNING] LAT_DD: Latitude outside typical survey area [20.0, 55.0] (rows 1521, EVENTNO=3714)
    - [WARNING] LAT_DD: Latitude outside typical survey area [20.0, 55.0] (rows 1522, EVENTNO=3715)
    - [WARNING] LAT_DD: Latitude outside typical survey area [20.0, 55.0] (rows 1523, EVENTNO=3716)
    - [WARNING] LAT_DD: Latitude outside typical survey area [20.0, 55.0] (rows 1524, EVENTNO=3717)
    - [WARNING] LAT_DD: Latitude outside typical survey area [20.0, 55.0] (rows 1525, EVENTNO=3718)
    - [WARNING] LAT_DD: Latitude outside typical survey area [20.0, 55.0] (rows 1526, EVENTNO=3719)
    - [WARNING] LAT_DD: Latitude outside typical survey area [20.0, 55.0] (rows 1527, EVENTNO=3720)
    - [WARNING] LAT_DD: Latitude outside typical survey area [20.0, 55.0] (rows 1528, EVENTNO=3721)
    - [WARNING] LAT_DD: Latitude outside typical survey area [20.0, 55.0] (rows 1529, EVENTNO=3722)
    - [WARNING] LAT_DD: Latitude outside typical survey area [20.0, 55.0] (rows 1530, EVENTNO=3723)
    - [WARNING] LAT_DD: Latitude outside typical survey area [20.0, 55.0] (rows 1531, EVENTNO=3724)
    - [WARNING] LAT_DD: Latitude outside typical survey area [20.0, 55.0] (rows 1532, EVENTNO=3725)
    - [WARNING] LAT_DD: Latitude outside typical survey area [20.0, 55.0] (rows 1533, EVENTNO=3726)
    - [WARNING] LAT_DD: Latitude outside typical survey area [20.0, 55.0] (rows 1534, EVENTNO=3727)
    - [WARNING] LAT_DD: Latitude outside typical survey area [20.0, 55.0] (rows 1535, EVENTNO=3728)
    - [WARNING] LAT_DD: Latitude outside typical survey area [20.0, 55.0] (rows 1536, EVENTNO=3729)
    - [WARNING] LAT_DD: Latitude outside typical survey area [20.0, 55.0] (rows 1537, EVENTNO=3730)
    - [WARNING] LAT_DD: Latitude outside typical survey area [20.0, 55.0] (rows 1538, EVENTNO=3731)
    - [WARNING] LAT_DD: Latitude outside typical survey area [20.0, 55.0] (rows 1539, EVENTNO=3732)
    - [WARNING] LAT_DD: Latitude outside typical survey area [20.0, 55.0] (rows 1540, EVENTNO=3733)
    - [WARNING] LAT_DD: Latitude outside typical survey area [20.0, 55.0] (rows 1541, EVENTNO=3734)
    - [WARNING] LAT_DD: Latitude outside typical survey area [20.0, 55.0] (rows 1542, EVENTNO=3735)
    - [WARNING] LAT_DD: Latitude outside typical survey area [20.0, 55.0] (rows 1543, EVENTNO=3736)
    - [WARNING] LAT_DD: Latitude outside typical survey area [20.0, 55.0] (rows 1544, EVENTNO=3737)
    - [WARNING] LAT_DD: Latitude outside typical survey area [20.0, 55.0] (rows 1545, EVENTNO=3738)
    - [WARNING] LAT_DD: Latitude outside typical survey area [20.0, 55.0] (rows 1546, EVENTNO=3739)
    - [WARNING] LAT_DD: Latitude outside typical survey area [20.0, 55.0] (rows 1547, EVENTNO=3740)
    - [WARNING] LAT_DD: Latitude outside typical survey area [20.0, 55.0] (rows 1548, EVENTNO=3741)
    - [WARNING] LAT_DD: Latitude outside typical survey area [20.0, 55.0] (rows 1549, EVENTNO=3742)
    - [WARNING] LAT_DD: Latitude outside typical survey area [20.0, 55.0] (rows 1550, EVENTNO=3743)
    - [WARNING] LAT_DD: Latitude outside typical survey area [20.0, 55.0] (rows 1551, EVENTNO=3744)
    - [WARNING] LAT_DD: Latitude outside typical survey area [20.0, 55.0] (rows 1552, EVENTNO=3745)
    - [WARNING] LAT_DD: Latitude outside typical survey area [20.0, 55.0] (rows 1553, EVENTNO=3746)
    - [WARNING] LAT_DD: Latitude outside typical survey area [20.0, 55.0] (rows 1554, EVENTNO=3747)
    - [WARNING] LAT_DD: Latitude outside typical survey area [20.0, 55.0] (rows 1555, EVENTNO=3748)
    - [WARNING] LAT_DD: Latitude outside typical survey area [20.0, 55.0] (rows 1556, EVENTNO=3749)
    - [WARNING] LAT_DD: Latitude outside typical survey area [20.0, 55.0] (rows 1557, EVENTNO=3750)
    - [WARNING] LAT_DD: Latitude outside typical survey area [20.0, 55.0] (rows 1558, EVENTNO=3751)
    - [WARNING] LAT_DD: Latitude outside typical survey area [20.0, 55.0] (rows 1559, EVENTNO=3752)
    - [WARNING] LAT_DD: Latitude outside typical survey area [20.0, 55.0] (rows 1560, EVENTNO=3753)
    - [WARNING] LAT_DD: Latitude outside typical survey area [20.0, 55.0] (rows 1561, EVENTNO=3754)
    - [WARNING] LAT_DD: Latitude outside typical survey area [20.0, 55.0] (rows 1562, EVENTNO=3755)
    - [WARNING] LAT_DD: Latitude outside typical survey area [20.0, 55.0] (rows 1563, EVENTNO=3756)
    - [WARNING] LAT_DD: Latitude outside typical survey area [20.0, 55.0] (rows 1564, EVENTNO=3757)
    - [WARNING] LAT_DD: Latitude outside typical survey area [20.0, 55.0] (rows 1565, EVENTNO=3758)
    - [WARNING] LAT_DD: Latitude outside typical survey area [20.0, 55.0] (rows 1566, EVENTNO=3759)
    - [WARNING] LAT_DD: Latitude outside typical survey area [20.0, 55.0] (rows 1567, EVENTNO=3760)
    - [WARNING] LAT_DD: Latitude outside typical survey area [20.0, 55.0] (rows 1568, EVENTNO=3761)
    - [WARNING] LAT_DD: Latitude outside typical survey area [20.0, 55.0] (rows 1569, EVENTNO=3762)
    - [WARNING] LAT_DD: Latitude outside typical survey area [20.0, 55.0] (rows 1570, EVENTNO=3763)
    - [WARNING] LAT_DD: Latitude outside typical survey area [20.0, 55.0] (rows 1571, EVENTNO=3764)
    - [WARNING] LAT_DD: Latitude outside typical survey area [20.0, 55.0] (rows 1572, EVENTNO=3765)
    - [WARNING] LAT_DD: Latitude outside typical survey area [20.0, 55.0] (rows 1573, EVENTNO=3766)
    - [WARNING] LAT_DD: Latitude outside typical survey area [20.0, 55.0] (rows 1574, EVENTNO=3767)
    - [WARNING] LAT_DD: Latitude outside typical survey area [20.0, 55.0] (rows 1575, EVENTNO=3768)
    - [WARNING] LAT_DD: Latitude outside typical survey area [20.0, 55.0] (rows 1576, EVENTNO=3769)
    - [WARNING] LAT_DD: Latitude outside typical survey area [20.0, 55.0] (rows 1577, EVENTNO=3770)
    - [WARNING] LAT_DD: Latitude outside typical survey area [20.0, 55.0] (rows 1578, EVENTNO=3771)
    - [WARNING] LAT_DD: Latitude outside typical survey area [20.0, 55.0] (rows 1579, EVENTNO=3772)
    - [WARNING] LAT_DD: Latitude outside typical survey area [20.0, 55.0] (rows 1580, EVENTNO=3773)
    - [WARNING] LAT_DD: Latitude outside typical survey area [20.0, 55.0] (rows 1581, EVENTNO=3774)
    - [WARNING] LAT_DD: Latitude outside typical survey area [20.0, 55.0] (rows 1582, EVENTNO=3775)
    - [WARNING] LAT_DD: Latitude outside typical survey area [20.0, 55.0] (rows 1583, EVENTNO=3776)
    - [WARNING] LAT_DD: Latitude outside typical survey area [20.0, 55.0] (rows 1584, EVENTNO=3777)
    - [WARNING] LAT_DD: Latitude outside typical survey area [20.0, 55.0] (rows 1585, EVENTNO=3778)
    - [WARNING] LAT_DD: Latitude outside typical survey area [20.0, 55.0] (rows 1586, EVENTNO=3779)
    - [WARNING] LAT_DD: Latitude outside typical survey area [20.0, 55.0] (rows 1587, EVENTNO=3780)
    - [WARNING] LAT_DD: Latitude outside typical survey area [20.0, 55.0] (rows 1588, EVENTNO=3781)
    - [WARNING] LAT_DD: Latitude outside typical survey area [20.0, 55.0] (rows 1589, EVENTNO=3782)
    - [WARNING] LAT_DD: Latitude outside typical survey area [20.0, 55.0] (rows 1590, EVENTNO=3783)
    - [WARNING] LAT_DD: Latitude outside typical survey area [20.0, 55.0] (rows 1591, EVENTNO=3784)
    - [WARNING] LAT_DD: Latitude outside typical survey area [20.0, 55.0] (rows 1596, EVENTNO=3851)
    - [WARNING] LAT_DD: Latitude outside typical survey area [20.0, 55.0] (rows 1597, EVENTNO=3852)
    - [WARNING] LAT_DD: Latitude outside typical survey area [20.0, 55.0] (rows 1598, EVENTNO=3853)
    - [WARNING] LAT_DD: Latitude outside typical survey area [20.0, 55.0] (rows 1606, EVENTNO=3861)
    - [WARNING] LAT_DD: Latitude outside typical survey area [20.0, 55.0] (rows 1609, EVENTNO=3864)
    - [WARNING] LAT_DD: Latitude outside typical survey area [20.0, 55.0] (rows 1610, EVENTNO=3865)
    - [WARNING] LAT_DD: Latitude outside typical survey area [20.0, 55.0] (rows 1621, EVENTNO=3876)
    - [WARNING] LAT_DD: Latitude outside typical survey area [20.0, 55.0] (rows 1622, EVENTNO=3877)
    - [WARNING] LAT_DD: Latitude outside typical survey area [20.0, 55.0] (rows 1623, EVENTNO=3878)
    - [WARNING] LAT_DD: Latitude outside typical survey area [20.0, 55.0] (rows 1624, EVENTNO=3879)
    - [WARNING] LAT_DD: Latitude outside typical survey area [20.0, 55.0] (rows 1625, EVENTNO=3880)
    - [WARNING] LAT_DD: Latitude outside typical survey area [20.0, 55.0] (rows 1638, EVENTNO=3893)
    - [WARNING] LAT_DD: Latitude outside typical survey area [20.0, 55.0] (rows 1639, EVENTNO=3894)
    - [WARNING] LAT_DD: Latitude outside typical survey area [20.0, 55.0] (rows 1641, EVENTNO=3896)
    - [WARNING] LAT_DD: Latitude outside typical survey area [20.0, 55.0] (rows 1655, EVENTNO=3910)
    - [WARNING] LAT_DD: Latitude outside typical survey area [20.0, 55.0] (rows 1656, EVENTNO=3911)
    - [WARNING] LAT_DD: Latitude outside typical survey area [20.0, 55.0] (rows 1657, EVENTNO=3912)
    - [WARNING] LAT_DD: Latitude outside typical survey area [20.0, 55.0] (rows 1658, EVENTNO=3913)
    - [WARNING] LAT_DD: Latitude outside typical survey area [20.0, 55.0] (rows 1659, EVENTNO=3914)
    - [WARNING] LAT_DD: Latitude outside typical survey area [20.0, 55.0] (rows 1660, EVENTNO=3915)
    - [WARNING] LAT_DD: Latitude outside typical survey area [20.0, 55.0] (rows 1661, EVENTNO=3916)
    - [WARNING] LAT_DD: Latitude outside typical survey area [20.0, 55.0] (rows 1668, EVENTNO=3923)
    - [WARNING] LAT_DD: Latitude outside typical survey area [20.0, 55.0] (rows 1677, EVENTNO=3932)
    - [WARNING] LAT_DD: Latitude outside typical survey area [20.0, 55.0] (rows 1957, EVENTNO=4238)
    - [WARNING] LAT_DD: Latitude outside typical survey area [20.0, 55.0] (rows 1958, EVENTNO=4239)
    - [WARNING] LAT_DD: Latitude outside typical survey area [20.0, 55.0] (rows 1959, EVENTNO=4240)
    - [WARNING] LAT_DD: Latitude outside typical survey area [20.0, 55.0] (rows 1962, EVENTNO=4243)
    - [WARNING] LAT_DD: Latitude outside typical survey area [20.0, 55.0] (rows 1963, EVENTNO=4244)
    - [WARNING] LAT_DD: Latitude outside typical survey area [20.0, 55.0] (rows 1964, EVENTNO=4245)
    - [WARNING] LAT_DD: Latitude outside typical survey area [20.0, 55.0] (rows 1972, EVENTNO=4267)
    - [WARNING] LAT_DD: Latitude outside typical survey area [20.0, 55.0] (rows 1973, EVENTNO=4268)
    - [WARNING] LAT_DD: Latitude outside typical survey area [20.0, 55.0] (rows 1974, EVENTNO=4269)
    - [WARNING] LAT_DD: Latitude outside typical survey area [20.0, 55.0] (rows 1975, EVENTNO=4270)
    - [WARNING] LAT_DD: Latitude outside typical survey area [20.0, 55.0] (rows 1985, EVENTNO=4343)
    - [WARNING] LAT_DD: Latitude outside typical survey area [20.0, 55.0] (rows 1986, EVENTNO=4344)
    - [WARNING] LAT_DD: Latitude outside typical survey area [20.0, 55.0] (rows 1987, EVENTNO=4345)
    - [WARNING] LAT_DD: Latitude outside typical survey area [20.0, 55.0] (rows 1988, EVENTNO=4346)
    - [WARNING] LAT_DD: Latitude outside typical survey area [20.0, 55.0] (rows 1989, EVENTNO=4347)
    - [WARNING] LAT_DD: Latitude outside typical survey area [20.0, 55.0] (rows 1990, EVENTNO=4348)
    - [WARNING] LAT_DD: Latitude outside typical survey area [20.0, 55.0] (rows 1991, EVENTNO=4349)
    - [WARNING] LAT_DD: Latitude outside typical survey area [20.0, 55.0] (rows 2005, EVENTNO=4363)
    - [WARNING] LAT_DD: Latitude outside typical survey area [20.0, 55.0] (rows 2006, EVENTNO=4364)
    - [WARNING] LAT_DD: Latitude outside typical survey area [20.0, 55.0] (rows 2007, EVENTNO=4365)
    - [WARNING] LAT_DD: Latitude outside typical survey area [20.0, 55.0] (rows 2008, EVENTNO=4366)
    - [WARNING] LAT_DD: Latitude outside typical survey area [20.0, 55.0] (rows 2009, EVENTNO=4367)
    - [WARNING] LAT_DD: Latitude outside typical survey area [20.0, 55.0] (rows 2010, EVENTNO=4368)
    - [WARNING] LAT_DD: Latitude outside typical survey area [20.0, 55.0] (rows 2011, EVENTNO=4369)
    - [WARNING] LAT_DD: Latitude outside typical survey area [20.0, 55.0] (rows 2012, EVENTNO=4370)
    - [WARNING] LAT_DD: Latitude outside typical survey area [20.0, 55.0] (rows 2013, EVENTNO=4371)
    - [WARNING] LAT_DD: Latitude outside typical survey area [20.0, 55.0] (rows 2014, EVENTNO=4372)
    - [WARNING] LAT_DD: Latitude outside typical survey area [20.0, 55.0] (rows 2015, EVENTNO=4373)
    - [WARNING] LAT_DD: Latitude outside typical survey area [20.0, 55.0] (rows 2016, EVENTNO=4374)
    - [WARNING] LAT_DD: Latitude outside typical survey area [20.0, 55.0] (rows 2017, EVENTNO=4375)
    - [WARNING] LAT_DD: Latitude outside typical survey area [20.0, 55.0] (rows 2018, EVENTNO=4376)
    - [WARNING] LAT_DD: Latitude outside typical survey area [20.0, 55.0] (rows 2019, EVENTNO=4377)
    - [WARNING] LAT_DD: Latitude outside typical survey area [20.0, 55.0] (rows 2020, EVENTNO=4378)
    - [WARNING] LAT_DD: Latitude outside typical survey area [20.0, 55.0] (rows 2021, EVENTNO=4379)
    - [WARNING] LAT_DD: Latitude outside typical survey area [20.0, 55.0] (rows 2022, EVENTNO=4380)
    - [WARNING] LAT_DD: Latitude outside typical survey area [20.0, 55.0] (rows 2023, EVENTNO=4381)
    - [WARNING] LAT_DD: Latitude outside typical survey area [20.0, 55.0] (rows 2024, EVENTNO=4382)
    - [WARNING] LAT_DD: Latitude outside typical survey area [20.0, 55.0] (rows 2025, EVENTNO=4383)
    - [WARNING] LAT_DD: Latitude outside typical survey area [20.0, 55.0] (rows 2026, EVENTNO=4384)
    - [WARNING] LAT_DD: Latitude outside typical survey area [20.0, 55.0] (rows 2027, EVENTNO=4385)
    - [WARNING] LAT_DD: Latitude outside typical survey area [20.0, 55.0] (rows 2028, EVENTNO=4386)
    - [WARNING] LAT_DD: Latitude outside typical survey area [20.0, 55.0] (rows 2029, EVENTNO=4387)
    - [WARNING] LAT_DD: Latitude outside typical survey area [20.0, 55.0] (rows 2030, EVENTNO=4388)
    - [WARNING] LAT_DD: Latitude outside typical survey area [20.0, 55.0] (rows 2031, EVENTNO=4389)
    - [WARNING] LAT_DD: Latitude outside typical survey area [20.0, 55.0] (rows 2032, EVENTNO=4390)
    - [WARNING] LAT_DD: Latitude outside typical survey area [20.0, 55.0] (rows 2033, EVENTNO=4391)
    - [WARNING] LAT_DD: Latitude outside typical survey area [20.0, 55.0] (rows 2034, EVENTNO=4392)
    - [WARNING] LAT_DD: Latitude outside typical survey area [20.0, 55.0] (rows 2035, EVENTNO=4393)
    - [WARNING] LAT_DD: Latitude outside typical survey area [20.0, 55.0] (rows 2036, EVENTNO=4394)
    - [WARNING] LAT_DD: Latitude outside typical survey area [20.0, 55.0] (rows 2037, EVENTNO=4395)
    - [WARNING] LAT_DD: Latitude outside typical survey area [20.0, 55.0] (rows 2038, EVENTNO=4396)
    - [WARNING] LAT_DD: Latitude outside typical survey area [20.0, 55.0] (rows 2039, EVENTNO=4397)
    - [WARNING] LAT_DD: Latitude outside typical survey area [20.0, 55.0] (rows 2040, EVENTNO=4398)
    - [WARNING] LAT_DD: Latitude outside typical survey area [20.0, 55.0] (rows 2041, EVENTNO=4399)
    - [WARNING] LAT_DD: Latitude outside typical survey area [20.0, 55.0] (rows 2042, EVENTNO=4400)
    - [WARNING] LAT_DD: Latitude outside typical survey area [20.0, 55.0] (rows 2043, EVENTNO=4401)
    - [WARNING] LAT_DD: Latitude outside typical survey area [20.0, 55.0] (rows 2044, EVENTNO=4402)
    - [WARNING] LAT_DD: Latitude outside typical survey area [20.0, 55.0] (rows 2045, EVENTNO=4403)
    - [WARNING] LAT_DD: Latitude outside typical survey area [20.0, 55.0] (rows 2046, EVENTNO=4404)
    - [WARNING] LAT_DD: Latitude outside typical survey area [20.0, 55.0] (rows 2047, EVENTNO=4405)
    - [WARNING] LAT_DD: Latitude outside typical survey area [20.0, 55.0] (rows 2048, EVENTNO=4406)
    - [WARNING] LAT_DD: Latitude outside typical survey area [20.0, 55.0] (rows 2049, EVENTNO=4407)
    - [WARNING] LAT_DD: Latitude outside typical survey area [20.0, 55.0] (rows 2050, EVENTNO=4408)
    - [WARNING] LAT_DD: Latitude outside typical survey area [20.0, 55.0] (rows 2051, EVENTNO=4409)
    - [WARNING] LAT_DD: Latitude outside typical survey area [20.0, 55.0] (rows 2052, EVENTNO=4410)
    - [WARNING] LAT_DD: Latitude outside typical survey area [20.0, 55.0] (rows 2053, EVENTNO=4411)
    - [WARNING] LAT_DD: Latitude outside typical survey area [20.0, 55.0] (rows 2054, EVENTNO=4412)
    - [WARNING] LAT_DD: Latitude outside typical survey area [20.0, 55.0] (rows 2055, EVENTNO=4413)
    - [WARNING] LAT_DD: Latitude outside typical survey area [20.0, 55.0] (rows 2056, EVENTNO=4414)
    - [WARNING] LAT_DD: Latitude outside typical survey area [20.0, 55.0] (rows 2057, EVENTNO=4415)
    - [WARNING] LAT_DD: Latitude outside typical survey area [20.0, 55.0] (rows 2058, EVENTNO=4416)
    - [WARNING] LAT_DD: Latitude outside typical survey area [20.0, 55.0] (rows 2059, EVENTNO=4417)
    - [WARNING] LAT_DD: Latitude outside typical survey area [20.0, 55.0] (rows 2060, EVENTNO=4418)
    - [WARNING] LAT_DD: Latitude outside typical survey area [20.0, 55.0] (rows 2061, EVENTNO=4419)
    - [WARNING] LAT_DD: Latitude outside typical survey area [20.0, 55.0] (rows 2062, EVENTNO=4420)
    - [WARNING] LAT_DD: Latitude outside typical survey area [20.0, 55.0] (rows 2063, EVENTNO=4421)
    - [WARNING] LAT_DD: Latitude outside typical survey area [20.0, 55.0] (rows 2064, EVENTNO=4422)
    - [WARNING] LAT_DD: Latitude outside typical survey area [20.0, 55.0] (rows 2065, EVENTNO=4423)
    - [WARNING] LAT_DD: Latitude outside typical survey area [20.0, 55.0] (rows 2066, EVENTNO=4424)
    - [WARNING] LAT_DD: Latitude outside typical survey area [20.0, 55.0] (rows 2067, EVENTNO=4425)
    - [WARNING] LAT_DD: Latitude outside typical survey area [20.0, 55.0] (rows 2068, EVENTNO=4426)
    - [WARNING] LAT_DD: Latitude outside typical survey area [20.0, 55.0] (rows 2069, EVENTNO=4427)
    - [WARNING] LAT_DD: Latitude outside typical survey area [20.0, 55.0] (rows 2070, EVENTNO=4428)
    - [WARNING] LAT_DD: Latitude outside typical survey area [20.0, 55.0] (rows 2071, EVENTNO=4429)
    - [WARNING] LAT_DD: Latitude outside typical survey area [20.0, 55.0] (rows 2072, EVENTNO=4430)
    - [WARNING] LAT_DD: Latitude outside typical survey area [20.0, 55.0] (rows 2073, EVENTNO=4431)
    - [WARNING] LAT_DD: Latitude outside typical survey area [20.0, 55.0] (rows 2074, EVENTNO=4432)
    - [WARNING] LAT_DD: Latitude outside typical survey area [20.0, 55.0] (rows 2075, EVENTNO=4433)
    - [WARNING] LAT_DD: Latitude outside typical survey area [20.0, 55.0] (rows 2076, EVENTNO=4434)
    - [WARNING] LAT_DD: Latitude outside typical survey area [20.0, 55.0] (rows 2077, EVENTNO=4435)
    - [WARNING] LAT_DD: Latitude outside typical survey area [20.0, 55.0] (rows 2078, EVENTNO=4436)
    - [WARNING] LAT_DD: Latitude outside typical survey area [20.0, 55.0] (rows 2079, EVENTNO=4437)
    - [WARNING] LAT_DD: Latitude outside typical survey area [20.0, 55.0] (rows 2080, EVENTNO=4438)
    - [WARNING] LAT_DD: Latitude outside typical survey area [20.0, 55.0] (rows 2081, EVENTNO=4439)
    - [WARNING] LAT_DD: Latitude outside typical survey area [20.0, 55.0] (rows 2082, EVENTNO=4440)
    - [WARNING] LAT_DD: Latitude outside typical survey area [20.0, 55.0] (rows 2083, EVENTNO=4441)
    - [WARNING] LAT_DD: Latitude outside typical survey area [20.0, 55.0] (rows 2084, EVENTNO=4442)
    - [WARNING] LAT_DD: Latitude outside typical survey area [20.0, 55.0] (rows 2085, EVENTNO=4443)
    - [WARNING] LAT_DD: Latitude outside typical survey area [20.0, 55.0] (rows 2086, EVENTNO=4444)
    - [WARNING] LAT_DD: Latitude outside typical survey area [20.0, 55.0] (rows 2087, EVENTNO=4445)
    - [WARNING] LAT_DD: Latitude outside typical survey area [20.0, 55.0] (rows 2088, EVENTNO=4446)
    - [WARNING] LAT_DD: Latitude outside typical survey area [20.0, 55.0] (rows 2089, EVENTNO=4447)
    - [WARNING] LAT_DD: Latitude outside typical survey area [20.0, 55.0] (rows 2090, EVENTNO=4448)
    - [WARNING] LAT_DD: Latitude outside typical survey area [20.0, 55.0] (rows 2091, EVENTNO=4449)
    - [WARNING] LAT_DD: Latitude outside typical survey area [20.0, 55.0] (rows 2092, EVENTNO=4450)
    - [WARNING] LAT_DD: Latitude outside typical survey area [20.0, 55.0] (rows 2093, EVENTNO=4451)
    - [WARNING] LAT_DD: Latitude outside typical survey area [20.0, 55.0] (rows 2094, EVENTNO=4452)
    - [WARNING] LAT_DD: Latitude outside typical survey area [20.0, 55.0] (rows 2095, EVENTNO=4453)
    - [WARNING] LAT_DD: Latitude outside typical survey area [20.0, 55.0] (rows 2096, EVENTNO=4454)
    - [WARNING] LAT_DD: Latitude outside typical survey area [20.0, 55.0] (rows 2097, EVENTNO=4455)
    - [WARNING] LAT_DD: Latitude outside typical survey area [20.0, 55.0] (rows 2098, EVENTNO=4456)
    - [WARNING] LAT_DD: Latitude outside typical survey area [20.0, 55.0] (rows 2099, EVENTNO=4457)
    - [WARNING] LAT_DD: Latitude outside typical survey area [20.0, 55.0] (rows 2100, EVENTNO=4458)
    - [WARNING] LAT_DD: Latitude outside typical survey area [20.0, 55.0] (rows 2101, EVENTNO=4459)
    - [WARNING] LAT_DD: Latitude outside typical survey area [20.0, 55.0] (rows 2102, EVENTNO=4460)
    - [WARNING] LAT_DD: Latitude outside typical survey area [20.0, 55.0] (rows 2103, EVENTNO=4461)
    - [WARNING] LAT_DD: Latitude outside typical survey area [20.0, 55.0] (rows 2104, EVENTNO=4462)
    - [WARNING] LAT_DD: Latitude outside typical survey area [20.0, 55.0] (rows 2105, EVENTNO=4463)
    - [WARNING] LAT_DD: Latitude outside typical survey area [20.0, 55.0] (rows 2106, EVENTNO=4464)
    - [WARNING] LAT_DD: Latitude outside typical survey area [20.0, 55.0] (rows 2107, EVENTNO=4465)
    - [WARNING] LAT_DD: Latitude outside typical survey area [20.0, 55.0] (rows 2108, EVENTNO=4466)
    - [WARNING] LAT_DD: Latitude outside typical survey area [20.0, 55.0] (rows 2109, EVENTNO=4467)
    - [WARNING] LAT_DD: Latitude outside typical survey area [20.0, 55.0] (rows 2110, EVENTNO=4468)
    - [WARNING] LAT_DD: Latitude outside typical survey area [20.0, 55.0] (rows 2111, EVENTNO=4469)
    - [WARNING] LAT_DD: Latitude outside typical survey area [20.0, 55.0] (rows 2112, EVENTNO=4470)
    - [WARNING] LAT_DD: Latitude outside typical survey area [20.0, 55.0] (rows 2113, EVENTNO=4471)
    - [WARNING] LAT_DD: Latitude outside typical survey area [20.0, 55.0] (rows 2114, EVENTNO=4472)
    - [WARNING] LAT_DD: Latitude outside typical survey area [20.0, 55.0] (rows 2115, EVENTNO=4473)
    - [WARNING] LAT_DD: Latitude outside typical survey area [20.0, 55.0] (rows 2116, EVENTNO=4474)
    - [WARNING] LAT_DD: Latitude outside typical survey area [20.0, 55.0] (rows 2117, EVENTNO=4475)
    - [WARNING] LAT_DD: Latitude outside typical survey area [20.0, 55.0] (rows 2118, EVENTNO=4476)
    - [WARNING] LAT_DD: Latitude outside typical survey area [20.0, 55.0] (rows 2119, EVENTNO=4477)
    - [WARNING] LAT_DD: Latitude outside typical survey area [20.0, 55.0] (rows 2120, EVENTNO=4478)
    - [WARNING] LAT_DD: Latitude outside typical survey area [20.0, 55.0] (rows 2121, EVENTNO=4479)
    - [WARNING] LAT_DD: Latitude outside typical survey area [20.0, 55.0] (rows 2122, EVENTNO=4480)
    - [WARNING] LAT_DD: Latitude outside typical survey area [20.0, 55.0] (rows 2123, EVENTNO=4481)
    - [WARNING] LAT_DD: Latitude outside typical survey area [20.0, 55.0] (rows 2124, EVENTNO=4482)
    - [WARNING] LAT_DD: Latitude outside typical survey area [20.0, 55.0] (rows 2125, EVENTNO=4483)
    - [WARNING] LAT_DD: Latitude outside typical survey area [20.0, 55.0] (rows 2126, EVENTNO=4484)
    - [WARNING] LAT_DD: Latitude outside typical survey area [20.0, 55.0] (rows 2127, EVENTNO=4485)
    - [WARNING] LAT_DD: Latitude outside typical survey area [20.0, 55.0] (rows 2128, EVENTNO=4486)
    - [WARNING] LAT_DD: Latitude outside typical survey area [20.0, 55.0] (rows 2129, EVENTNO=4487)
    - [WARNING] LAT_DD: Latitude outside typical survey area [20.0, 55.0] (rows 2130, EVENTNO=4488)
    - [WARNING] LAT_DD: Latitude outside typical survey area [20.0, 55.0] (rows 2131, EVENTNO=4489)
    - [WARNING] LAT_DD: Latitude outside typical survey area [20.0, 55.0] (rows 2132, EVENTNO=4490)
    - [WARNING] LAT_DD: Latitude outside typical survey area [20.0, 55.0] (rows 2133, EVENTNO=4491)
    - [WARNING] LAT_DD: Latitude outside typical survey area [20.0, 55.0] (rows 2134, EVENTNO=4492)
    - [WARNING] LAT_DD: Latitude outside typical survey area [20.0, 55.0] (rows 2135, EVENTNO=4493)
    - [WARNING] LAT_DD: Latitude outside typical survey area [20.0, 55.0] (rows 2136, EVENTNO=4494)
    - [WARNING] LAT_DD: Latitude outside typical survey area [20.0, 55.0] (rows 2137, EVENTNO=4495)
    - [WARNING] LAT_DD: Latitude outside typical survey area [20.0, 55.0] (rows 2138, EVENTNO=4496)
    - [WARNING] LAT_DD: Latitude outside typical survey area [20.0, 55.0] (rows 2139, EVENTNO=4497)
    - [WARNING] LAT_DD: Latitude outside typical survey area [20.0, 55.0] (rows 2140, EVENTNO=4498)
    - [WARNING] LAT_DD: Latitude outside typical survey area [20.0, 55.0] (rows 2141, EVENTNO=4499)
    - [WARNING] LAT_DD: Latitude outside typical survey area [20.0, 55.0] (rows 2142, EVENTNO=4500)
    - [WARNING] LAT_DD: Latitude outside typical survey area [20.0, 55.0] (rows 2143, EVENTNO=4501)
    - [WARNING] LAT_DD: Latitude outside typical survey area [20.0, 55.0] (rows 2144, EVENTNO=4502)
    - [WARNING] LAT_DD: Latitude outside typical survey area [20.0, 55.0] (rows 2145, EVENTNO=4503)
    - [WARNING] LAT_DD: Latitude outside typical survey area [20.0, 55.0] (rows 2146, EVENTNO=4504)
    - [WARNING] LAT_DD: Latitude outside typical survey area [20.0, 55.0] (rows 2147, EVENTNO=4505)
    - [WARNING] LAT_DD: Latitude outside typical survey area [20.0, 55.0] (rows 2148, EVENTNO=4506)
    - [WARNING] LAT_DD: Latitude outside typical survey area [20.0, 55.0] (rows 2149, EVENTNO=4507)
    - [WARNING] LAT_DD: Latitude outside typical survey area [20.0, 55.0] (rows 2150, EVENTNO=4508)
    - [WARNING] LAT_DD: Latitude outside typical survey area [20.0, 55.0] (rows 2151, EVENTNO=4509)
    - [WARNING] LAT_DD: Latitude outside typical survey area [20.0, 55.0] (rows 2152, EVENTNO=4510)
    - [WARNING] LAT_DD: Latitude outside typical survey area [20.0, 55.0] (rows 2153, EVENTNO=4511)
    - [WARNING] LAT_DD: Latitude outside typical survey area [20.0, 55.0] (rows 2154, EVENTNO=4512)
    - [WARNING] LAT_DD: Latitude outside typical survey area [20.0, 55.0] (rows 2155, EVENTNO=4513)
    - [WARNING] LAT_DD: Latitude outside typical survey area [20.0, 55.0] (rows 2156, EVENTNO=4514)
    - [WARNING] LAT_DD: Latitude outside typical survey area [20.0, 55.0] (rows 2157, EVENTNO=4515)
    - [WARNING] LAT_DD: Latitude outside typical survey area [20.0, 55.0] (rows 2158, EVENTNO=4516)
    - [WARNING] LAT_DD: Latitude outside typical survey area [20.0, 55.0] (rows 2159, EVENTNO=4517)
    - [WARNING] LAT_DD: Latitude outside typical survey area [20.0, 55.0] (rows 2160, EVENTNO=4518)
    - [WARNING] LAT_DD: Latitude outside typical survey area [20.0, 55.0] (rows 2161, EVENTNO=4519)
    - [WARNING] LAT_DD: Latitude outside typical survey area [20.0, 55.0] (rows 2162, EVENTNO=4520)
    - [WARNING] LAT_DD: Latitude outside typical survey area [20.0, 55.0] (rows 2163, EVENTNO=4521)
    - [WARNING] LAT_DD: Latitude outside typical survey area [20.0, 55.0] (rows 2164, EVENTNO=4522)
    - [WARNING] LAT_DD: Latitude outside typical survey area [20.0, 55.0] (rows 2165, EVENTNO=4523)
    - [WARNING] LAT_DD: Latitude outside typical survey area [20.0, 55.0] (rows 2166, EVENTNO=4524)
    - [WARNING] LAT_DD: Latitude outside typical survey area [20.0, 55.0] (rows 2167, EVENTNO=4525)
    - [WARNING] LAT_DD: Latitude outside typical survey area [20.0, 55.0] (rows 2168, EVENTNO=4526)
    - [WARNING] LAT_DD: Latitude outside typical survey area [20.0, 55.0] (rows 2169, EVENTNO=4527)
    - [WARNING] LAT_DD: Latitude outside typical survey area [20.0, 55.0] (rows 2170, EVENTNO=4528)
    - [WARNING] LAT_DD: Latitude outside typical survey area [20.0, 55.0] (rows 2171, EVENTNO=4529)
    - [WARNING] LAT_DD: Latitude outside typical survey area [20.0, 55.0] (rows 2172, EVENTNO=4530)
    - [WARNING] LAT_DD: Latitude outside typical survey area [20.0, 55.0] (rows 2173, EVENTNO=4531)
    - [WARNING] LAT_DD: Latitude outside typical survey area [20.0, 55.0] (rows 2174, EVENTNO=4532)
    - [WARNING] LAT_DD: Latitude outside typical survey area [20.0, 55.0] (rows 2175, EVENTNO=4533)
    - [WARNING] LAT_DD: Latitude outside typical survey area [20.0, 55.0] (rows 2176, EVENTNO=4534)
    - [WARNING] LAT_DD: Latitude outside typical survey area [20.0, 55.0] (rows 2177, EVENTNO=4535)
    - [WARNING] LAT_DD: Latitude outside typical survey area [20.0, 55.0] (rows 2178, EVENTNO=4536)
    - [WARNING] LAT_DD: Latitude outside typical survey area [20.0, 55.0] (rows 2179, EVENTNO=4537)
    - [WARNING] LAT_DD: Latitude outside typical survey area [20.0, 55.0] (rows 2180, EVENTNO=4538)
    - [WARNING] LAT_DD: Latitude outside typical survey area [20.0, 55.0] (rows 2181, EVENTNO=4539)
    - [WARNING] LAT_DD: Latitude outside typical survey area [20.0, 55.0] (rows 2182, EVENTNO=4540)
    - [WARNING] LAT_DD: Latitude outside typical survey area [20.0, 55.0] (rows 2183, EVENTNO=4541)
    - [WARNING] LAT_DD: Latitude outside typical survey area [20.0, 55.0] (rows 2185, EVENTNO=4543)
    - [WARNING] LAT_DD: Latitude outside typical survey area [20.0, 55.0] (rows 2186, EVENTNO=4544)
    - [WARNING] LAT_DD: Latitude outside typical survey area [20.0, 55.0] (rows 2187, EVENTNO=4545)
    - [WARNING] LAT_DD: Latitude outside typical survey area [20.0, 55.0] (rows 2188, EVENTNO=4546)
    - [WARNING] LAT_DD: Latitude outside typical survey area [20.0, 55.0] (rows 2189, EVENTNO=4547)
    - [WARNING] LAT_DD: Latitude outside typical survey area [20.0, 55.0] (rows 2190, EVENTNO=4548)
    - [WARNING] LAT_DD: Latitude outside typical survey area [20.0, 55.0] (rows 2191, EVENTNO=4549)
    - [WARNING] LAT_DD: Latitude outside typical survey area [20.0, 55.0] (rows 2192, EVENTNO=4550)
    - [WARNING] LAT_DD: Latitude outside typical survey area [20.0, 55.0] (rows 2193, EVENTNO=4551)
    - [WARNING] LAT_DD: Latitude outside typical survey area [20.0, 55.0] (rows 2194, EVENTNO=4552)
    - [WARNING] LAT_DD: Latitude outside typical survey area [20.0, 55.0] (rows 2195, EVENTNO=4553)
    - [WARNING] LAT_DD: Latitude outside typical survey area [20.0, 55.0] (rows 2196, EVENTNO=4554)
    - [WARNING] LAT_DD: Latitude outside typical survey area [20.0, 55.0] (rows 2197, EVENTNO=4555)
    - [WARNING] LAT_DD: Latitude outside typical survey area [20.0, 55.0] (rows 2198, EVENTNO=4556)
    - [WARNING] LAT_DD: Latitude outside typical survey area [20.0, 55.0] (rows 2199, EVENTNO=4557)
    - [WARNING] LAT_DD: Latitude outside typical survey area [20.0, 55.0] (rows 2200, EVENTNO=4558)
    - [WARNING] LAT_DD: Latitude outside typical survey area [20.0, 55.0] (rows 2201, EVENTNO=4559)
    - [WARNING] LAT_DD: Latitude outside typical survey area [20.0, 55.0] (rows 2202, EVENTNO=4560)
    - [WARNING] LAT_DD: Latitude outside typical survey area [20.0, 55.0] (rows 2203, EVENTNO=4561)
    - [WARNING] LAT_DD: Latitude outside typical survey area [20.0, 55.0] (rows 2204, EVENTNO=4562)
    - [WARNING] LAT_DD: Latitude outside typical survey area [20.0, 55.0] (rows 2205, EVENTNO=4563)
    - [WARNING] LAT_DD: Latitude outside typical survey area [20.0, 55.0] (rows 2206, EVENTNO=4564)
    - [WARNING] LAT_DD: Latitude outside typical survey area [20.0, 55.0] (rows 2207, EVENTNO=4565)
    - [WARNING] LAT_DD: Latitude outside typical survey area [20.0, 55.0] (rows 2208, EVENTNO=4566)
    - [WARNING] LAT_DD: Latitude outside typical survey area [20.0, 55.0] (rows 2209, EVENTNO=4567)
    - [WARNING] LAT_DD: Latitude outside typical survey area [20.0, 55.0] (rows 2210, EVENTNO=4568)
    - [WARNING] LAT_DD: Latitude outside typical survey area [20.0, 55.0] (rows 2214, EVENTNO=4572)
    - [WARNING] LAT_DD: Latitude outside typical survey area [20.0, 55.0] (rows 2215, EVENTNO=4573)
    - [WARNING] LAT_DD: Latitude outside typical survey area [20.0, 55.0] (rows 2216, EVENTNO=4574)
    - [WARNING] LAT_DD: Latitude outside typical survey area [20.0, 55.0] (rows 2219, EVENTNO=4577)
    - [WARNING] LAT_DD: Latitude outside typical survey area [20.0, 55.0] (rows 2221, EVENTNO=4579)
    - [WARNING] LAT_DD: Latitude outside typical survey area [20.0, 55.0] (rows 2222, EVENTNO=4580)
    - [WARNING] LAT_DD: Latitude outside typical survey area [20.0, 55.0] (rows 2223, EVENTNO=4581)
    - [WARNING] LAT_DD: Latitude outside typical survey area [20.0, 55.0] (rows 2224, EVENTNO=4582)
    - [WARNING] LAT_DD: Latitude outside typical survey area [20.0, 55.0] (rows 2225, EVENTNO=4583)
    - [WARNING] LAT_DD: Latitude outside typical survey area [20.0, 55.0] (rows 2226, EVENTNO=4584)
    - [WARNING] LAT_DD: Latitude outside typical survey area [20.0, 55.0] (rows 2227, EVENTNO=4585)
    - [WARNING] LAT_DD: Latitude outside typical survey area [20.0, 55.0] (rows 2228, EVENTNO=4586)
    - [WARNING] LAT_DD: Latitude outside typical survey area [20.0, 55.0] (rows 2229, EVENTNO=4587)
    - [WARNING] LAT_DD: Latitude outside typical survey area [20.0, 55.0] (rows 2230, EVENTNO=4588)
    - [WARNING] LAT_DD: Latitude outside typical survey area [20.0, 55.0] (rows 2231, EVENTNO=4589)
    - [WARNING] LAT_DD: Latitude outside typical survey area [20.0, 55.0] (rows 2232, EVENTNO=4590)
    - [WARNING] LAT_DD: Latitude outside typical survey area [20.0, 55.0] (rows 2233, EVENTNO=4591)
    - [WARNING] LAT_DD: Latitude outside typical survey area [20.0, 55.0] (rows 2234, EVENTNO=4592)
    - [WARNING] LAT_DD: Latitude outside typical survey area [20.0, 55.0] (rows 2235, EVENTNO=4593)
    - [WARNING] LAT_DD: Latitude outside typical survey area [20.0, 55.0] (rows 2236, EVENTNO=4594)
    - [WARNING] LAT_DD: Latitude outside typical survey area [20.0, 55.0] (rows 2237, EVENTNO=4595)
    - [WARNING] LAT_DD: Latitude outside typical survey area [20.0, 55.0] (rows 2271, EVENTNO=4629)
    - [WARNING] LAT_DD: Latitude outside typical survey area [20.0, 55.0] (rows 2272, EVENTNO=4630)
    - [WARNING] LAT_DD: Latitude outside typical survey area [20.0, 55.0] (rows 2273, EVENTNO=4631)
    - [WARNING] LAT_DD: Latitude outside typical survey area [20.0, 55.0] (rows 2274, EVENTNO=4635)
    - [WARNING] LAT_DD: Latitude outside typical survey area [20.0, 55.0] (rows 2287, EVENTNO=4648)
    - [WARNING] LAT_DD: Latitude outside typical survey area [20.0, 55.0] (rows 2296, EVENTNO=4657)
    - [WARNING] LAT_DD: Latitude outside typical survey area [20.0, 55.0] (rows 2301, EVENTNO=4662)
    - [WARNING] LAT_DD: Latitude outside typical survey area [20.0, 55.0] (rows 2302, EVENTNO=4663)
    - [WARNING] LAT_DD: Latitude outside typical survey area [20.0, 55.0] (rows 2307, EVENTNO=4668)
    - [WARNING] LAT_DD: Latitude outside typical survey area [20.0, 55.0] (rows 2308, EVENTNO=4669)
    - [WARNING] LAT_DD: Latitude outside typical survey area [20.0, 55.0] (rows 2309, EVENTNO=4670)
    - [WARNING] LAT_DD: Latitude outside typical survey area [20.0, 55.0] (rows 2310, EVENTNO=4671)
    - [WARNING] LAT_DD: Latitude outside typical survey area [20.0, 55.0] (rows 2311, EVENTNO=4672)
    - [WARNING] LAT_DD: Latitude outside typical survey area [20.0, 55.0] (rows 2314, EVENTNO=4675)
    - [WARNING] LAT_DD: Latitude outside typical survey area [20.0, 55.0] (rows 2326, EVENTNO=4687)
    - [WARNING] LAT_DD: Latitude outside typical survey area [20.0, 55.0] (rows 2327, EVENTNO=4688)
    - [WARNING] LAT_DD: Latitude outside typical survey area [20.0, 55.0] (rows 2328, EVENTNO=4689)
    - [WARNING] LAT_DD: Latitude outside typical survey area [20.0, 55.0] (rows 2329, EVENTNO=4690)
    - [WARNING] LAT_DD: Latitude outside typical survey area [20.0, 55.0] (rows 2330, EVENTNO=4691)
    - [WARNING] LAT_DD: Latitude outside typical survey area [20.0, 55.0] (rows 2331, EVENTNO=4692)
    - [WARNING] LAT_DD: Latitude outside typical survey area [20.0, 55.0] (rows 2332, EVENTNO=4693)
    - [WARNING] LAT_DD: Latitude outside typical survey area [20.0, 55.0] (rows 2335, EVENTNO=4696)
    - [WARNING] LAT_DD: Latitude outside typical survey area [20.0, 55.0] (rows 2340, EVENTNO=4701)
    - [WARNING] LAT_DD: Latitude outside typical survey area [20.0, 55.0] (rows 2349, EVENTNO=4712)
    - [WARNING] LONG_DD: Longitude outside typical survey area [-85.0, -40.0] (rows 117, EVENTNO=117)
    - [WARNING] LONG_DD: Longitude outside typical survey area [-85.0, -40.0] (rows 118, EVENTNO=118)
    - [WARNING] LONG_DD: Longitude outside typical survey area [-85.0, -40.0] (rows 119, EVENTNO=119)
    - [WARNING] LONG_DD: Longitude outside typical survey area [-85.0, -40.0] (rows 120, EVENTNO=120)
    - [WARNING] LONG_DD: Longitude outside typical survey area [-85.0, -40.0] (rows 122, EVENTNO=122)
    - [WARNING] LONG_DD: Longitude outside typical survey area [-85.0, -40.0] (rows 175, EVENTNO=175)
    - [WARNING] LONG_DD: Longitude outside typical survey area [-85.0, -40.0] (rows 267, EVENTNO=475)
    - [WARNING] LONG_DD: Longitude outside typical survey area [-85.0, -40.0] (rows 301, EVENTNO=514)
    - [WARNING] LONG_DD: Longitude outside typical survey area [-85.0, -40.0] (rows 302, EVENTNO=515)
    - [WARNING] LONG_DD: Longitude outside typical survey area [-85.0, -40.0] (rows 303, EVENTNO=516)
    - [WARNING] LONG_DD: Longitude outside typical survey area [-85.0, -40.0] (rows 315, EVENTNO=531)
    - [WARNING] LONG_DD: Longitude outside typical survey area [-85.0, -40.0] (rows 318, EVENTNO=743)
    - [WARNING] LONG_DD: Longitude outside typical survey area [-85.0, -40.0] (rows 353, EVENTNO=778)
    - [WARNING] LONG_DD: Longitude outside typical survey area [-85.0, -40.0] (rows 354, EVENTNO=779)
    - [WARNING] LONG_DD: Longitude outside typical survey area [-85.0, -40.0] (rows 438, EVENTNO=1268)
    - [WARNING] LONG_DD: Longitude outside typical survey area [-85.0, -40.0] (rows 439, EVENTNO=1269)
    - [WARNING] LONG_DD: Longitude outside typical survey area [-85.0, -40.0] (rows 455, EVENTNO=1290)
    - [WARNING] LONG_DD: Longitude outside typical survey area [-85.0, -40.0] (rows 462, EVENTNO=1299)
    - [WARNING] LONG_DD: Longitude outside typical survey area [-85.0, -40.0] (rows 555, EVENTNO=1617)
    - [WARNING] LONG_DD: Longitude outside typical survey area [-85.0, -40.0] (rows 592, EVENTNO=1660)
    - [WARNING] LONG_DD: Longitude outside typical survey area [-85.0, -40.0] (rows 647, EVENTNO=1762)
    - [WARNING] LONG_DD: Longitude outside typical survey area [-85.0, -40.0] (rows 670, EVENTNO=2174)
    - [WARNING] LONG_DD: Longitude outside typical survey area [-85.0, -40.0] (rows 802, EVENTNO=2355)
    - [WARNING] LONG_DD: Longitude outside typical survey area [-85.0, -40.0] (rows 828, EVENTNO=2381)
    - [WARNING] LONG_DD: Longitude outside typical survey area [-85.0, -40.0] (rows 829, EVENTNO=2382)
    - [WARNING] LONG_DD: Longitude outside typical survey area [-85.0, -40.0] (rows 830, EVENTNO=2383)
    - [WARNING] LONG_DD: Longitude outside typical survey area [-85.0, -40.0] (rows 831, EVENTNO=2384)
    - [WARNING] LONG_DD: Longitude outside typical survey area [-85.0, -40.0] (rows 832, EVENTNO=2385)
    - [WARNING] LONG_DD: Longitude outside typical survey area [-85.0, -40.0] (rows 834, EVENTNO=2387)
    - [WARNING] LONG_DD: Longitude outside typical survey area [-85.0, -40.0] (rows 835, EVENTNO=2388)
    - [WARNING] LONG_DD: Longitude outside typical survey area [-85.0, -40.0] (rows 847, EVENTNO=2400)
    - [WARNING] LONG_DD: Longitude outside typical survey area [-85.0, -40.0] (rows 848, EVENTNO=2401)
    - [WARNING] LONG_DD: Longitude outside typical survey area [-85.0, -40.0] (rows 849, EVENTNO=2402)
    - [WARNING] LONG_DD: Longitude outside typical survey area [-85.0, -40.0] (rows 850, EVENTNO=2403)
    - [WARNING] LONG_DD: Longitude outside typical survey area [-85.0, -40.0] (rows 851, EVENTNO=2404)
    - [WARNING] LONG_DD: Longitude outside typical survey area [-85.0, -40.0] (rows 852, EVENTNO=2405)
    - [WARNING] LONG_DD: Longitude outside typical survey area [-85.0, -40.0] (rows 853, EVENTNO=2406)
    - [WARNING] LONG_DD: Longitude outside typical survey area [-85.0, -40.0] (rows 880, EVENTNO=2433)
    - [WARNING] LONG_DD: Longitude outside typical survey area [-85.0, -40.0] (rows 881, EVENTNO=2434)
    - [WARNING] LONG_DD: Longitude outside typical survey area [-85.0, -40.0] (rows 1161, EVENTNO=2943)
    - [WARNING] LONG_DD: Longitude outside typical survey area [-85.0, -40.0] (rows 1213, EVENTNO=2995)
    - [WARNING] LONG_DD: Longitude outside typical survey area [-85.0, -40.0] (rows 1359, EVENTNO=3398)
    - [WARNING] LONG_DD: Longitude outside typical survey area [-85.0, -40.0] (rows 1360, EVENTNO=3399)
    - [WARNING] LONG_DD: Longitude outside typical survey area [-85.0, -40.0] (rows 1361, EVENTNO=3400)
    - [WARNING] LONG_DD: Longitude outside typical survey area [-85.0, -40.0] (rows 1362, EVENTNO=3401)
    - [WARNING] LONG_DD: Longitude outside typical survey area [-85.0, -40.0] (rows 1363, EVENTNO=3402)
    - [WARNING] LONG_DD: Longitude outside typical survey area [-85.0, -40.0] (rows 1364, EVENTNO=3403)
    - [WARNING] LONG_DD: Longitude outside typical survey area [-85.0, -40.0] (rows 1365, EVENTNO=3404)
    - [WARNING] LONG_DD: Longitude outside typical survey area [-85.0, -40.0] (rows 1366, EVENTNO=3405)
    - [WARNING] LONG_DD: Longitude outside typical survey area [-85.0, -40.0] (rows 1443, EVENTNO=3603)
    - [WARNING] LONG_DD: Longitude outside typical survey area [-85.0, -40.0] (rows 1447, EVENTNO=3607)
    - [WARNING] LONG_DD: Longitude outside typical survey area [-85.0, -40.0] (rows 1460, EVENTNO=3620)
    - [WARNING] LONG_DD: Longitude outside typical survey area [-85.0, -40.0] (rows 1556, EVENTNO=3749)
    - [WARNING] LONG_DD: Longitude outside typical survey area [-85.0, -40.0] (rows 1557, EVENTNO=3750)
    - [WARNING] LONG_DD: Longitude outside typical survey area [-85.0, -40.0] (rows 1558, EVENTNO=3751)
    - [WARNING] LONG_DD: Longitude outside typical survey area [-85.0, -40.0] (rows 1559, EVENTNO=3752)
    - [WARNING] LONG_DD: Longitude outside typical survey area [-85.0, -40.0] (rows 1560, EVENTNO=3753)
    - [WARNING] LONG_DD: Longitude outside typical survey area [-85.0, -40.0] (rows 1561, EVENTNO=3754)
    - [WARNING] LONG_DD: Longitude outside typical survey area [-85.0, -40.0] (rows 1562, EVENTNO=3755)
    - [WARNING] LONG_DD: Longitude outside typical survey area [-85.0, -40.0] (rows 1563, EVENTNO=3756)
    - [WARNING] LONG_DD: Longitude outside typical survey area [-85.0, -40.0] (rows 1564, EVENTNO=3757)
    - [WARNING] LONG_DD: Longitude outside typical survey area [-85.0, -40.0] (rows 1565, EVENTNO=3758)
    - [WARNING] LONG_DD: Longitude outside typical survey area [-85.0, -40.0] (rows 1566, EVENTNO=3759)
    - [WARNING] LONG_DD: Longitude outside typical survey area [-85.0, -40.0] (rows 1567, EVENTNO=3760)
    - [WARNING] LONG_DD: Longitude outside typical survey area [-85.0, -40.0] (rows 1568, EVENTNO=3761)
    - [WARNING] LONG_DD: Longitude outside typical survey area [-85.0, -40.0] (rows 1609, EVENTNO=3864)
    - [WARNING] LONG_DD: Longitude outside typical survey area [-85.0, -40.0] (rows 1644, EVENTNO=3899)
    - [WARNING] LONG_DD: Longitude outside typical survey area [-85.0, -40.0] (rows 1645, EVENTNO=3900)
    - [WARNING] LONG_DD: Longitude outside typical survey area [-85.0, -40.0] (rows 1902, EVENTNO=4182)
    - [WARNING] LONG_DD: Longitude outside typical survey area [-85.0, -40.0] (rows 1967, EVENTNO=4262)
    - [WARNING] LONG_DD: Longitude outside typical survey area [-85.0, -40.0] (rows 2041, EVENTNO=4399)
    - [WARNING] LONG_DD: Longitude outside typical survey area [-85.0, -40.0] (rows 2042, EVENTNO=4400)
    - [WARNING] LONG_DD: Longitude outside typical survey area [-85.0, -40.0] (rows 2043, EVENTNO=4401)
    - [WARNING] LONG_DD: Longitude outside typical survey area [-85.0, -40.0] (rows 2044, EVENTNO=4402)
    - [WARNING] LONG_DD: Longitude outside typical survey area [-85.0, -40.0] (rows 2054, EVENTNO=4412)
    - [WARNING] LONG_DD: Longitude outside typical survey area [-85.0, -40.0] (rows 2070, EVENTNO=4428)
    - [WARNING] LONG_DD: Longitude outside typical survey area [-85.0, -40.0] (rows 2071, EVENTNO=4429)
    - [WARNING] LONG_DD: Longitude outside typical survey area [-85.0, -40.0] (rows 2072, EVENTNO=4430)
    - [WARNING] LONG_DD: Longitude outside typical survey area [-85.0, -40.0] (rows 2073, EVENTNO=4431)
    - [WARNING] LONG_DD: Longitude outside typical survey area [-85.0, -40.0] (rows 2074, EVENTNO=4432)
    - [WARNING] LONG_DD: Longitude outside typical survey area [-85.0, -40.0] (rows 2075, EVENTNO=4433)
    - [WARNING] LONG_DD: Longitude outside typical survey area [-85.0, -40.0] (rows 2076, EVENTNO=4434)
    - [WARNING] LONG_DD: Longitude outside typical survey area [-85.0, -40.0] (rows 2077, EVENTNO=4435)
    - [WARNING] LONG_DD: Longitude outside typical survey area [-85.0, -40.0] (rows 2078, EVENTNO=4436)
    - [WARNING] LONG_DD: Longitude outside typical survey area [-85.0, -40.0] (rows 2079, EVENTNO=4437)
    - [WARNING] LONG_DD: Longitude outside typical survey area [-85.0, -40.0] (rows 2080, EVENTNO=4438)
    - [WARNING] LONG_DD: Longitude outside typical survey area [-85.0, -40.0] (rows 2086, EVENTNO=4444)
    - [WARNING] LONG_DD: Longitude outside typical survey area [-85.0, -40.0] (rows 2147, EVENTNO=4505)
    - [WARNING] LONG_DD: Longitude outside typical survey area [-85.0, -40.0] (rows 2148, EVENTNO=4506)
    - [WARNING] LONG_DD: Longitude outside typical survey area [-85.0, -40.0] (rows 2149, EVENTNO=4507)
    - [WARNING] LONG_DD: Longitude outside typical survey area [-85.0, -40.0] (rows 2150, EVENTNO=4508)
    - [WARNING] LONG_DD: Longitude outside typical survey area [-85.0, -40.0] (rows 2151, EVENTNO=4509)
    - [WARNING] LONG_DD: Longitude outside typical survey area [-85.0, -40.0] (rows 2152, EVENTNO=4510)
    - [WARNING] LONG_DD: Longitude outside typical survey area [-85.0, -40.0] (rows 2157, EVENTNO=4515)
    - [WARNING] LONG_DD: Longitude outside typical survey area [-85.0, -40.0] (rows 2158, EVENTNO=4516)
    - [WARNING] LONG_DD: Longitude outside typical survey area [-85.0, -40.0] (rows 2159, EVENTNO=4517)
    - [WARNING] LONG_DD: Longitude outside typical survey area [-85.0, -40.0] (rows 2160, EVENTNO=4518)
    - [WARNING] LONG_DD: Longitude outside typical survey area [-85.0, -40.0] (rows 2161, EVENTNO=4519)
    - [WARNING] LONG_DD: Longitude outside typical survey area [-85.0, -40.0] (rows 2162, EVENTNO=4520)
    - [WARNING] LONG_DD: Longitude outside typical survey area [-85.0, -40.0] (rows 2163, EVENTNO=4521)
    - [WARNING] LONG_DD: Longitude outside typical survey area [-85.0, -40.0] (rows 2164, EVENTNO=4522)
    - [WARNING] LONG_DD: Longitude outside typical survey area [-85.0, -40.0] (rows 2165, EVENTNO=4523)
    - [WARNING] LONG_DD: Longitude outside typical survey area [-85.0, -40.0] (rows 2166, EVENTNO=4524)
    - [WARNING] LONG_DD: Longitude outside typical survey area [-85.0, -40.0] (rows 2167, EVENTNO=4525)
    - [WARNING] LONG_DD: Longitude outside typical survey area [-85.0, -40.0] (rows 2168, EVENTNO=4526)
    - [WARNING] LONG_DD: Longitude outside typical survey area [-85.0, -40.0] (rows 2169, EVENTNO=4527)
    - [WARNING] LONG_DD: Longitude outside typical survey area [-85.0, -40.0] (rows 2170, EVENTNO=4528)
    - [WARNING] LONG_DD: Longitude outside typical survey area [-85.0, -40.0] (rows 2171, EVENTNO=4529)
    - [WARNING] LONG_DD: Longitude outside typical survey area [-85.0, -40.0] (rows 2172, EVENTNO=4530)
    - [WARNING] LONG_DD: Longitude outside typical survey area [-85.0, -40.0] (rows 2186, EVENTNO=4544)
    - [WARNING] LONG_DD: Longitude outside typical survey area [-85.0, -40.0] (rows 2187, EVENTNO=4545)
    - [WARNING] LONG_DD: Longitude outside typical survey area [-85.0, -40.0] (rows 2188, EVENTNO=4546)
    - [WARNING] LONG_DD: Longitude outside typical survey area [-85.0, -40.0] (rows 2189, EVENTNO=4547)
    - [WARNING] LONG_DD: Longitude outside typical survey area [-85.0, -40.0] (rows 2190, EVENTNO=4548)
    - [WARNING] LONG_DD: Longitude outside typical survey area [-85.0, -40.0] (rows 2191, EVENTNO=4549)
    - [WARNING] LONG_DD: Longitude outside typical survey area [-85.0, -40.0] (rows 2233, EVENTNO=4591)
    - [WARNING] LONG_DD: Longitude outside typical survey area [-85.0, -40.0] (rows 2234, EVENTNO=4592)
    - [WARNING] LONG_DD: Longitude outside typical survey area [-85.0, -40.0] (rows 2235, EVENTNO=4593)
    - [WARNING] LONG_DD: Longitude outside typical survey area [-85.0, -40.0] (rows 2236, EVENTNO=4594)
    - [WARNING] LONG_DD: Longitude outside typical survey area [-85.0, -40.0] (rows 2273, EVENTNO=4631)
    - [WARNING] LONG_DD: Longitude outside typical survey area [-85.0, -40.0] (rows 2338, EVENTNO=4699)
--------------------------------------------------------------------------------

[29-Jun-2026 11:40:19] P179074
Type: Validation error
Error: Validation failed: 0 errors, 1 warnings (0 acknowledged, 1 new)
ID: Ingestion:ValidationFailed
Location: BatchUploader.uploadSurvey (line 376)
Validation Details:
  Errors: 0
  Warnings: 1
  Details:
    - [WARNING] BEHAV: Calf-associated behavior(s) 40 recorded but no calf present (rows 17, EVENTNO=140)
--------------------------------------------------------------------------------

[29-Jun-2026 11:40:19] P179107
Type: Validation error
Error: Validation failed: 0 errors, 3 warnings (0 acknowledged, 3 new)
ID: Ingestion:ValidationFailed
Location: BatchUploader.uploadSurvey (line 376)
Validation Details:
  Errors: 0
  Warnings: 3
  Details:
    - [WARNING] BEHAV: Calf-associated behavior(s) 40 recorded but no calf present (rows 4, EVENTNO=40)
    - [WARNING] BEHAV: Calf-associated behavior(s) 40 recorded but no calf present (rows 78, EVENTNO=750)
    - [WARNING] BEHAV: Calf-associated behavior(s) 40 recorded but no calf present (rows 82, EVENTNO=790)
--------------------------------------------------------------------------------

[29-Jun-2026 11:40:20] P179121
Type: Validation error
Error: Validation failed: 0 errors, 1 warnings (0 acknowledged, 1 new)
ID: Ingestion:ValidationFailed
Location: BatchUploader.uploadSurvey (line 376)
Validation Details:
  Errors: 0
  Warnings: 1
  Details:
    - [WARNING] BEHAV: Calf-associated behavior(s) 40 recorded but no calf present (rows 106, EVENTNO=1000)
--------------------------------------------------------------------------------

[29-Jun-2026 11:40:21] P179127
Type: Validation error
Error: Validation failed: 0 errors, 1 warnings (0 acknowledged, 1 new)
ID: Ingestion:ValidationFailed
Location: BatchUploader.uploadSurvey (line 376)
Validation Details:
  Errors: 0
  Warnings: 1
  Details:
    - [WARNING] LAT_DD: Latitude outside typical survey area [20.0, 55.0] (rows 41, EVENTNO=410)
--------------------------------------------------------------------------------

[29-Jun-2026 11:40:21] P179128
Type: Validation error
Error: Validation failed: 0 errors, 1 warnings (0 acknowledged, 1 new)
ID: Ingestion:ValidationFailed
Location: BatchUploader.uploadSurvey (line 376)
Validation Details:
  Errors: 0
  Warnings: 1
  Details:
    - [WARNING] LAT_DD: Latitude outside typical survey area [20.0, 55.0] (rows 36, EVENTNO=350)
--------------------------------------------------------------------------------

[29-Jun-2026 11:40:22] P179157
Type: Validation error
Error: Validation failed: 0 errors, 1 warnings (0 acknowledged, 1 new)
ID: Ingestion:ValidationFailed
Location: BatchUploader.uploadSurvey (line 376)
Validation Details:
  Errors: 0
  Warnings: 1
  Details:
    - [WARNING] BEHAV: Calf-associated behavior(s) 40 recorded but no calf present (rows 5, EVENTNO=50)
--------------------------------------------------------------------------------

[29-Jun-2026 11:40:23] P179163
Type: Validation error
Error: Validation failed: 0 errors, 5 warnings (0 acknowledged, 5 new)
ID: Ingestion:ValidationFailed
Location: BatchUploader.uploadSurvey (line 376)
Validation Details:
  Errors: 0
  Warnings: 5
  Details:
    - [WARNING] BEHAV: Calf-associated behavior(s) 40 recorded but no calf present (rows 30, EVENTNO=300)
    - [WARNING] BEHAV: Calf-associated behavior(s) 40 recorded but no calf present (rows 43, EVENTNO=420)
    - [WARNING] BEHAV: Calf-associated behavior(s) 40 recorded but no calf present (rows 45, EVENTNO=440)
    - [WARNING] BEHAV: Calf-associated behavior(s) 40 recorded but no calf present (rows 101, EVENTNO=970)
    - [WARNING] BEHAV: Calf-associated behavior(s) 40 recorded but no calf present (rows 128, EVENTNO=1260)
--------------------------------------------------------------------------------

[29-Jun-2026 11:40:24] P179190
Type: Validation error
Error: Validation failed: 0 errors, 3 warnings (0 acknowledged, 3 new)
ID: Ingestion:ValidationFailed
Location: BatchUploader.uploadSurvey (line 376)
Validation Details:
  Errors: 0
  Warnings: 3
  Details:
    - [WARNING] BEHAV: Calf-associated behavior(s) 40 recorded but no calf present (rows 149, EVENTNO=1250)
    - [WARNING] BEHAV: Calf-associated behavior(s) 40 recorded but no calf present (rows 160, EVENTNO=1350)
    - [WARNING] BEHAV: Calf-associated behavior(s) 40 recorded but no calf present (rows 172, EVENTNO=1460)
--------------------------------------------------------------------------------

[29-Jun-2026 11:40:25] P179210
Type: Validation error
Error: Validation failed: 0 errors, 1 warnings (0 acknowledged, 1 new)
ID: Ingestion:ValidationFailed
Location: BatchUploader.uploadSurvey (line 376)
Validation Details:
  Errors: 0
  Warnings: 1
  Details:
    - [WARNING] BEHAV: Calf-associated behavior(s) 40 recorded but no calf present (rows 44, EVENTNO=440)
--------------------------------------------------------------------------------

[29-Jun-2026 11:40:25] P179214
Type: Validation error
Error: Validation failed: 0 errors, 4 warnings (0 acknowledged, 4 new)
ID: Ingestion:ValidationFailed
Location: BatchUploader.uploadSurvey (line 376)
Validation Details:
  Errors: 0
  Warnings: 4
  Details:
    - [WARNING] BEHAV: Calf-associated behavior(s) 40 recorded but no calf present (rows 9, EVENTNO=90)
    - [WARNING] BEHAV: Calf-associated behavior(s) 40 recorded but no calf present (rows 62, EVENTNO=580)
    - [WARNING] BEHAV: Calf-associated behavior(s) 40 recorded but no calf present (rows 113, EVENTNO=1030)
    - [WARNING] BEHAV: Calf-associated behavior(s) 40 recorded but no calf present (rows 133, EVENTNO=1190)
--------------------------------------------------------------------------------

[29-Jun-2026 11:40:26] P179217
Type: Validation error
Error: Validation failed: 0 errors, 4 warnings (0 acknowledged, 4 new)
ID: Ingestion:ValidationFailed
Location: BatchUploader.uploadSurvey (line 376)
Validation Details:
  Errors: 0
  Warnings: 4
  Details:
    - [WARNING] BEHAV: Calf-associated behavior(s) 40 recorded but no calf present (rows 11, EVENTNO=110)
    - [WARNING] BEHAV: Calf-associated behavior(s) 40 recorded but no calf present (rows 41, EVENTNO=410)
    - [WARNING] BEHAV: Calf-associated behavior(s) 40 recorded but no calf present (rows 70, EVENTNO=700)
    - [WARNING] BEHAV: Calf-associated behavior(s) 40 recorded but no calf present (rows 99, EVENTNO=990)
--------------------------------------------------------------------------------

[29-Jun-2026 11:40:26] P179223
Type: Validation error
Error: Validation failed: 0 errors, 1 warnings (0 acknowledged, 1 new)
ID: Ingestion:ValidationFailed
Location: BatchUploader.uploadSurvey (line 376)
Validation Details:
  Errors: 0
  Warnings: 1
  Details:
    - [WARNING] BEHAV: Calf-associated behavior(s) 40 recorded but no calf present (rows 8, EVENTNO=80)
--------------------------------------------------------------------------------

[29-Jun-2026 11:40:27] P179244
Type: Validation error
Error: Validation failed: 0 errors, 1 warnings (0 acknowledged, 1 new)
ID: Ingestion:ValidationFailed
Location: BatchUploader.uploadSurvey (line 376)
Validation Details:
  Errors: 0
  Warnings: 1
  Details:
    - [WARNING] BEHAV: Calf-associated behavior(s) 40 recorded but no calf present (rows 73, EVENTNO=730)
--------------------------------------------------------------------------------

[29-Jun-2026 11:40:27] P179269
Type: Validation error
Error: Validation failed: 0 errors, 2 warnings (0 acknowledged, 2 new)
ID: Ingestion:ValidationFailed
Location: BatchUploader.uploadSurvey (line 376)
Validation Details:
  Errors: 0
  Warnings: 2
  Details:
    - [WARNING] BEHAV: Calf-associated behavior(s) 40 recorded but no calf present (rows 9, EVENTNO=90)
    - [WARNING] BEHAV: Calf-associated behavior(s) 40 recorded but no calf present (rows 10, EVENTNO=90)
--------------------------------------------------------------------------------

[29-Jun-2026 11:40:28] P179270
Type: Validation error
Error: Validation failed: 0 errors, 1 warnings (0 acknowledged, 1 new)
ID: Ingestion:ValidationFailed
Location: BatchUploader.uploadSurvey (line 376)
Validation Details:
  Errors: 0
  Warnings: 1
  Details:
    - [WARNING] BEHAV: Calf-associated behavior(s) 40 recorded but no calf present (rows 126, EVENTNO=1170)
--------------------------------------------------------------------------------

[29-Jun-2026 11:40:29] P179273
Type: Validation error
Error: Validation failed: 0 errors, 1 warnings (0 acknowledged, 1 new)
ID: Ingestion:ValidationFailed
Location: BatchUploader.uploadSurvey (line 376)
Validation Details:
  Errors: 0
  Warnings: 1
  Details:
    - [WARNING] BEHAV: Calf-associated behavior(s) 40 recorded but no calf present (rows 12, EVENTNO=120)
--------------------------------------------------------------------------------

[29-Jun-2026 11:40:30] P179274
Type: Validation error
Error: Validation failed: 0 errors, 1 warnings (0 acknowledged, 1 new)
ID: Ingestion:ValidationFailed
Location: BatchUploader.uploadSurvey (line 376)
Validation Details:
  Errors: 0
  Warnings: 1
  Details:
    - [WARNING] BEHAV: Calf-associated behavior(s) 40 recorded but no calf present (rows 174, EVENTNO=1720)
--------------------------------------------------------------------------------

[29-Jun-2026 11:40:30] P179281
Type: Validation error
Error: Validation failed: 0 errors, 2 warnings (0 acknowledged, 2 new)
ID: Ingestion:ValidationFailed
Location: BatchUploader.uploadSurvey (line 376)
Validation Details:
  Errors: 0
  Warnings: 2
  Details:
    - [WARNING] BEHAV: Calf-associated behavior(s) 40 recorded but no calf present (rows 142, EVENTNO=1320)
    - [WARNING] BEHAV: Calf-associated behavior(s) 40 recorded but no calf present (rows 199, EVENTNO=1840)
--------------------------------------------------------------------------------

[29-Jun-2026 11:40:31] P179290
Type: Validation error
Error: Validation failed: 0 errors, 2 warnings (0 acknowledged, 2 new)
ID: Ingestion:ValidationFailed
Location: BatchUploader.uploadSurvey (line 376)
Validation Details:
  Errors: 0
  Warnings: 2
  Details:
    - [WARNING] BEHAV: Calf-associated behavior(s) 40 recorded but no calf present (rows 41, EVENTNO=410)
    - [WARNING] BEHAV: Calf-associated behavior(s) 40 recorded but no calf present (rows 42, EVENTNO=410)
--------------------------------------------------------------------------------

[29-Jun-2026 11:40:32] P179303
Type: Validation error
Error: Validation failed: 0 errors, 2 warnings (0 acknowledged, 2 new)
ID: Ingestion:ValidationFailed
Location: BatchUploader.uploadSurvey (line 376)
Validation Details:
  Errors: 0
  Warnings: 2
  Details:
    - [WARNING] BEHAV: Calf-associated behavior(s) 40 recorded but no calf present (rows 185, EVENTNO=1780)
    - [WARNING] BEHAV: Calf-associated behavior(s) 40 recorded but no calf present (rows 290, EVENTNO=2810)
--------------------------------------------------------------------------------

[29-Jun-2026 11:40:32] P179314
Type: Validation error
Error: Validation failed: 0 errors, 2 warnings (0 acknowledged, 2 new)
ID: Ingestion:ValidationFailed
Location: BatchUploader.uploadSurvey (line 376)
Validation Details:
  Errors: 0
  Warnings: 2
  Details:
    - [WARNING] BEHAV: Calf-associated behavior(s) 40 recorded but no calf present (rows 58, EVENTNO=580)
    - [WARNING] BEHAV: Calf-associated behavior(s) 40 recorded but no calf present (rows 62, EVENTNO=620)
--------------------------------------------------------------------------------

[29-Jun-2026 11:40:33] P179325
Type: Validation error
Error: Validation failed: 0 errors, 2 warnings (0 acknowledged, 2 new)
ID: Ingestion:ValidationFailed
Location: BatchUploader.uploadSurvey (line 376)
Validation Details:
  Errors: 0
  Warnings: 2
  Details:
    - [WARNING] BEHAV: Calf-associated behavior(s) 40 recorded but no calf present (rows 39, EVENTNO=370)
    - [WARNING] BEHAV: Calf-associated behavior(s) 40 recorded but no calf present (rows 202, EVENTNO=2000)
--------------------------------------------------------------------------------

[29-Jun-2026 11:40:34] P180106
Type: Validation error
Error: Validation failed: 0 errors, 4 warnings (0 acknowledged, 4 new)
ID: Ingestion:ValidationFailed
Location: BatchUploader.uploadSurvey (line 376)
Validation Details:
  Errors: 0
  Warnings: 4
  Details:
    - [WARNING] BEHAV: Calf-associated behavior(s) 40 recorded but no calf present (rows 56, EVENTNO=5600)
    - [WARNING] BEHAV: Calf-associated behavior(s) 40 recorded but no calf present (rows 85, EVENTNO=8400)
    - [WARNING] BEHAV: Calf-associated behavior(s) 40 recorded but no calf present (rows 211, EVENTNO=20900)
    - [WARNING] BEHAV: Calf-associated behavior(s) 40 recorded but no calf present (rows 391, EVENTNO=38200)
--------------------------------------------------------------------------------

[29-Jun-2026 11:40:34] P180113
Type: Validation error
Error: Validation failed: 0 errors, 1 warnings (0 acknowledged, 1 new)
ID: Ingestion:ValidationFailed
Location: BatchUploader.uploadSurvey (line 376)
Validation Details:
  Errors: 0
  Warnings: 1
  Details:
    - [WARNING] BEHAV: Calf-associated behavior(s) 40 recorded but no calf present (rows 10, EVENTNO=90)
--------------------------------------------------------------------------------

[29-Jun-2026 11:40:35] P180135
Type: Validation error
Error: Validation failed: 0 errors, 6 warnings (0 acknowledged, 6 new)
ID: Ingestion:ValidationFailed
Location: BatchUploader.uploadSurvey (line 376)
Validation Details:
  Errors: 0
  Warnings: 6
  Details:
    - [WARNING] NUMCALF: NUMCALF (1) is more than half of NUMBER (1) - verify count (rows 27, EVENTNO=220)
    - [WARNING] NUMCALF: NUMCALF (1) is more than half of NUMBER (1) - verify count (rows 56, EVENTNO=470)
    - [WARNING] NUMCALF: NUMCALF (1) is more than half of NUMBER (1) - verify count (rows 65, EVENTNO=530)
    - [WARNING] BEHAV: Calf-associated behavior(s) [40 42] recorded but no calf present (rows 26, EVENTNO=220)
    - [WARNING] BEHAV: Calf-associated behavior(s) 40 recorded but no calf present (rows 55, EVENTNO=470)
    - [WARNING] BEHAV: Calf-associated behavior(s) 40 recorded but no calf present (rows 64, EVENTNO=530)
--------------------------------------------------------------------------------

[29-Jun-2026 11:40:36] P180151
Type: Validation error
Error: Validation failed: 0 errors, 3 warnings (0 acknowledged, 3 new)
ID: Ingestion:ValidationFailed
Location: BatchUploader.uploadSurvey (line 376)
Validation Details:
  Errors: 0
  Warnings: 3
  Details:
    - [WARNING] BEHAV: Calf-associated behavior(s) 40 recorded but no calf present (rows 103, EVENTNO=1030)
    - [WARNING] BEHAV: Calf-associated behavior(s) 40 recorded but no calf present (rows 105, EVENTNO=1050)
    - [WARNING] BEHAV: Calf-associated behavior(s) 40 recorded but no calf present (rows 109, EVENTNO=1090)
--------------------------------------------------------------------------------

[29-Jun-2026 11:40:36] P180165
Type: Validation error
Error: Validation failed: 0 errors, 2 warnings (0 acknowledged, 2 new)
ID: Ingestion:ValidationFailed
Location: BatchUploader.uploadSurvey (line 376)
Validation Details:
  Errors: 0
  Warnings: 2
  Details:
    - [WARNING] NUMCALF: NUMCALF (1) is more than half of NUMBER (1) - verify count (rows 14, EVENTNO=90)
    - [WARNING] BEHAV: Calf-associated behavior(s) 40 recorded but no calf present (rows 13, EVENTNO=80)
--------------------------------------------------------------------------------

[29-Jun-2026 11:40:37] P180180
Type: Validation error
Error: Validation failed: 0 errors, 4 warnings (0 acknowledged, 4 new)
ID: Ingestion:ValidationFailed
Location: BatchUploader.uploadSurvey (line 376)
Validation Details:
  Errors: 0
  Warnings: 4
  Details:
    - [WARNING] BEHAV: Calf-associated behavior(s) 40 recorded but no calf present (rows 21, EVENTNO=2000)
    - [WARNING] BEHAV: Calf-associated behavior(s) 40 recorded but no calf present (rows 22, EVENTNO=2100)
    - [WARNING] BEHAV: Calf-associated behavior(s) 40 recorded but no calf present (rows 23, EVENTNO=2200)
    - [WARNING] BEHAV: Calf-associated behavior(s) 40 recorded but no calf present (rows 25, EVENTNO=2400)
--------------------------------------------------------------------------------

[29-Jun-2026 11:40:38] P180190
Type: Validation error
Error: Validation failed: 0 errors, 1 warnings (0 acknowledged, 1 new)
ID: Ingestion:ValidationFailed
Location: BatchUploader.uploadSurvey (line 376)
Validation Details:
  Errors: 0
  Warnings: 1
  Details:
    - [WARNING] BEHAV: Calf-associated behavior(s) 40 recorded but no calf present (rows 91, EVENTNO=900)
--------------------------------------------------------------------------------

[29-Jun-2026 11:40:39] P180196
Type: Validation error
Error: Validation failed: 0 errors, 2 warnings (0 acknowledged, 2 new)
ID: Ingestion:ValidationFailed
Location: BatchUploader.uploadSurvey (line 376)
Validation Details:
  Errors: 0
  Warnings: 2
  Details:
    - [WARNING] BEHAV: Calf-associated behavior(s) 40 recorded but no calf present (rows 190, EVENTNO=1880)
    - [WARNING] BEHAV: Calf-associated behavior(s) 40 recorded but no calf present (rows 413, EVENTNO=4100)
--------------------------------------------------------------------------------

[29-Jun-2026 11:40:40] P180217
Type: Validation error
Error: Validation failed: 1 errors, 0 warnings (0 acknowledged, 0 new)
ID: Ingestion:ValidationFailed
Location: BatchUploader.uploadSurvey (line 376)
Validation Details:
  Errors: 1
  Warnings: 0
  Details:
    - [ERROR] BEHAV: Incompatible behaviors recorded: Behaviors 22 and 11 are incompatible (rows 150)
--------------------------------------------------------------------------------

[29-Jun-2026 11:40:40] P180221
Type: Validation error
Error: Validation failed: 0 errors, 1 warnings (0 acknowledged, 1 new)
ID: Ingestion:ValidationFailed
Location: BatchUploader.uploadSurvey (line 376)
Validation Details:
  Errors: 0
  Warnings: 1
  Details:
    - [WARNING] BEHAV: Calf-associated behavior(s) 40 recorded but no calf present (rows 244, EVENTNO=22100)
--------------------------------------------------------------------------------

[29-Jun-2026 11:40:41] P180247
Type: Validation error
Error: Validation failed: 0 errors, 2 warnings (0 acknowledged, 2 new)
ID: Ingestion:ValidationFailed
Location: BatchUploader.uploadSurvey (line 376)
Validation Details:
  Errors: 0
  Warnings: 2
  Details:
    - [WARNING] BEHAV: Calf-associated behavior(s) 40 recorded but no calf present (rows 119, EVENTNO=1140)
    - [WARNING] BEHAV: Calf-associated behavior(s) 40 recorded but no calf present (rows 141, EVENTNO=1360)
--------------------------------------------------------------------------------

[29-Jun-2026 11:40:42] P180289
Type: Validation error
Error: Validation failed: 0 errors, 4 warnings (0 acknowledged, 4 new)
ID: Ingestion:ValidationFailed
Location: BatchUploader.uploadSurvey (line 376)
Validation Details:
  Errors: 0
  Warnings: 4
  Details:
    - [WARNING] NUMCALF: NUMCALF (1) is more than half of NUMBER (1) - verify count (rows 18, EVENTNO=140)
    - [WARNING] NUMCALF: NUMCALF (1) is more than half of NUMBER (1) - verify count (rows 25, EVENTNO=200)
    - [WARNING] BEHAV: Calf-associated behavior(s) 40 recorded but no calf present (rows 17, EVENTNO=140)
    - [WARNING] BEHAV: Calf-associated behavior(s) 40 recorded but no calf present (rows 24, EVENTNO=200)
--------------------------------------------------------------------------------

[29-Jun-2026 11:40:42] P180318
Type: Validation error
Error: Validation failed: 0 errors, 2 warnings (0 acknowledged, 2 new)
ID: Ingestion:ValidationFailed
Location: BatchUploader.uploadSurvey (line 376)
Validation Details:
  Errors: 0
  Warnings: 2
  Details:
    - [WARNING] BEHAV: Calf-associated behavior(s) 40 recorded but no calf present (rows 15, EVENTNO=150)
    - [WARNING] BEHAV: Calf-associated behavior(s) 40 recorded but no calf present (rows 16, EVENTNO=160)
--------------------------------------------------------------------------------

[29-Jun-2026 11:40:43] P186079
Type: Validation error
Error: Validation failed: 0 errors, 2 warnings (0 acknowledged, 2 new)
ID: Ingestion:ValidationFailed
Location: BatchUploader.uploadSurvey (line 376)
Validation Details:
  Errors: 0
  Warnings: 2
  Details:
    - [WARNING] BEHAV: Calf-associated behavior(s) 40 recorded but no calf present (rows 510, EVENTNO=509)
    - [WARNING] BEHAV: Calf-associated behavior(s) 40 recorded but no calf present (rows 570, EVENTNO=569)
--------------------------------------------------------------------------------

[29-Jun-2026 11:40:44] P186141
Type: Validation error
Error: Validation failed: 0 errors, 4 warnings (0 acknowledged, 4 new)
ID: Ingestion:ValidationFailed
Location: BatchUploader.uploadSurvey (line 376)
Validation Details:
  Errors: 0
  Warnings: 4
  Details:
    - [WARNING] BEHAV: Calf-associated behavior(s) 40 recorded but no calf present (rows 31, EVENTNO=31)
    - [WARNING] BEHAV: Calf-associated behavior(s) 40 recorded but no calf present (rows 172, EVENTNO=169)
    - [WARNING] BEHAV: Calf-associated behavior(s) 40 recorded but no calf present (rows 231, EVENTNO=227)
    - [WARNING] BEHAV: Calf-associated behavior(s) 40 recorded but no calf present (rows 236, EVENTNO=232)
--------------------------------------------------------------------------------

[29-Jun-2026 11:40:45] P187225
Type: Validation error
Error: Validation failed: 0 errors, 1 warnings (0 acknowledged, 1 new)
ID: Ingestion:ValidationFailed
Location: BatchUploader.uploadSurvey (line 376)
Validation Details:
  Errors: 0
  Warnings: 1
  Details:
    - [WARNING] NUMCALF: NUMCALF (1) is more than half of NUMBER (1) - verify count (rows 46, EVENTNO=47)
--------------------------------------------------------------------------------

[29-Jun-2026 11:40:45] P187254
Type: Validation error
Error: Validation failed: 0 errors, 1 warnings (0 acknowledged, 1 new)
ID: Ingestion:ValidationFailed
Location: BatchUploader.uploadSurvey (line 376)
Validation Details:
  Errors: 0
  Warnings: 1
  Details:
    - [WARNING] NUMCALF: NUMCALF (1) is more than half of NUMBER (1) - verify count (rows 39, EVENTNO=37)
--------------------------------------------------------------------------------

[29-Jun-2026 11:40:46] P187260
Type: Validation error
Error: Validation failed: 0 errors, 1 warnings (0 acknowledged, 1 new)
ID: Ingestion:ValidationFailed
Location: BatchUploader.uploadSurvey (line 376)
Validation Details:
  Errors: 0
  Warnings: 1
  Details:
    - [WARNING] NUMCALF: NUMCALF (1) is more than half of NUMBER (1) - verify count (rows 39, EVENTNO=40)
--------------------------------------------------------------------------------

[29-Jun-2026 11:40:46] P187266
Type: Validation error
Error: Validation failed: 0 errors, 1 warnings (0 acknowledged, 1 new)
ID: Ingestion:ValidationFailed
Location: BatchUploader.uploadSurvey (line 376)
Validation Details:
  Errors: 0
  Warnings: 1
  Details:
    - [WARNING] NUMCALF: NUMCALF (2) is more than half of NUMBER (3) - verify count (rows 25, EVENTNO=26)
--------------------------------------------------------------------------------

[29-Jun-2026 11:40:47] P187279
Type: Validation error
Error: Validation failed: 0 errors, 2 warnings (0 acknowledged, 2 new)
ID: Ingestion:ValidationFailed
Location: BatchUploader.uploadSurvey (line 376)
Validation Details:
  Errors: 0
  Warnings: 2
  Details:
    - [WARNING] NUMCALF: NUMCALF (1) is more than half of NUMBER (1) - verify count (rows 63, EVENTNO=59)
    - [WARNING] NUMCALF: NUMCALF (1) is more than half of NUMBER (1) - verify count (rows 64, EVENTNO=60)
--------------------------------------------------------------------------------

[29-Jun-2026 11:40:48] P188073
Type: Validation error
Error: Validation failed: 0 errors, 1 warnings (0 acknowledged, 1 new)
ID: Ingestion:ValidationFailed
Location: BatchUploader.uploadSurvey (line 376)
Validation Details:
  Errors: 0
  Warnings: 1
  Details:
    - [WARNING] BEHAV: Calf-associated behavior(s) 40 recorded but no calf present (rows 111, EVENTNO=111)
--------------------------------------------------------------------------------

[29-Jun-2026 11:40:49] P188117
Type: Validation error
Error: Validation failed: 0 errors, 2 warnings (0 acknowledged, 2 new)
ID: Ingestion:ValidationFailed
Location: BatchUploader.uploadSurvey (line 376)
Validation Details:
  Errors: 0
  Warnings: 2
  Details:
    - [WARNING] BEHAV: Calf-associated behavior(s) 40 recorded but no calf present (rows 253, EVENTNO=252)
    - [WARNING] BEHAV: Calf-associated behavior(s) 40 recorded but no calf present (rows 1032, EVENTNO=1014)
--------------------------------------------------------------------------------

[29-Jun-2026 11:40:50] P188129
Type: Validation error
Error: Validation failed: 0 errors, 2 warnings (0 acknowledged, 2 new)
ID: Ingestion:ValidationFailed
Location: BatchUploader.uploadSurvey (line 376)
Validation Details:
  Errors: 0
  Warnings: 2
  Details:
    - [WARNING] BEHAV: Calf-associated behavior(s) 40 recorded but no calf present (rows 13, EVENTNO=10)
    - [WARNING] BEHAV: Calf-associated behavior(s) 40 recorded but no calf present (rows 173, EVENTNO=163)
--------------------------------------------------------------------------------

[29-Jun-2026 11:40:51] P189135
Type: Validation error
Error: Validation failed: 0 errors, 2 warnings (0 acknowledged, 2 new)
ID: Ingestion:ValidationFailed
Location: BatchUploader.uploadSurvey (line 376)
Validation Details:
  Errors: 0
  Warnings: 2
  Details:
    - [WARNING] NUMCALF: NUMCALF (1) is more than half of NUMBER (1) - verify count (rows 536, EVENTNO=500)
    - [WARNING] BEHAV: Calf-associated behavior(s) 40 recorded but no calf present (rows 217, EVENTNO=200)
--------------------------------------------------------------------------------

[29-Jun-2026 11:40:54] P189138
Type: Validation error
Error: Validation failed: 0 errors, 1 warnings (0 acknowledged, 1 new)
ID: Ingestion:ValidationFailed
Location: BatchUploader.uploadSurvey (line 376)
Validation Details:
  Errors: 0
  Warnings: 1
  Details:
    - [WARNING] BEHAV: Calf-associated behavior(s) 40 recorded but no calf present (rows 2962, EVENTNO=2953)
--------------------------------------------------------------------------------

[29-Jun-2026 11:40:54] P189222
Type: Validation error
Error: Validation failed: 0 errors, 5 warnings (0 acknowledged, 5 new)
ID: Ingestion:ValidationFailed
Location: BatchUploader.uploadSurvey (line 376)
Validation Details:
  Errors: 0
  Warnings: 5
  Details:
    - [WARNING] NUMCALF: NUMCALF (1) is more than half of NUMBER (1) - verify count (rows 48, EVENTNO=47)
    - [WARNING] NUMCALF: NUMCALF (1) is more than half of NUMBER (1) - verify count (rows 89, EVENTNO=89)
    - [WARNING] NUMCALF: NUMCALF (1) is more than half of NUMBER (1) - verify count (rows 93, EVENTNO=93)
    - [WARNING] NUMCALF: NUMCALF (1) is more than half of NUMBER (1) - verify count (rows 103, EVENTNO=103)
    - [WARNING] BEHAV: Calf-associated behavior(s) 40 recorded but no calf present (rows 54, EVENTNO=53)
--------------------------------------------------------------------------------

[29-Jun-2026 11:40:55] P189230
Type: Validation error
Error: Validation failed: 0 errors, 3 warnings (0 acknowledged, 3 new)
ID: Ingestion:ValidationFailed
Location: BatchUploader.uploadSurvey (line 376)
Validation Details:
  Errors: 0
  Warnings: 3
  Details:
    - [WARNING] NUMCALF: NUMCALF (1) is more than half of NUMBER (1) - verify count (rows 58, EVENTNO=58)
    - [WARNING] BEHAV: Calf-associated behavior(s) 40 recorded but no calf present (rows 57, EVENTNO=57)
    - [WARNING] BEHAV: Calf-associated behavior(s) 40 recorded but no calf present (rows 68, EVENTNO=68)
--------------------------------------------------------------------------------

[29-Jun-2026 11:40:55] P189240
Type: Validation error
Error: Validation failed: 0 errors, 4 warnings (0 acknowledged, 4 new)
ID: Ingestion:ValidationFailed
Location: BatchUploader.uploadSurvey (line 376)
Validation Details:
  Errors: 0
  Warnings: 4
  Details:
    - [WARNING] NUMCALF: NUMCALF (1) is more than half of NUMBER (1) - verify count (rows 56, EVENTNO=56)
    - [WARNING] NUMCALF: NUMCALF (1) is more than half of NUMBER (1) - verify count (rows 59, EVENTNO=59)
    - [WARNING] NUMCALF: NUMCALF (1) is more than half of NUMBER (1) - verify count (rows 69, EVENTNO=69)
    - [WARNING] NUMCALF: NUMCALF (2) is more than half of NUMBER (2) - verify count (rows 88, EVENTNO=87)
--------------------------------------------------------------------------------

[29-Jun-2026 11:40:56] P189246
Type: Validation error
Error: Validation failed: 0 errors, 2 warnings (0 acknowledged, 2 new)
ID: Ingestion:ValidationFailed
Location: BatchUploader.uploadSurvey (line 376)
Validation Details:
  Errors: 0
  Warnings: 2
  Details:
    - [WARNING] NUMCALF: NUMCALF (1) is more than half of NUMBER (1) - verify count (rows 20, EVENTNO=23)
    - [WARNING] BEHAV: Calf-associated behavior(s) 40 recorded but no calf present (rows 21, EVENTNO=24)
--------------------------------------------------------------------------------

[29-Jun-2026 11:40:57] P189247
Type: Validation error
Error: Validation failed: 0 errors, 5 warnings (0 acknowledged, 5 new)
ID: Ingestion:ValidationFailed
Location: BatchUploader.uploadSurvey (line 376)
Validation Details:
  Errors: 0
  Warnings: 5
  Details:
    - [WARNING] NUMCALF: NUMCALF (1) is more than half of NUMBER (1) - verify count (rows 20, EVENTNO=20)
    - [WARNING] NUMCALF: NUMCALF (1) is more than half of NUMBER (1) - verify count (rows 65, EVENTNO=64)
    - [WARNING] BEHAV: Calf-associated behavior(s) 40 recorded but no calf present (rows 21, EVENTNO=21)
    - [WARNING] BEHAV: Calf-associated behavior(s) 40 recorded but no calf present (rows 60, EVENTNO=59)
    - [WARNING] BEHAV: Calf-associated behavior(s) 40 recorded but no calf present (rows 66, EVENTNO=65)
--------------------------------------------------------------------------------

[29-Jun-2026 11:40:57] P189248
Type: Validation error
Error: Validation failed: 0 errors, 3 warnings (0 acknowledged, 3 new)
ID: Ingestion:ValidationFailed
Location: BatchUploader.uploadSurvey (line 376)
Validation Details:
  Errors: 0
  Warnings: 3
  Details:
    - [WARNING] NUMCALF: NUMCALF (1) is more than half of NUMBER (1) - verify count (rows 34, EVENTNO=34)
    - [WARNING] NUMCALF: NUMCALF (1) is more than half of NUMBER (1) - verify count (rows 45, EVENTNO=45)
    - [WARNING] BEHAV: Calf-associated behavior(s) 40 recorded but no calf present (rows 33, EVENTNO=33)
--------------------------------------------------------------------------------

[29-Jun-2026 11:40:58] P189254
Type: Validation error
Error: Validation failed: 0 errors, 2 warnings (0 acknowledged, 2 new)
ID: Ingestion:ValidationFailed
Location: BatchUploader.uploadSurvey (line 376)
Validation Details:
  Errors: 0
  Warnings: 2
  Details:
    - [WARNING] NUMCALF: NUMCALF (1) is more than half of NUMBER (1) - verify count (rows 51, EVENTNO=47)
    - [WARNING] BEHAV: Calf-associated behavior(s) 40 recorded but no calf present (rows 50, EVENTNO=46)
--------------------------------------------------------------------------------

[29-Jun-2026 11:40:59] P189255
Type: Validation error
Error: Validation failed: 0 errors, 1 warnings (0 acknowledged, 1 new)
ID: Ingestion:ValidationFailed
Location: BatchUploader.uploadSurvey (line 376)
Validation Details:
  Errors: 0
  Warnings: 1
  Details:
    - [WARNING] BEHAV: Calf-associated behavior(s) 40 recorded but no calf present (rows 43, EVENTNO=43)
--------------------------------------------------------------------------------

[29-Jun-2026 11:41:00] P189256
Type: Validation error
Error: Validation failed: 0 errors, 6 warnings (0 acknowledged, 6 new)
ID: Ingestion:ValidationFailed
Location: BatchUploader.uploadSurvey (line 376)
Validation Details:
  Errors: 0
  Warnings: 6
  Details:
    - [WARNING] NUMCALF: NUMCALF (1) is more than half of NUMBER (1) - verify count (rows 33, EVENTNO=33)
    - [WARNING] NUMCALF: NUMCALF (1) is more than half of NUMBER (1) - verify count (rows 36, EVENTNO=36)
    - [WARNING] NUMCALF: NUMCALF (1) is more than half of NUMBER (1) - verify count (rows 44, EVENTNO=44)
    - [WARNING] NUMCALF: NUMCALF (1) is more than half of NUMBER (1) - verify count (rows 45, EVENTNO=45)
    - [WARNING] NUMCALF: NUMCALF (1) is more than half of NUMBER (1) - verify count (rows 47, EVENTNO=46)
    - [WARNING] NUMCALF: NUMCALF (1) is more than half of NUMBER (1) - verify count (rows 51, EVENTNO=50)
--------------------------------------------------------------------------------

[29-Jun-2026 11:41:01] P189264
Type: Validation error
Error: Validation failed: 0 errors, 1 warnings (0 acknowledged, 1 new)
ID: Ingestion:ValidationFailed
Location: BatchUploader.uploadSurvey (line 376)
Validation Details:
  Errors: 0
  Warnings: 1
  Details:
    - [WARNING] NUMCALF: NUMCALF (1) is more than half of NUMBER (1) - verify count (rows 74, EVENTNO=71)
--------------------------------------------------------------------------------

[29-Jun-2026 11:41:01] P189274
Type: Validation error
Error: Validation failed: 0 errors, 2 warnings (0 acknowledged, 2 new)
ID: Ingestion:ValidationFailed
Location: BatchUploader.uploadSurvey (line 376)
Validation Details:
  Errors: 0
  Warnings: 2
  Details:
    - [WARNING] NUMCALF: NUMCALF (1) is more than half of NUMBER (1) - verify count (rows 68, EVENTNO=68)
    - [WARNING] BEHAV: Calf-associated behavior(s) 40 recorded but no calf present (rows 69, EVENTNO=69)
--------------------------------------------------------------------------------

[29-Jun-2026 11:41:02] P189280
Type: Validation error
Error: Validation failed: 0 errors, 1 warnings (0 acknowledged, 1 new)
ID: Ingestion:ValidationFailed
Location: BatchUploader.uploadSurvey (line 376)
Validation Details:
  Errors: 0
  Warnings: 1
  Details:
    - [WARNING] NUMCALF: NUMCALF (1) is more than half of NUMBER (1) - verify count (rows 56, EVENTNO=57)
--------------------------------------------------------------------------------

[29-Jun-2026 11:41:02] P189283
Type: Validation error
Error: Validation failed: 0 errors, 1 warnings (0 acknowledged, 1 new)
ID: Ingestion:ValidationFailed
Location: BatchUploader.uploadSurvey (line 376)
Validation Details:
  Errors: 0
  Warnings: 1
  Details:
    - [WARNING] NUMCALF: NUMCALF (1) is more than half of NUMBER (1) - verify count (rows 37, EVENTNO=37)
--------------------------------------------------------------------------------

[29-Jun-2026 11:41:03] P190039
Type: Validation error
Error: Validation failed: 0 errors, 6 warnings (0 acknowledged, 6 new)
ID: Ingestion:ValidationFailed
Location: BatchUploader.uploadSurvey (line 376)
Validation Details:
  Errors: 0
  Warnings: 6
  Details:
    - [WARNING] BEHAV: Calf-associated behavior(s) 40 recorded but no calf present (rows 116, EVENTNO=116)
    - [WARNING] BEHAV: Calf-associated behavior(s) 40 recorded but no calf present (rows 184, EVENTNO=188)
    - [WARNING] BEHAV: Calf-associated behavior(s) 40 recorded but no calf present (rows 226, EVENTNO=230)
    - [WARNING] BEHAV: Calf-associated behavior(s) 40 recorded but no calf present (rows 257, EVENTNO=261)
    - [WARNING] BEHAV: Calf-associated behavior(s) 40 recorded but no calf present (rows 271, EVENTNO=275)
    - [WARNING] BEHAV: Calf-associated behavior(s) 40 recorded but no calf present (rows 315, EVENTNO=319)
--------------------------------------------------------------------------------

[29-Jun-2026 11:41:04] P190227
Type: Validation error
Error: Validation failed: 0 errors, 4 warnings (0 acknowledged, 4 new)
ID: Ingestion:ValidationFailed
Location: BatchUploader.uploadSurvey (line 376)
Validation Details:
  Errors: 0
  Warnings: 4
  Details:
    - [WARNING] NUMCALF: NUMCALF (1) is more than half of NUMBER (1) - verify count (rows 44, EVENTNO=41)
    - [WARNING] NUMCALF: NUMCALF (1) is more than half of NUMBER (1) - verify count (rows 60, EVENTNO=57)
    - [WARNING] NUMCALF: NUMCALF (1) is more than half of NUMBER (1) - verify count (rows 63, EVENTNO=60)
    - [WARNING] BEHAV: Calf-associated behavior(s) 40 recorded but no calf present (rows 46, EVENTNO=43)
--------------------------------------------------------------------------------

[29-Jun-2026 11:41:05] P190228
Type: Validation error
Error: Validation failed: 0 errors, 3 warnings (0 acknowledged, 3 new)
ID: Ingestion:ValidationFailed
Location: BatchUploader.uploadSurvey (line 376)
Validation Details:
  Errors: 0
  Warnings: 3
  Details:
    - [WARNING] NUMCALF: NUMCALF (1) is more than half of NUMBER (1) - verify count (rows 82, EVENTNO=64)
    - [WARNING] NUMCALF: NUMCALF (1) is more than half of NUMBER (1) - verify count (rows 93, EVENTNO=75)
    - [WARNING] BEHAV: Calf-associated behavior(s) 40 recorded but no calf present (rows 90, EVENTNO=72)
--------------------------------------------------------------------------------

[29-Jun-2026 11:41:05] P190232
Type: Validation error
Error: Validation failed: 0 errors, 8 warnings (0 acknowledged, 8 new)
ID: Ingestion:ValidationFailed
Location: BatchUploader.uploadSurvey (line 376)
Validation Details:
  Errors: 0
  Warnings: 8
  Details:
    - [WARNING] NUMCALF: NUMCALF (1) is more than half of NUMBER (1) - verify count (rows 43, EVENTNO=42)
    - [WARNING] NUMCALF: NUMCALF (1) is more than half of NUMBER (1) - verify count (rows 48, EVENTNO=47)
    - [WARNING] NUMCALF: NUMCALF (1) is more than half of NUMBER (1) - verify count (rows 69, EVENTNO=68)
    - [WARNING] NUMCALF: NUMCALF (1) is more than half of NUMBER (1) - verify count (rows 70, EVENTNO=69)
    - [WARNING] NUMCALF: NUMCALF (2) is more than half of NUMBER (2) - verify count (rows 79, EVENTNO=78)
    - [WARNING] NUMCALF: NUMCALF (1) is more than half of NUMBER (1) - verify count (rows 82, EVENTNO=81)
    - [WARNING] NUMCALF: NUMCALF (1) is more than half of NUMBER (1) - verify count (rows 86, EVENTNO=85)
    - [WARNING] NUMCALF: NUMCALF (1) is more than half of NUMBER (1) - verify count (rows 87, EVENTNO=86)
--------------------------------------------------------------------------------

[29-Jun-2026 11:41:06] P190233
Type: Validation error
Error: Validation failed: 0 errors, 5 warnings (0 acknowledged, 5 new)
ID: Ingestion:ValidationFailed
Location: BatchUploader.uploadSurvey (line 376)
Validation Details:
  Errors: 0
  Warnings: 5
  Details:
    - [WARNING] NUMCALF: NUMCALF (1) is more than half of NUMBER (1) - verify count (rows 15, EVENTNO=11)
    - [WARNING] NUMCALF: NUMCALF (1) is more than half of NUMBER (1) - verify count (rows 164, EVENTNO=115)
    - [WARNING] NUMCALF: NUMCALF (1) is more than half of NUMBER (1) - verify count (rows 175, EVENTNO=126)
    - [WARNING] NUMCALF: NUMCALF (1) is more than half of NUMBER (1) - verify count (rows 192, EVENTNO=142)
    - [WARNING] BEHAV: Calf-associated behavior(s) 40 recorded but no calf present (rows 159, EVENTNO=110)
--------------------------------------------------------------------------------

[29-Jun-2026 11:41:07] P190234
Type: Validation error
Error: Validation failed: 0 errors, 2 warnings (0 acknowledged, 2 new)
ID: Ingestion:ValidationFailed
Location: BatchUploader.uploadSurvey (line 376)
Validation Details:
  Errors: 0
  Warnings: 2
  Details:
    - [WARNING] NUMCALF: NUMCALF (1) is more than half of NUMBER (1) - verify count (rows 41, EVENTNO=39)
    - [WARNING] BEHAV: Calf-associated behavior(s) 40 recorded but no calf present (rows 40, EVENTNO=38)
--------------------------------------------------------------------------------

[29-Jun-2026 11:41:07] P190236
Type: Validation error
Error: Validation failed: 0 errors, 3 warnings (0 acknowledged, 3 new)
ID: Ingestion:ValidationFailed
Location: BatchUploader.uploadSurvey (line 376)
Validation Details:
  Errors: 0
  Warnings: 3
  Details:
    - [WARNING] NUMCALF: NUMCALF (1) is more than half of NUMBER (1) - verify count (rows 65, EVENTNO=46)
    - [WARNING] NUMCALF: NUMCALF (1) is more than half of NUMBER (1) - verify count (rows 88, EVENTNO=69)
    - [WARNING] NUMCALF: NUMCALF (1) is more than half of NUMBER (1) - verify count (rows 107, EVENTNO=88)
--------------------------------------------------------------------------------

[29-Jun-2026 11:41:08] P190237
Type: Validation error
Error: Validation failed: 0 errors, 4 warnings (0 acknowledged, 4 new)
ID: Ingestion:ValidationFailed
Location: BatchUploader.uploadSurvey (line 376)
Validation Details:
  Errors: 0
  Warnings: 4
  Details:
    - [WARNING] NUMCALF: NUMCALF (1) is more than half of NUMBER (1) - verify count (rows 72, EVENTNO=57)
    - [WARNING] NUMCALF: NUMCALF (1) is more than half of NUMBER (1) - verify count (rows 74, EVENTNO=59)
    - [WARNING] NUMCALF: NUMCALF (1) is more than half of NUMBER (1) - verify count (rows 80, EVENTNO=65)
    - [WARNING] NUMCALF: NUMCALF (1) is more than half of NUMBER (1) - verify count (rows 94, EVENTNO=79)
--------------------------------------------------------------------------------

[29-Jun-2026 11:41:09] P190238
Type: Validation error
Error: Validation failed: 0 errors, 2 warnings (0 acknowledged, 2 new)
ID: Ingestion:ValidationFailed
Location: BatchUploader.uploadSurvey (line 376)
Validation Details:
  Errors: 0
  Warnings: 2
  Details:
    - [WARNING] NUMCALF: NUMCALF (3) is more than half of NUMBER (3) - verify count (rows 47, EVENTNO=38)
    - [WARNING] NUMCALF: NUMCALF (1) is more than half of NUMBER (1) - verify count (rows 62, EVENTNO=52)
--------------------------------------------------------------------------------

[29-Jun-2026 11:41:09] P190239
Type: Validation error
Error: Validation failed: 0 errors, 1 warnings (0 acknowledged, 1 new)
ID: Ingestion:ValidationFailed
Location: BatchUploader.uploadSurvey (line 376)
Validation Details:
  Errors: 0
  Warnings: 1
  Details:
    - [WARNING] NUMCALF: NUMCALF (1) is more than half of NUMBER (1) - verify count (rows 33, EVENTNO=30)
--------------------------------------------------------------------------------

[29-Jun-2026 11:41:10] P190242
Type: Validation error
Error: Validation failed: 0 errors, 2 warnings (0 acknowledged, 2 new)
ID: Ingestion:ValidationFailed
Location: BatchUploader.uploadSurvey (line 376)
Validation Details:
  Errors: 0
  Warnings: 2
  Details:
    - [WARNING] NUMCALF: NUMCALF (1) is more than half of NUMBER (1) - verify count (rows 38, EVENTNO=35)
    - [WARNING] BEHAV: Calf-associated behavior(s) 40 recorded but no calf present (rows 42, EVENTNO=38)
--------------------------------------------------------------------------------

[29-Jun-2026 11:41:10] P190243
Type: Validation error
Error: Validation failed: 0 errors, 2 warnings (0 acknowledged, 2 new)
ID: Ingestion:ValidationFailed
Location: BatchUploader.uploadSurvey (line 376)
Validation Details:
  Errors: 0
  Warnings: 2
  Details:
    - [WARNING] NUMCALF: NUMCALF (1) is more than half of NUMBER (1) - verify count (rows 88, EVENTNO=77)
    - [WARNING] NUMCALF: NUMCALF (1) is more than half of NUMBER (1) - verify count (rows 98, EVENTNO=87)
--------------------------------------------------------------------------------

[29-Jun-2026 11:41:11] P190244
Type: Validation error
Error: Validation failed: 0 errors, 2 warnings (0 acknowledged, 2 new)
ID: Ingestion:ValidationFailed
Location: BatchUploader.uploadSurvey (line 376)
Validation Details:
  Errors: 0
  Warnings: 2
  Details:
    - [WARNING] NUMCALF: NUMCALF (1) is more than half of NUMBER (1) - verify count (rows 47, EVENTNO=36)
    - [WARNING] NUMCALF: NUMCALF (1) is more than half of NUMBER (1) - verify count (rows 66, EVENTNO=54)
--------------------------------------------------------------------------------

[29-Jun-2026 11:41:12] P191035
Type: Validation error
Error: Validation failed: 0 errors, 4 warnings (0 acknowledged, 4 new)
ID: Ingestion:ValidationFailed
Location: BatchUploader.uploadSurvey (line 376)
Validation Details:
  Errors: 0
  Warnings: 4
  Details:
    - [WARNING] BEHAV: Calf-associated behavior(s) 40 recorded but no calf present (rows 105, EVENTNO=105)
    - [WARNING] BEHAV: Calf-associated behavior(s) 40 recorded but no calf present (rows 106, EVENTNO=106)
    - [WARNING] BEHAV: Calf-associated behavior(s) 40 recorded but no calf present (rows 176, EVENTNO=176)
    - [WARNING] BEHAV: Calf-associated behavior(s) 40 recorded but no calf present (rows 238, EVENTNO=238)
--------------------------------------------------------------------------------

[29-Jun-2026 11:41:13] P191221
Type: Validation error
Error: Validation failed: 0 errors, 5 warnings (0 acknowledged, 5 new)
ID: Ingestion:ValidationFailed
Location: BatchUploader.uploadSurvey (line 376)
Validation Details:
  Errors: 0
  Warnings: 5
  Details:
    - [WARNING] NUMCALF: NUMCALF (1) is more than half of NUMBER (1) - verify count (rows 52, EVENTNO=43)
    - [WARNING] NUMCALF: NUMCALF (1) is more than half of NUMBER (1) - verify count (rows 62, EVENTNO=53)
    - [WARNING] NUMCALF: NUMCALF (1) is more than half of NUMBER (1) - verify count (rows 80, EVENTNO=71)
    - [WARNING] BEHAV: Calf-associated behavior(s) 40 recorded but no calf present (rows 61, EVENTNO=52)
    - [WARNING] BEHAV: Calf-associated behavior(s) 40 recorded but no calf present (rows 79, EVENTNO=70)
--------------------------------------------------------------------------------

[29-Jun-2026 11:41:13] P191229
Type: Validation error
Error: Validation failed: 0 errors, 1 warnings (0 acknowledged, 1 new)
ID: Ingestion:ValidationFailed
Location: BatchUploader.uploadSurvey (line 376)
Validation Details:
  Errors: 0
  Warnings: 1
  Details:
    - [WARNING] NUMCALF: NUMCALF (1) is more than half of NUMBER (1) - verify count (rows 77, EVENTNO=64)
--------------------------------------------------------------------------------

[29-Jun-2026 11:41:14] P191236
Type: Validation error
Error: Validation failed: 0 errors, 1 warnings (0 acknowledged, 1 new)
ID: Ingestion:ValidationFailed
Location: BatchUploader.uploadSurvey (line 376)
Validation Details:
  Errors: 0
  Warnings: 1
  Details:
    - [WARNING] NUMCALF: NUMCALF (1) is more than half of NUMBER (1) - verify count (rows 30, EVENTNO=27)
--------------------------------------------------------------------------------

[29-Jun-2026 11:41:14] P191237
Type: Validation error
Error: Validation failed: 0 errors, 5 warnings (0 acknowledged, 5 new)
ID: Ingestion:ValidationFailed
Location: BatchUploader.uploadSurvey (line 376)
Validation Details:
  Errors: 0
  Warnings: 5
  Details:
    - [WARNING] NUMCALF: NUMCALF (1) is more than half of NUMBER (1) - verify count (rows 31, EVENTNO=28)
    - [WARNING] NUMCALF: NUMCALF (1) is more than half of NUMBER (1) - verify count (rows 33, EVENTNO=30)
    - [WARNING] NUMCALF: NUMCALF (1) is more than half of NUMBER (1) - verify count (rows 34, EVENTNO=31)
    - [WARNING] BEHAV: Calf-associated behavior(s) 40 recorded but no calf present (rows 35, EVENTNO=32)
    - [WARNING] BEHAV: Calf-associated behavior(s) 40 recorded but no calf present (rows 41, EVENTNO=38)
--------------------------------------------------------------------------------

[29-Jun-2026 11:41:15] P191241
Type: Validation error
Error: Validation failed: 0 errors, 4 warnings (0 acknowledged, 4 new)
ID: Ingestion:ValidationFailed
Location: BatchUploader.uploadSurvey (line 376)
Validation Details:
  Errors: 0
  Warnings: 4
  Details:
    - [WARNING] NUMCALF: NUMCALF (3) is more than half of NUMBER (4) - verify count (rows 5, EVENTNO=5)
    - [WARNING] NUMCALF: NUMCALF (1) is more than half of NUMBER (1) - verify count (rows 45, EVENTNO=34)
    - [WARNING] NUMCALF: NUMCALF (1) is more than half of NUMBER (1) - verify count (rows 87, EVENTNO=65)
    - [WARNING] BEHAV: Calf-associated behavior(s) 40 recorded but no calf present (rows 88, EVENTNO=66)
--------------------------------------------------------------------------------

[29-Jun-2026 11:41:15] P191271
Type: Validation error
Error: Validation failed: 0 errors, 1 warnings (0 acknowledged, 1 new)
ID: Ingestion:ValidationFailed
Location: BatchUploader.uploadSurvey (line 376)
Validation Details:
  Errors: 0
  Warnings: 1
  Details:
    - [WARNING] NUMCALF: NUMCALF (1) is more than half of NUMBER (1) - verify count (rows 45, EVENTNO=42)
--------------------------------------------------------------------------------

[29-Jun-2026 11:41:16] P192220
Type: Validation error
Error: Validation failed: 0 errors, 2 warnings (0 acknowledged, 2 new)
ID: Ingestion:ValidationFailed
Location: BatchUploader.uploadSurvey (line 376)
Validation Details:
  Errors: 0
  Warnings: 2
  Details:
    - [WARNING] NUMCALF: NUMCALF (1) is more than half of NUMBER (1) - verify count (rows 64, EVENTNO=50)
    - [WARNING] NUMCALF: NUMCALF (1) is more than half of NUMBER (1) - verify count (rows 66, EVENTNO=52)
--------------------------------------------------------------------------------

[29-Jun-2026 11:41:17] P192221
Type: Validation error
Error: Validation failed: 0 errors, 5 warnings (0 acknowledged, 5 new)
ID: Ingestion:ValidationFailed
Location: BatchUploader.uploadSurvey (line 376)
Validation Details:
  Errors: 0
  Warnings: 5
  Details:
    - [WARNING] NUMCALF: NUMCALF (1) is more than half of NUMBER (1) - verify count (rows 19, EVENTNO=23)
    - [WARNING] NUMCALF: NUMCALF (1) is more than half of NUMBER (1) - verify count (rows 42, EVENTNO=44)
    - [WARNING] NUMCALF: NUMCALF (1) is more than half of NUMBER (1) - verify count (rows 47, EVENTNO=49)
    - [WARNING] BEHAV: Calf-associated behavior(s) 40 recorded but no calf present (rows 22, EVENTNO=26)
    - [WARNING] BEHAV: Calf-associated behavior(s) 40 recorded but no calf present (rows 45, EVENTNO=47)
--------------------------------------------------------------------------------

[29-Jun-2026 11:41:17] P192225
Type: Validation error
Error: Validation failed: 0 errors, 1 warnings (0 acknowledged, 1 new)
ID: Ingestion:ValidationFailed
Location: BatchUploader.uploadSurvey (line 376)
Validation Details:
  Errors: 0
  Warnings: 1
  Details:
    - [WARNING] NUMCALF: NUMCALF (1) is more than half of NUMBER (1) - verify count (rows 64, EVENTNO=60)
--------------------------------------------------------------------------------

[29-Jun-2026 11:41:18] P192228
Type: Validation error
Error: Validation failed: 0 errors, 3 warnings (0 acknowledged, 3 new)
ID: Ingestion:ValidationFailed
Location: BatchUploader.uploadSurvey (line 376)
Validation Details:
  Errors: 0
  Warnings: 3
  Details:
    - [WARNING] NUMCALF: NUMCALF (1) is more than half of NUMBER (1) - verify count (rows 27, EVENTNO=23)
    - [WARNING] NUMCALF: NUMCALF (1) is more than half of NUMBER (1) - verify count (rows 31, EVENTNO=27)
    - [WARNING] BEHAV: Calf-associated behavior(s) 40 recorded but no calf present (rows 28, EVENTNO=24)
--------------------------------------------------------------------------------

[29-Jun-2026 11:41:18] P192258
Type: Validation error
Error: Validation failed: 0 errors, 1 warnings (0 acknowledged, 1 new)
ID: Ingestion:ValidationFailed
Location: BatchUploader.uploadSurvey (line 376)
Validation Details:
  Errors: 0
  Warnings: 1
  Details:
    - [WARNING] NUMCALF: NUMCALF (1) is more than half of NUMBER (1) - verify count (rows 37, EVENTNO=37)
--------------------------------------------------------------------------------

[29-Jun-2026 11:41:19] P192269
Type: Validation error
Error: Validation failed: 0 errors, 1 warnings (0 acknowledged, 1 new)
ID: Ingestion:ValidationFailed
Location: BatchUploader.uploadSurvey (line 376)
Validation Details:
  Errors: 0
  Warnings: 1
  Details:
    - [WARNING] NUMCALF: NUMCALF (1) is more than half of NUMBER (1) - verify count (rows 39, EVENTNO=29)
--------------------------------------------------------------------------------

[29-Jun-2026 11:41:20] P193226
Type: Validation error
Error: Validation failed: 0 errors, 1 warnings (0 acknowledged, 1 new)
ID: Ingestion:ValidationFailed
Location: BatchUploader.uploadSurvey (line 376)
Validation Details:
  Errors: 0
  Warnings: 1
  Details:
    - [WARNING] NUMCALF: NUMCALF (1) is more than half of NUMBER (1) - verify count (rows 45, EVENTNO=38)
--------------------------------------------------------------------------------

[29-Jun-2026 11:41:21] P193232
Type: Validation error
Error: Validation failed: 0 errors, 1 warnings (0 acknowledged, 1 new)
ID: Ingestion:ValidationFailed
Location: BatchUploader.uploadSurvey (line 376)
Validation Details:
  Errors: 0
  Warnings: 1
  Details:
    - [WARNING] NUMCALF: NUMCALF (1) is more than half of NUMBER (1) - verify count (rows 67, EVENTNO=59)
--------------------------------------------------------------------------------

[29-Jun-2026 11:41:21] P193234
Type: Validation error
Error: Validation failed: 0 errors, 2 warnings (0 acknowledged, 2 new)
ID: Ingestion:ValidationFailed
Location: BatchUploader.uploadSurvey (line 376)
Validation Details:
  Errors: 0
  Warnings: 2
  Details:
    - [WARNING] NUMCALF: NUMCALF (1) is more than half of NUMBER (1) - verify count (rows 44, EVENTNO=38)
    - [WARNING] NUMCALF: NUMCALF (1) is more than half of NUMBER (1) - verify count (rows 45, EVENTNO=39)
--------------------------------------------------------------------------------

[29-Jun-2026 11:41:22] P193239
Type: Validation error
Error: Validation failed: 0 errors, 1 warnings (0 acknowledged, 1 new)
ID: Ingestion:ValidationFailed
Location: BatchUploader.uploadSurvey (line 376)
Validation Details:
  Errors: 0
  Warnings: 1
  Details:
    - [WARNING] NUMCALF: NUMCALF (1) is more than half of NUMBER (1) - verify count (rows 49, EVENTNO=45)
--------------------------------------------------------------------------------

[29-Jun-2026 11:41:23] P193265
Type: Validation error
Error: Validation failed: 0 errors, 1 warnings (0 acknowledged, 1 new)
ID: Ingestion:ValidationFailed
Location: BatchUploader.uploadSurvey (line 376)
Validation Details:
  Errors: 0
  Warnings: 1
  Details:
    - [WARNING] NUMCALF: NUMCALF (1) is more than half of NUMBER (1) - verify count (rows 122, EVENTNO=73)
--------------------------------------------------------------------------------

[29-Jun-2026 11:41:25] P194166
Type: Validation error
Error: Validation failed: 0 errors, 2 warnings (0 acknowledged, 2 new)
ID: Ingestion:ValidationFailed
Location: BatchUploader.uploadSurvey (line 376)
Validation Details:
  Errors: 0
  Warnings: 2
  Details:
    - [WARNING] NUMCALF: NUMCALF (1) is more than half of NUMBER (1) - verify count (rows 619, EVENTNO=584)
    - [WARNING] NUMCALF: NUMCALF (1) is more than half of NUMBER (1) - verify count (rows 1448, EVENTNO=1405)
--------------------------------------------------------------------------------

[29-Jun-2026 11:41:26] P194259
Type: Validation error
Error: Validation failed: 0 errors, 2 warnings (0 acknowledged, 2 new)
ID: Ingestion:ValidationFailed
Location: BatchUploader.uploadSurvey (line 376)
Validation Details:
  Errors: 0
  Warnings: 2
  Details:
    - [WARNING] NUMCALF: NUMCALF (1) is more than half of NUMBER (1) - verify count (rows 81, EVENTNO=75)
    - [WARNING] BEHAV: Calf-associated behavior(s) 40 recorded but no calf present (rows 84, EVENTNO=78)
--------------------------------------------------------------------------------

[29-Jun-2026 11:41:28] P195182
Type: Validation error
Error: Validation failed: 0 errors, 2 warnings (0 acknowledged, 2 new)
ID: Ingestion:ValidationFailed
Location: BatchUploader.uploadSurvey (line 376)
Validation Details:
  Errors: 0
  Warnings: 2
  Details:
    - [WARNING] NUMCALF: NUMCALF (1) is more than half of NUMBER (1) - verify count (rows 365, EVENTNO=365)
    - [WARNING] NUMCALF: NUMCALF (1) is more than half of NUMBER (1) - verify count (rows 971, EVENTNO=969)
--------------------------------------------------------------------------------

[29-Jun-2026 11:41:28] P195222
Type: Validation error
Error: Validation failed: 0 errors, 1 warnings (0 acknowledged, 1 new)
ID: Ingestion:ValidationFailed
Location: BatchUploader.uploadSurvey (line 376)
Validation Details:
  Errors: 0
  Warnings: 1
  Details:
    - [WARNING] NUMCALF: NUMCALF (1) is more than half of NUMBER (1) - verify count (rows 36, EVENTNO=33)
--------------------------------------------------------------------------------

[29-Jun-2026 11:41:29] P195246
Type: Validation error
Error: Validation failed: 0 errors, 1 warnings (0 acknowledged, 1 new)
ID: Ingestion:ValidationFailed
Location: BatchUploader.uploadSurvey (line 376)
Validation Details:
  Errors: 0
  Warnings: 1
  Details:
    - [WARNING] NUMCALF: NUMCALF (1) is more than half of NUMBER (1) - verify count (rows 78, EVENTNO=74)
--------------------------------------------------------------------------------

[29-Jun-2026 11:41:29] P195251
Type: Validation error
Error: Validation failed: 0 errors, 1 warnings (0 acknowledged, 1 new)
ID: Ingestion:ValidationFailed
Location: BatchUploader.uploadSurvey (line 376)
Validation Details:
  Errors: 0
  Warnings: 1
  Details:
    - [WARNING] NUMCALF: NUMCALF (1) is more than half of NUMBER (1) - verify count (rows 34, EVENTNO=34)
--------------------------------------------------------------------------------

[29-Jun-2026 11:41:30] P195259
Type: Validation error
Error: Validation failed: 0 errors, 1 warnings (0 acknowledged, 1 new)
ID: Ingestion:ValidationFailed
Location: BatchUploader.uploadSurvey (line 376)
Validation Details:
  Errors: 0
  Warnings: 1
  Details:
    - [WARNING] BEHAV: Calf-associated behavior(s) 40 recorded but no calf present (rows 53, EVENTNO=44)
--------------------------------------------------------------------------------

[29-Jun-2026 11:41:30] P195264
Type: Validation error
Error: Validation failed: 0 errors, 1 warnings (0 acknowledged, 1 new)
ID: Ingestion:ValidationFailed
Location: BatchUploader.uploadSurvey (line 376)
Validation Details:
  Errors: 0
  Warnings: 1
  Details:
    - [WARNING] NUMCALF: NUMCALF (1) is more than half of NUMBER (1) - verify count (rows 61, EVENTNO=56)
--------------------------------------------------------------------------------

[29-Jun-2026 11:41:31] P196185
Type: Validation error
Error: Validation failed: 0 errors, 11 warnings (0 acknowledged, 11 new)
ID: Ingestion:ValidationFailed
Location: BatchUploader.uploadSurvey (line 376)
Validation Details:
  Errors: 0
  Warnings: 11
  Details:
    - [WARNING] NUMCALF: NUMCALF (1) is more than half of NUMBER (1) - verify count (rows 245, EVENTNO=243)
    - [WARNING] NUMCALF: NUMCALF (1) is more than half of NUMBER (1) - verify count (rows 309, EVENTNO=307)
    - [WARNING] NUMCALF: NUMCALF (1) is more than half of NUMBER (1) - verify count (rows 375, EVENTNO=369)
    - [WARNING] NUMCALF: NUMCALF (1) is more than half of NUMBER (1) - verify count (rows 404, EVENTNO=398)
    - [WARNING] NUMCALF: NUMCALF (1) is more than half of NUMBER (1) - verify count (rows 427, EVENTNO=421)
    - [WARNING] NUMCALF: NUMCALF (1) is more than half of NUMBER (1) - verify count (rows 461, EVENTNO=455)
    - [WARNING] NUMCALF: NUMCALF (1) is more than half of NUMBER (1) - verify count (rows 464, EVENTNO=458)
    - [WARNING] NUMCALF: NUMCALF (1) is more than half of NUMBER (1) - verify count (rows 480, EVENTNO=474)
    - [WARNING] NUMCALF: NUMCALF (1) is more than half of NUMBER (1) - verify count (rows 532, EVENTNO=526)
    - [WARNING] BEHAV: Calf-associated behavior(s) 40 recorded but no calf present (rows 65, EVENTNO=64)
    - [WARNING] BEHAV: Calf-associated behavior(s) 40 recorded but no calf present (rows 403, EVENTNO=397)
--------------------------------------------------------------------------------

[29-Jun-2026 11:41:32] P196216
Type: Validation error
Error: Validation failed: 0 errors, 2 warnings (0 acknowledged, 2 new)
ID: Ingestion:ValidationFailed
Location: BatchUploader.uploadSurvey (line 376)
Validation Details:
  Errors: 0
  Warnings: 2
  Details:
    - [WARNING] NUMCALF: NUMCALF (1) is more than half of NUMBER (1) - verify count (rows 48, EVENTNO=48)
    - [WARNING] NUMCALF: NUMCALF (1) is more than half of NUMBER (1) - verify count (rows 50, EVENTNO=50)
--------------------------------------------------------------------------------

[29-Jun-2026 11:41:32] P196217
Type: Validation error
Error: Validation failed: 0 errors, 6 warnings (0 acknowledged, 6 new)
ID: Ingestion:ValidationFailed
Location: BatchUploader.uploadSurvey (line 376)
Validation Details:
  Errors: 0
  Warnings: 6
  Details:
    - [WARNING] NUMCALF: NUMCALF (1) is more than half of NUMBER (1) - verify count (rows 50, EVENTNO=54)
    - [WARNING] NUMCALF: NUMCALF (1) is more than half of NUMBER (1) - verify count (rows 63, EVENTNO=69)
    - [WARNING] NUMCALF: NUMCALF (1) is more than half of NUMBER (1) - verify count (rows 73, EVENTNO=79)
    - [WARNING] BEHAV: Calf-associated behavior(s) 40 recorded but no calf present (rows 47, EVENTNO=51)
    - [WARNING] BEHAV: Calf-associated behavior(s) 40 recorded but no calf present (rows 59, EVENTNO=65)
    - [WARNING] BEHAV: Calf-associated behavior(s) 40 recorded but no calf present (rows 65, EVENTNO=71)
--------------------------------------------------------------------------------

[29-Jun-2026 11:41:33] P196219
Type: Validation error
Error: Validation failed: 0 errors, 1 warnings (0 acknowledged, 1 new)
ID: Ingestion:ValidationFailed
Location: BatchUploader.uploadSurvey (line 376)
Validation Details:
  Errors: 0
  Warnings: 1
  Details:
    - [WARNING] NUMCALF: NUMCALF (1) is more than half of NUMBER (1) - verify count (rows 101, EVENTNO=85)
--------------------------------------------------------------------------------

[29-Jun-2026 11:41:33] P196227
Type: Validation error
Error: Validation failed: 0 errors, 2 warnings (0 acknowledged, 2 new)
ID: Ingestion:ValidationFailed
Location: BatchUploader.uploadSurvey (line 376)
Validation Details:
  Errors: 0
  Warnings: 2
  Details:
    - [WARNING] NUMCALF: NUMCALF (1) is more than half of NUMBER (1) - verify count (rows 56, EVENTNO=53)
    - [WARNING] NUMCALF: NUMCALF (1) is more than half of NUMBER (1) - verify count (rows 87, EVENTNO=84)
--------------------------------------------------------------------------------

[29-Jun-2026 11:41:34] P196229
Type: Validation error
Error: Validation failed: 0 errors, 3 warnings (0 acknowledged, 3 new)
ID: Ingestion:ValidationFailed
Location: BatchUploader.uploadSurvey (line 376)
Validation Details:
  Errors: 0
  Warnings: 3
  Details:
    - [WARNING] NUMCALF: NUMCALF (1) is more than half of NUMBER (1) - verify count (rows 82, EVENTNO=66)
    - [WARNING] NUMCALF: NUMCALF (1) is more than half of NUMBER (1) - verify count (rows 118, EVENTNO=98)
    - [WARNING] BEHAV: Calf-associated behavior(s) 40 recorded but no calf present (rows 81, EVENTNO=65)
--------------------------------------------------------------------------------

[29-Jun-2026 11:41:35] P196233
Type: Validation error
Error: Validation failed: 0 errors, 2 warnings (0 acknowledged, 2 new)
ID: Ingestion:ValidationFailed
Location: BatchUploader.uploadSurvey (line 376)
Validation Details:
  Errors: 0
  Warnings: 2
  Details:
    - [WARNING] NUMCALF: NUMCALF (1) is more than half of NUMBER (1) - verify count (rows 101, EVENTNO=88)
    - [WARNING] BEHAV: Calf-associated behavior(s) [42 40] recorded but no calf present (rows 102, EVENTNO=89)
--------------------------------------------------------------------------------

[29-Jun-2026 11:41:35] P196239
Type: Validation error
Error: Validation failed: 0 errors, 5 warnings (0 acknowledged, 5 new)
ID: Ingestion:ValidationFailed
Location: BatchUploader.uploadSurvey (line 376)
Validation Details:
  Errors: 0
  Warnings: 5
  Details:
    - [WARNING] NUMCALF: NUMCALF (1) is more than half of NUMBER (1) - verify count (rows 56, EVENTNO=58)
    - [WARNING] NUMCALF: NUMCALF (1) is more than half of NUMBER (1) - verify count (rows 68, EVENTNO=69)
    - [WARNING] BEHAV: Calf-associated behavior(s) 40 recorded but no calf present (rows 57, EVENTNO=59)
    - [WARNING] BEHAV: Calf-associated behavior(s) 40 recorded but no calf present (rows 66, EVENTNO=65)
    - [WARNING] BEHAV: Calf-associated behavior(s) 40 recorded but no calf present (rows 69, EVENTNO=70)
--------------------------------------------------------------------------------

[29-Jun-2026 11:41:36] P196245
Type: Validation error
Error: Validation failed: 0 errors, 1 warnings (0 acknowledged, 1 new)
ID: Ingestion:ValidationFailed
Location: BatchUploader.uploadSurvey (line 376)
Validation Details:
  Errors: 0
  Warnings: 1
  Details:
    - [WARNING] NUMCALF: NUMCALF (1) is more than half of NUMBER (1) - verify count (rows 76, EVENTNO=108)
--------------------------------------------------------------------------------

[29-Jun-2026 11:41:37] P196248
Type: Validation error
Error: Validation failed: 0 errors, 1 warnings (0 acknowledged, 1 new)
ID: Ingestion:ValidationFailed
Location: BatchUploader.uploadSurvey (line 376)
Validation Details:
  Errors: 0
  Warnings: 1
  Details:
    - [WARNING] BEHAV: Calf-associated behavior(s) 40 recorded but no calf present (rows 41, EVENTNO=41)
--------------------------------------------------------------------------------

[29-Jun-2026 11:41:37] P196249
Type: Validation error
Error: Validation failed: 0 errors, 1 warnings (0 acknowledged, 1 new)
ID: Ingestion:ValidationFailed
Location: BatchUploader.uploadSurvey (line 376)
Validation Details:
  Errors: 0
  Warnings: 1
  Details:
    - [WARNING] NUMCALF: NUMCALF (1) is more than half of NUMBER (1) - verify count (rows 81, EVENTNO=86)
--------------------------------------------------------------------------------

[29-Jun-2026 11:41:38] P196255
Type: Validation error
Error: Validation failed: 0 errors, 1 warnings (0 acknowledged, 1 new)
ID: Ingestion:ValidationFailed
Location: BatchUploader.uploadSurvey (line 376)
Validation Details:
  Errors: 0
  Warnings: 1
  Details:
    - [WARNING] NUMCALF: NUMCALF (1) is more than half of NUMBER (1) - verify count (rows 85, EVENTNO=84)
--------------------------------------------------------------------------------

[29-Jun-2026 11:41:39] P196261
Type: Validation error
Error: Validation failed: 0 errors, 1 warnings (0 acknowledged, 1 new)
ID: Ingestion:ValidationFailed
Location: BatchUploader.uploadSurvey (line 376)
Validation Details:
  Errors: 0
  Warnings: 1
  Details:
    - [WARNING] NUMCALF: NUMCALF (1) is more than half of NUMBER (1) - verify count (rows 44, EVENTNO=44)
--------------------------------------------------------------------------------

[29-Jun-2026 11:41:39] P196266
Type: Validation error
Error: Validation failed: 0 errors, 1 warnings (0 acknowledged, 1 new)
ID: Ingestion:ValidationFailed
Location: BatchUploader.uploadSurvey (line 376)
Validation Details:
  Errors: 0
  Warnings: 1
  Details:
    - [WARNING] NUMCALF: NUMCALF (1) is more than half of NUMBER (1) - verify count (rows 64, EVENTNO=64)
--------------------------------------------------------------------------------

[29-Jun-2026 11:41:40] P197175
Type: Validation error
Error: Validation failed: 0 errors, 20 warnings (0 acknowledged, 20 new)
ID: Ingestion:ValidationFailed
Location: BatchUploader.uploadSurvey (line 376)
Validation Details:
  Errors: 0
  Warnings: 20
  Details:
    - [WARNING] NUMCALF: NUMCALF (1) is more than half of NUMBER (1) - verify count (rows 43, EVENTNO=42)
    - [WARNING] NUMCALF: NUMCALF (1) is more than half of NUMBER (1) - verify count (rows 85, EVENTNO=84)
    - [WARNING] NUMCALF: NUMCALF (1) is more than half of NUMBER (1) - verify count (rows 170, EVENTNO=169)
    - [WARNING] NUMCALF: NUMCALF (1) is more than half of NUMBER (1) - verify count (rows 171, EVENTNO=170)
    - [WARNING] NUMCALF: NUMCALF (1) is more than half of NUMBER (1) - verify count (rows 193, EVENTNO=192)
    - [WARNING] NUMCALF: NUMCALF (1) is more than half of NUMBER (1) - verify count (rows 207, EVENTNO=206)
    - [WARNING] NUMCALF: NUMCALF (1) is more than half of NUMBER (1) - verify count (rows 208, EVENTNO=207)
    - [WARNING] NUMCALF: NUMCALF (1) is more than half of NUMBER (1) - verify count (rows 209, EVENTNO=208)
    - [WARNING] NUMCALF: NUMCALF (1) is more than half of NUMBER (1) - verify count (rows 210, EVENTNO=209)
    - [WARNING] NUMCALF: NUMCALF (1) is more than half of NUMBER (1) - verify count (rows 211, EVENTNO=210)
    - [WARNING] NUMCALF: NUMCALF (1) is more than half of NUMBER (1) - verify count (rows 223, EVENTNO=222)
    - [WARNING] NUMCALF: NUMCALF (2) is more than half of NUMBER (2) - verify count (rows 225, EVENTNO=224)
    - [WARNING] NUMCALF: NUMCALF (1) is more than half of NUMBER (1) - verify count (rows 235, EVENTNO=234)
    - [WARNING] NUMCALF: NUMCALF (1) is more than half of NUMBER (1) - verify count (rows 242, EVENTNO=241)
    - [WARNING] NUMCALF: NUMCALF (1) is more than half of NUMBER (1) - verify count (rows 280, EVENTNO=279)
    - [WARNING] NUMCALF: NUMCALF (1) is more than half of NUMBER (1) - verify count (rows 281, EVENTNO=280)
    - [WARNING] NUMCALF: NUMCALF (1) is more than half of NUMBER (1) - verify count (rows 348, EVENTNO=346)
    - [WARNING] BEHAV: Calf-associated behavior(s) 40 recorded but no calf present (rows 11, EVENTNO=10)
    - [WARNING] BEHAV: Calf-associated behavior(s) 40 recorded but no calf present (rows 21, EVENTNO=20)
    - [WARNING] BEHAV: Calf-associated behavior(s) 40 recorded but no calf present (rows 573, EVENTNO=570)
--------------------------------------------------------------------------------

[29-Jun-2026 11:41:52] P197177
Type: Validation error
Error: Validation failed: 0 errors, 1 warnings (0 acknowledged, 1 new)
ID: Ingestion:ValidationFailed
Location: BatchUploader.uploadSurvey (line 376)
Validation Details:
  Errors: 0
  Warnings: 1
  Details:
    - [WARNING] NUMCALF: NUMCALF (1) is more than half of NUMBER (1) - verify count (rows 4219, EVENTNO=4217)
--------------------------------------------------------------------------------

[29-Jun-2026 11:41:53] P197193
Type: Validation error
Error: Validation failed: 0 errors, 1 warnings (0 acknowledged, 1 new)
ID: Ingestion:ValidationFailed
Location: BatchUploader.uploadSurvey (line 376)
Validation Details:
  Errors: 0
  Warnings: 1
  Details:
    - [WARNING] NUMCALF: NUMCALF (1) is more than half of NUMBER (1) - verify count (rows 46, EVENTNO=46)
--------------------------------------------------------------------------------

[29-Jun-2026 11:41:54] P197207
Type: Validation error
Error: Validation failed: 0 errors, 1 warnings (0 acknowledged, 1 new)
ID: Ingestion:ValidationFailed
Location: BatchUploader.uploadSurvey (line 376)
Validation Details:
  Errors: 0
  Warnings: 1
  Details:
    - [WARNING] NUMCALF: NUMCALF (1) is more than half of NUMBER (1) - verify count (rows 71, EVENTNO=70)
--------------------------------------------------------------------------------

[29-Jun-2026 11:41:54] P197214
Type: Validation error
Error: Validation failed: 0 errors, 7 warnings (0 acknowledged, 7 new)
ID: Ingestion:ValidationFailed
Location: BatchUploader.uploadSurvey (line 376)
Validation Details:
  Errors: 0
  Warnings: 7
  Details:
    - [WARNING] NUMCALF: NUMCALF (1) is more than half of NUMBER (1) - verify count (rows 46, EVENTNO=38)
    - [WARNING] NUMCALF: NUMCALF (1) is more than half of NUMBER (1) - verify count (rows 55, EVENTNO=46)
    - [WARNING] NUMCALF: NUMCALF (1) is more than half of NUMBER (1) - verify count (rows 67, EVENTNO=58)
    - [WARNING] NUMCALF: NUMCALF (1) is more than half of NUMBER (1) - verify count (rows 72, EVENTNO=63)
    - [WARNING] NUMCALF: NUMCALF (1) is more than half of NUMBER (1) - verify count (rows 104, EVENTNO=96)
    - [WARNING] NUMCALF: NUMCALF (1) is more than half of NUMBER (1) - verify count (rows 105, EVENTNO=97)
    - [WARNING] NUMCALF: NUMCALF (1) is more than half of NUMBER (1) - verify count (rows 116, EVENTNO=108)
--------------------------------------------------------------------------------

[29-Jun-2026 11:41:55] P197215
Type: Validation error
Error: Validation failed: 0 errors, 5 warnings (0 acknowledged, 5 new)
ID: Ingestion:ValidationFailed
Location: BatchUploader.uploadSurvey (line 376)
Validation Details:
  Errors: 0
  Warnings: 5
  Details:
    - [WARNING] NUMCALF: NUMCALF (1) is more than half of NUMBER (1) - verify count (rows 82, EVENTNO=75)
    - [WARNING] NUMCALF: NUMCALF (1) is more than half of NUMBER (1) - verify count (rows 95, EVENTNO=88)
    - [WARNING] NUMCALF: NUMCALF (1) is more than half of NUMBER (1) - verify count (rows 108, EVENTNO=101)
    - [WARNING] NUMCALF: NUMCALF (1) is more than half of NUMBER (1) - verify count (rows 112, EVENTNO=105)
    - [WARNING] BEHAV: Calf-associated behavior(s) 40 recorded but no calf present (rows 96, EVENTNO=89)
--------------------------------------------------------------------------------

[29-Jun-2026 11:41:55] P197216
Type: Validation error
Error: Validation failed: 0 errors, 9 warnings (0 acknowledged, 9 new)
ID: Ingestion:ValidationFailed
Location: BatchUploader.uploadSurvey (line 376)
Validation Details:
  Errors: 0
  Warnings: 9
  Details:
    - [WARNING] NUMCALF: NUMCALF (1) is more than half of NUMBER (1) - verify count (rows 54, EVENTNO=48)
    - [WARNING] NUMCALF: NUMCALF (1) is more than half of NUMBER (1) - verify count (rows 55, EVENTNO=49)
    - [WARNING] NUMCALF: NUMCALF (1) is more than half of NUMBER (1) - verify count (rows 63, EVENTNO=58)
    - [WARNING] NUMCALF: NUMCALF (1) is more than half of NUMBER (1) - verify count (rows 72, EVENTNO=67)
    - [WARNING] NUMCALF: NUMCALF (1) is more than half of NUMBER (1) - verify count (rows 74, EVENTNO=69)
    - [WARNING] NUMCALF: NUMCALF (1) is more than half of NUMBER (1) - verify count (rows 86, EVENTNO=81)
    - [WARNING] NUMCALF: NUMCALF (1) is more than half of NUMBER (1) - verify count (rows 115, EVENTNO=110)
    - [WARNING] NUMCALF: NUMCALF (1) is more than half of NUMBER (1) - verify count (rows 123, EVENTNO=118)
    - [WARNING] NUMCALF: NUMCALF (1) is more than half of NUMBER (1) - verify count (rows 124, EVENTNO=119)
--------------------------------------------------------------------------------

[29-Jun-2026 11:41:56] P197218
Type: Validation error
Error: Validation failed: 0 errors, 2 warnings (0 acknowledged, 2 new)
ID: Ingestion:ValidationFailed
Location: BatchUploader.uploadSurvey (line 376)
Validation Details:
  Errors: 0
  Warnings: 2
  Details:
    - [WARNING] NUMCALF: NUMCALF (1) is more than half of NUMBER (1) - verify count (rows 78, EVENTNO=70)
    - [WARNING] NUMCALF: NUMCALF (1) is more than half of NUMBER (1) - verify count (rows 112, EVENTNO=104)
--------------------------------------------------------------------------------

[29-Jun-2026 11:41:57] P197222
Type: Validation error
Error: Validation failed: 0 errors, 2 warnings (0 acknowledged, 2 new)
ID: Ingestion:ValidationFailed
Location: BatchUploader.uploadSurvey (line 376)
Validation Details:
  Errors: 0
  Warnings: 2
  Details:
    - [WARNING] NUMCALF: NUMCALF (1) is more than half of NUMBER (1) - verify count (rows 56, EVENTNO=44)
    - [WARNING] NUMCALF: NUMCALF (1) is more than half of NUMBER (1) - verify count (rows 62, EVENTNO=50)
--------------------------------------------------------------------------------

[29-Jun-2026 11:41:57] P197225
Type: Validation error
Error: Validation failed: 0 errors, 2 warnings (0 acknowledged, 2 new)
ID: Ingestion:ValidationFailed
Location: BatchUploader.uploadSurvey (line 376)
Validation Details:
  Errors: 0
  Warnings: 2
  Details:
    - [WARNING] NUMCALF: NUMCALF (1) is more than half of NUMBER (1) - verify count (rows 61, EVENTNO=55)
    - [WARNING] NUMCALF: NUMCALF (1) is more than half of NUMBER (1) - verify count (rows 81, EVENTNO=75)
--------------------------------------------------------------------------------

[29-Jun-2026 11:41:58] P197230
Type: Validation error
Error: Validation failed: 0 errors, 2 warnings (0 acknowledged, 2 new)
ID: Ingestion:ValidationFailed
Location: BatchUploader.uploadSurvey (line 376)
Validation Details:
  Errors: 0
  Warnings: 2
  Details:
    - [WARNING] NUMCALF: NUMCALF (1) is more than half of NUMBER (1) - verify count (rows 29, EVENTNO=23)
    - [WARNING] NUMCALF: NUMCALF (1) is more than half of NUMBER (1) - verify count (rows 34, EVENTNO=27)
--------------------------------------------------------------------------------

[29-Jun-2026 11:41:58] P197235
Type: Validation error
Error: Validation failed: 0 errors, 1 warnings (0 acknowledged, 1 new)
ID: Ingestion:ValidationFailed
Location: BatchUploader.uploadSurvey (line 376)
Validation Details:
  Errors: 0
  Warnings: 1
  Details:
    - [WARNING] NUMCALF: NUMCALF (1) is more than half of NUMBER (1) - verify count (rows 42, EVENTNO=41)
--------------------------------------------------------------------------------

[29-Jun-2026 11:41:59] P197237
Type: Validation error
Error: Validation failed: 0 errors, 3 warnings (0 acknowledged, 3 new)
ID: Ingestion:ValidationFailed
Location: BatchUploader.uploadSurvey (line 376)
Validation Details:
  Errors: 0
  Warnings: 3
  Details:
    - [WARNING] NUMCALF: NUMCALF (1) is more than half of NUMBER (1) - verify count (rows 47, EVENTNO=39)
    - [WARNING] NUMCALF: NUMCALF (1) is more than half of NUMBER (1) - verify count (rows 76, EVENTNO=67)
    - [WARNING] NUMCALF: NUMCALF (1) is more than half of NUMBER (1) - verify count (rows 78, EVENTNO=68)
--------------------------------------------------------------------------------

[29-Jun-2026 11:42:00] P197247
Type: Validation error
Error: Validation failed: 0 errors, 6 warnings (0 acknowledged, 6 new)
ID: Ingestion:ValidationFailed
Location: BatchUploader.uploadSurvey (line 376)
Validation Details:
  Errors: 0
  Warnings: 6
  Details:
    - [WARNING] NUMCALF: NUMCALF (1) is more than half of NUMBER (1) - verify count (rows 21, EVENTNO=20)
    - [WARNING] NUMCALF: NUMCALF (1) is more than half of NUMBER (1) - verify count (rows 24, EVENTNO=23)
    - [WARNING] NUMCALF: NUMCALF (1) is more than half of NUMBER (1) - verify count (rows 31, EVENTNO=30)
    - [WARNING] NUMCALF: NUMCALF (1) is more than half of NUMBER (1) - verify count (rows 66, EVENTNO=62)
    - [WARNING] NUMCALF: NUMCALF (1) is more than half of NUMBER (1) - verify count (rows 76, EVENTNO=72)
    - [WARNING] NUMCALF: NUMCALF (1) is more than half of NUMBER (1) - verify count (rows 77, EVENTNO=73)
--------------------------------------------------------------------------------

[29-Jun-2026 11:42:01] P197254
Type: Validation error
Error: Validation failed: 0 errors, 1 warnings (0 acknowledged, 1 new)
ID: Ingestion:ValidationFailed
Location: BatchUploader.uploadSurvey (line 376)
Validation Details:
  Errors: 0
  Warnings: 1
  Details:
    - [WARNING] NUMCALF: NUMCALF (1) is more than half of NUMBER (1) - verify count (rows 30, EVENTNO=25)
--------------------------------------------------------------------------------

[29-Jun-2026 11:42:01] P197262
Type: Validation error
Error: Validation failed: 0 errors, 1 warnings (0 acknowledged, 1 new)
ID: Ingestion:ValidationFailed
Location: BatchUploader.uploadSurvey (line 376)
Validation Details:
  Errors: 0
  Warnings: 1
  Details:
    - [WARNING] NUMCALF: NUMCALF (1) is more than half of NUMBER (1) - verify count (rows 35, EVENTNO=31)
--------------------------------------------------------------------------------

[29-Jun-2026 11:42:02] P279102
Type: Validation error
Error: Validation failed: 0 errors, 1 warnings (0 acknowledged, 1 new)
ID: Ingestion:ValidationFailed
Location: BatchUploader.uploadSurvey (line 376)
Validation Details:
  Errors: 0
  Warnings: 1
  Details:
    - [WARNING] BEHAV: Calf-associated behavior(s) 40 recorded but no calf present (rows 151, EVENTNO=1500)
--------------------------------------------------------------------------------

[29-Jun-2026 11:42:02] P279181
Type: Validation error
Error: Validation failed: 0 errors, 1 warnings (0 acknowledged, 1 new)
ID: Ingestion:ValidationFailed
Location: BatchUploader.uploadSurvey (line 376)
Validation Details:
  Errors: 0
  Warnings: 1
  Details:
    - [WARNING] BEHAV: Calf-associated behavior(s) 40 recorded but no calf present (rows 15, EVENTNO=150)
--------------------------------------------------------------------------------

[29-Jun-2026 11:42:03] P279182
Type: Validation error
Error: Validation failed: 0 errors, 1 warnings (0 acknowledged, 1 new)
ID: Ingestion:ValidationFailed
Location: BatchUploader.uploadSurvey (line 376)
Validation Details:
  Errors: 0
  Warnings: 1
  Details:
    - [WARNING] BEHAV: Calf-associated behavior(s) 40 recorded but no calf present (rows 175, EVENTNO=1680)
--------------------------------------------------------------------------------

[29-Jun-2026 11:42:03] P279195
Type: Validation error
Error: Validation failed: 0 errors, 1 warnings (0 acknowledged, 1 new)
ID: Ingestion:ValidationFailed
Location: BatchUploader.uploadSurvey (line 376)
Validation Details:
  Errors: 0
  Warnings: 1
  Details:
    - [WARNING] BEHAV: Calf-associated behavior(s) 40 recorded but no calf present (rows 14, EVENTNO=140)
--------------------------------------------------------------------------------

[29-Jun-2026 11:42:04] P279197
Type: Validation error
Error: Validation failed: 0 errors, 1 warnings (0 acknowledged, 1 new)
ID: Ingestion:ValidationFailed
Location: BatchUploader.uploadSurvey (line 376)
Validation Details:
  Errors: 0
  Warnings: 1
  Details:
    - [WARNING] BEHAV: Calf-associated behavior(s) 40 recorded but no calf present (rows 257, EVENTNO=2540)
--------------------------------------------------------------------------------

[29-Jun-2026 11:42:04] P279210
Type: Validation error
Error: Validation failed: 0 errors, 1 warnings (0 acknowledged, 1 new)
ID: Ingestion:ValidationFailed
Location: BatchUploader.uploadSurvey (line 376)
Validation Details:
  Errors: 0
  Warnings: 1
  Details:
    - [WARNING] NUMCALF: NUMCALF (1) is more than half of NUMBER (1) - verify count (rows 9, EVENTNO=90)
--------------------------------------------------------------------------------

[29-Jun-2026 11:42:05] P279233
Type: Validation error
Error: Validation failed: 0 errors, 3 warnings (0 acknowledged, 3 new)
ID: Ingestion:ValidationFailed
Location: BatchUploader.uploadSurvey (line 376)
Validation Details:
  Errors: 0
  Warnings: 3
  Details:
    - [WARNING] BEHAV: Calf-associated behavior(s) 40 recorded but no calf present (rows 5, EVENTNO=50)
    - [WARNING] BEHAV: Calf-associated behavior(s) 40 recorded but no calf present (rows 15, EVENTNO=150)
    - [WARNING] BEHAV: Calf-associated behavior(s) [42 40] recorded but no calf present (rows 19, EVENTNO=190)
--------------------------------------------------------------------------------

[29-Jun-2026 11:42:05] P279235
Type: Validation error
Error: Validation failed: 0 errors, 4 warnings (0 acknowledged, 4 new)
ID: Ingestion:ValidationFailed
Location: BatchUploader.uploadSurvey (line 376)
Validation Details:
  Errors: 0
  Warnings: 4
  Details:
    - [WARNING] BEHAV: Calf-associated behavior(s) 40 recorded but no calf present (rows 36, EVENTNO=360)
    - [WARNING] BEHAV: Calf-associated behavior(s) 40 recorded but no calf present (rows 140, EVENTNO=1400)
    - [WARNING] BEHAV: Calf-associated behavior(s) 40 recorded but no calf present (rows 142, EVENTNO=1420)
    - [WARNING] BEHAV: Calf-associated behavior(s) 40 recorded but no calf present (rows 146, EVENTNO=1460)
--------------------------------------------------------------------------------

[29-Jun-2026 11:42:06] P280268
Type: Validation error
Error: Validation failed: 0 errors, 1 warnings (0 acknowledged, 1 new)
ID: Ingestion:ValidationFailed
Location: BatchUploader.uploadSurvey (line 376)
Validation Details:
  Errors: 0
  Warnings: 1
  Details:
    - [WARNING] BEHAV: Calf-associated behavior(s) 40 recorded but no calf present (rows 30, EVENTNO=290)
--------------------------------------------------------------------------------

[29-Jun-2026 11:42:07] P288236
Type: Validation error
Error: Validation failed: 0 errors, 3 warnings (0 acknowledged, 3 new)
ID: Ingestion:ValidationFailed
Location: BatchUploader.uploadSurvey (line 376)
Validation Details:
  Errors: 0
  Warnings: 3
  Details:
    - [WARNING] NUMCALF: NUMCALF (1) is more than half of NUMBER (1) - verify count (rows 55, EVENTNO=54)
    - [WARNING] NUMCALF: NUMCALF (1) is more than half of NUMBER (1) - verify count (rows 56, EVENTNO=55)
    - [WARNING] NUMCALF: NUMCALF (1) is more than half of NUMBER (1) - verify count (rows 89, EVENTNO=88)
--------------------------------------------------------------------------------

[29-Jun-2026 11:42:07] P288244
Type: Validation error
Error: Validation failed: 0 errors, 1 warnings (0 acknowledged, 1 new)
ID: Ingestion:ValidationFailed
Location: BatchUploader.uploadSurvey (line 376)
Validation Details:
  Errors: 0
  Warnings: 1
  Details:
    - [WARNING] NUMCALF: NUMCALF (1) is more than half of NUMBER (1) - verify count (rows 31, EVENTNO=29)
--------------------------------------------------------------------------------

[29-Jun-2026 11:42:08] P290265
Type: Validation error
Error: Validation failed: 0 errors, 1 warnings (0 acknowledged, 1 new)
ID: Ingestion:ValidationFailed
Location: BatchUploader.uploadSurvey (line 376)
Validation Details:
  Errors: 0
  Warnings: 1
  Details:
    - [WARNING] NUMCALF: NUMCALF (1) is more than half of NUMBER (1) - verify count (rows 22, EVENTNO=22)
--------------------------------------------------------------------------------

[29-Jun-2026 11:42:09] P296252
Type: Validation error
Error: Validation failed: 0 errors, 1 warnings (0 acknowledged, 1 new)
ID: Ingestion:ValidationFailed
Location: BatchUploader.uploadSurvey (line 376)
Validation Details:
  Errors: 0
  Warnings: 1
  Details:
    - [WARNING] BEHAV: Calf-associated behavior(s) 40 recorded but no calf present (rows 13, EVENTNO=12)
--------------------------------------------------------------------------------

[29-Jun-2026 11:42:09] P297235
Type: Validation error
Error: Validation failed: 0 errors, 2 warnings (0 acknowledged, 2 new)
ID: Ingestion:ValidationFailed
Location: BatchUploader.uploadSurvey (line 376)
Validation Details:
  Errors: 0
  Warnings: 2
  Details:
    - [WARNING] NUMCALF: NUMCALF (1) is more than half of NUMBER (1) - verify count (rows 50, EVENTNO=47)
    - [WARNING] BEHAV: Calf-associated behavior(s) 40 recorded but no calf present (rows 14, EVENTNO=14)
--------------------------------------------------------------------------------

[29-Jun-2026 11:42:10] P398268
Type: Validation error
Error: Validation failed: 0 errors, 1 warnings (0 acknowledged, 1 new)
ID: Ingestion:ValidationFailed
Location: BatchUploader.uploadSurvey (line 376)
Validation Details:
  Errors: 0
  Warnings: 1
  Details:
    - [WARNING] BEHAV: Calf-associated behavior(s) 40 recorded but no calf present (rows 11, EVENTNO=10)
--------------------------------------------------------------------------------

[29-Jun-2026 11:42:10] P399232
Type: Validation error
Error: Validation failed: 0 errors, 1 warnings (0 acknowledged, 1 new)
ID: Ingestion:ValidationFailed
Location: BatchUploader.uploadSurvey (line 376)
Validation Details:
  Errors: 0
  Warnings: 1
  Details:
    - [WARNING] NUMCALF: NUMCALF (1) is more than half of NUMBER (1) - verify count (rows 60, EVENTNO=41)
--------------------------------------------------------------------------------

[29-Jun-2026 11:42:11] P98221M
Type: Validation error
Error: Validation failed: 0 errors, 1 warnings (0 acknowledged, 1 new)
ID: Ingestion:ValidationFailed
Location: BatchUploader.uploadSurvey (line 376)
Validation Details:
  Errors: 0
  Warnings: 1
  Details:
    - [WARNING] NUMBER: NUMBER=3000 exceeds threshold 2000 for SPECCODE=SADO (source: TAXCODE 3 default). Verify count. (rows 575, EVENTNO=575)
--------------------------------------------------------------------------------

[29-Jun-2026 11:42:13] P98710M
Type: Validation error
Error: Validation failed: 0 errors, 490 warnings (0 acknowledged, 490 new)
ID: Ingestion:ValidationFailed
Location: BatchUploader.uploadSurvey (line 376)
Validation Details:
  Errors: 0
  Warnings: 490
  Details:
    - [WARNING] LONG_DD: Longitude outside typical survey area [-85.0, -40.0] (rows 1, EVENTNO=1)
    - [WARNING] LONG_DD: Longitude outside typical survey area [-85.0, -40.0] (rows 2, EVENTNO=2)
    - [WARNING] LONG_DD: Longitude outside typical survey area [-85.0, -40.0] (rows 3, EVENTNO=3)
    - [WARNING] LONG_DD: Longitude outside typical survey area [-85.0, -40.0] (rows 4, EVENTNO=4)
    - [WARNING] LONG_DD: Longitude outside typical survey area [-85.0, -40.0] (rows 5, EVENTNO=5)
    - [WARNING] LONG_DD: Longitude outside typical survey area [-85.0, -40.0] (rows 6, EVENTNO=6)
    - [WARNING] LONG_DD: Longitude outside typical survey area [-85.0, -40.0] (rows 7, EVENTNO=7)
    - [WARNING] LONG_DD: Longitude outside typical survey area [-85.0, -40.0] (rows 8, EVENTNO=8)
    - [WARNING] LONG_DD: Longitude outside typical survey area [-85.0, -40.0] (rows 9, EVENTNO=9)
    - [WARNING] LONG_DD: Longitude outside typical survey area [-85.0, -40.0] (rows 10, EVENTNO=10)
    - [WARNING] LONG_DD: Longitude outside typical survey area [-85.0, -40.0] (rows 11, EVENTNO=11)
    - [WARNING] LONG_DD: Longitude outside typical survey area [-85.0, -40.0] (rows 12, EVENTNO=12)
    - [WARNING] LONG_DD: Longitude outside typical survey area [-85.0, -40.0] (rows 13, EVENTNO=13)
    - [WARNING] LONG_DD: Longitude outside typical survey area [-85.0, -40.0] (rows 14, EVENTNO=14)
    - [WARNING] LONG_DD: Longitude outside typical survey area [-85.0, -40.0] (rows 15, EVENTNO=15)
    - [WARNING] LONG_DD: Longitude outside typical survey area [-85.0, -40.0] (rows 16, EVENTNO=16)
    - [WARNING] LONG_DD: Longitude outside typical survey area [-85.0, -40.0] (rows 17, EVENTNO=17)
    - [WARNING] LONG_DD: Longitude outside typical survey area [-85.0, -40.0] (rows 18, EVENTNO=18)
    - [WARNING] LONG_DD: Longitude outside typical survey area [-85.0, -40.0] (rows 19, EVENTNO=19)
    - [WARNING] LONG_DD: Longitude outside typical survey area [-85.0, -40.0] (rows 20, EVENTNO=20)
    - [WARNING] LONG_DD: Longitude outside typical survey area [-85.0, -40.0] (rows 21, EVENTNO=21)
    - [WARNING] LONG_DD: Longitude outside typical survey area [-85.0, -40.0] (rows 22, EVENTNO=22)
    - [WARNING] LONG_DD: Longitude outside typical survey area [-85.0, -40.0] (rows 23, EVENTNO=23)
    - [WARNING] LONG_DD: Longitude outside typical survey area [-85.0, -40.0] (rows 24, EVENTNO=24)
    - [WARNING] LONG_DD: Longitude outside typical survey area [-85.0, -40.0] (rows 25, EVENTNO=25)
    - [WARNING] LONG_DD: Longitude outside typical survey area [-85.0, -40.0] (rows 26, EVENTNO=26)
    - [WARNING] LONG_DD: Longitude outside typical survey area [-85.0, -40.0] (rows 27, EVENTNO=27)
    - [WARNING] LONG_DD: Longitude outside typical survey area [-85.0, -40.0] (rows 28, EVENTNO=28)
    - [WARNING] LONG_DD: Longitude outside typical survey area [-85.0, -40.0] (rows 29, EVENTNO=29)
    - [WARNING] LONG_DD: Longitude outside typical survey area [-85.0, -40.0] (rows 30, EVENTNO=30)
    - [WARNING] LONG_DD: Longitude outside typical survey area [-85.0, -40.0] (rows 31, EVENTNO=31)
    - [WARNING] LONG_DD: Longitude outside typical survey area [-85.0, -40.0] (rows 32, EVENTNO=32)
    - [WARNING] LONG_DD: Longitude outside typical survey area [-85.0, -40.0] (rows 33, EVENTNO=33)
    - [WARNING] LONG_DD: Longitude outside typical survey area [-85.0, -40.0] (rows 34, EVENTNO=34)
    - [WARNING] LONG_DD: Longitude outside typical survey area [-85.0, -40.0] (rows 35, EVENTNO=35)
    - [WARNING] LONG_DD: Longitude outside typical survey area [-85.0, -40.0] (rows 36, EVENTNO=36)
    - [WARNING] LONG_DD: Longitude outside typical survey area [-85.0, -40.0] (rows 37, EVENTNO=37)
    - [WARNING] LONG_DD: Longitude outside typical survey area [-85.0, -40.0] (rows 38, EVENTNO=38)
    - [WARNING] LONG_DD: Longitude outside typical survey area [-85.0, -40.0] (rows 39, EVENTNO=39)
    - [WARNING] LONG_DD: Longitude outside typical survey area [-85.0, -40.0] (rows 40, EVENTNO=40)
    - [WARNING] LONG_DD: Longitude outside typical survey area [-85.0, -40.0] (rows 41, EVENTNO=41)
    - [WARNING] LONG_DD: Longitude outside typical survey area [-85.0, -40.0] (rows 42, EVENTNO=42)
    - [WARNING] LONG_DD: Longitude outside typical survey area [-85.0, -40.0] (rows 43, EVENTNO=43)
    - [WARNING] LONG_DD: Longitude outside typical survey area [-85.0, -40.0] (rows 44, EVENTNO=44)
    - [WARNING] LONG_DD: Longitude outside typical survey area [-85.0, -40.0] (rows 45, EVENTNO=45)
    - [WARNING] LONG_DD: Longitude outside typical survey area [-85.0, -40.0] (rows 46, EVENTNO=46)
    - [WARNING] LONG_DD: Longitude outside typical survey area [-85.0, -40.0] (rows 47, EVENTNO=47)
    - [WARNING] LONG_DD: Longitude outside typical survey area [-85.0, -40.0] (rows 48, EVENTNO=48)
    - [WARNING] LONG_DD: Longitude outside typical survey area [-85.0, -40.0] (rows 49, EVENTNO=49)
    - [WARNING] LONG_DD: Longitude outside typical survey area [-85.0, -40.0] (rows 50, EVENTNO=50)
    - [WARNING] LONG_DD: Longitude outside typical survey area [-85.0, -40.0] (rows 51, EVENTNO=51)
    - [WARNING] LONG_DD: Longitude outside typical survey area [-85.0, -40.0] (rows 52, EVENTNO=52)
    - [WARNING] LONG_DD: Longitude outside typical survey area [-85.0, -40.0] (rows 53, EVENTNO=53)
    - [WARNING] LONG_DD: Longitude outside typical survey area [-85.0, -40.0] (rows 54, EVENTNO=54)
    - [WARNING] LONG_DD: Longitude outside typical survey area [-85.0, -40.0] (rows 55, EVENTNO=55)
    - [WARNING] LONG_DD: Longitude outside typical survey area [-85.0, -40.0] (rows 56, EVENTNO=56)
    - [WARNING] LONG_DD: Longitude outside typical survey area [-85.0, -40.0] (rows 57, EVENTNO=57)
    - [WARNING] LONG_DD: Longitude outside typical survey area [-85.0, -40.0] (rows 58, EVENTNO=58)
    - [WARNING] LONG_DD: Longitude outside typical survey area [-85.0, -40.0] (rows 59, EVENTNO=59)
    - [WARNING] LONG_DD: Longitude outside typical survey area [-85.0, -40.0] (rows 60, EVENTNO=60)
    - [WARNING] LONG_DD: Longitude outside typical survey area [-85.0, -40.0] (rows 61, EVENTNO=61)
    - [WARNING] LONG_DD: Longitude outside typical survey area [-85.0, -40.0] (rows 62, EVENTNO=62)
    - [WARNING] LONG_DD: Longitude outside typical survey area [-85.0, -40.0] (rows 63, EVENTNO=63)
    - [WARNING] LONG_DD: Longitude outside typical survey area [-85.0, -40.0] (rows 64, EVENTNO=64)
    - [WARNING] LONG_DD: Longitude outside typical survey area [-85.0, -40.0] (rows 65, EVENTNO=65)
    - [WARNING] LONG_DD: Longitude outside typical survey area [-85.0, -40.0] (rows 66, EVENTNO=66)
    - [WARNING] LONG_DD: Longitude outside typical survey area [-85.0, -40.0] (rows 67, EVENTNO=67)
    - [WARNING] LONG_DD: Longitude outside typical survey area [-85.0, -40.0] (rows 68, EVENTNO=68)
    - [WARNING] LONG_DD: Longitude outside typical survey area [-85.0, -40.0] (rows 69, EVENTNO=69)
    - [WARNING] LONG_DD: Longitude outside typical survey area [-85.0, -40.0] (rows 70, EVENTNO=70)
    - [WARNING] LONG_DD: Longitude outside typical survey area [-85.0, -40.0] (rows 71, EVENTNO=71)
    - [WARNING] LONG_DD: Longitude outside typical survey area [-85.0, -40.0] (rows 72, EVENTNO=72)
    - [WARNING] LONG_DD: Longitude outside typical survey area [-85.0, -40.0] (rows 73, EVENTNO=73)
    - [WARNING] LONG_DD: Longitude outside typical survey area [-85.0, -40.0] (rows 74, EVENTNO=74)
    - [WARNING] LONG_DD: Longitude outside typical survey area [-85.0, -40.0] (rows 75, EVENTNO=75)
    - [WARNING] LONG_DD: Longitude outside typical survey area [-85.0, -40.0] (rows 76, EVENTNO=76)
    - [WARNING] LONG_DD: Longitude outside typical survey area [-85.0, -40.0] (rows 77, EVENTNO=77)
    - [WARNING] LONG_DD: Longitude outside typical survey area [-85.0, -40.0] (rows 78, EVENTNO=78)
    - [WARNING] LONG_DD: Longitude outside typical survey area [-85.0, -40.0] (rows 79, EVENTNO=79)
    - [WARNING] LONG_DD: Longitude outside typical survey area [-85.0, -40.0] (rows 80, EVENTNO=80)
    - [WARNING] LONG_DD: Longitude outside typical survey area [-85.0, -40.0] (rows 81, EVENTNO=81)
    - [WARNING] LONG_DD: Longitude outside typical survey area [-85.0, -40.0] (rows 82, EVENTNO=82)
    - [WARNING] LONG_DD: Longitude outside typical survey area [-85.0, -40.0] (rows 83, EVENTNO=83)
    - [WARNING] LONG_DD: Longitude outside typical survey area [-85.0, -40.0] (rows 84, EVENTNO=84)
    - [WARNING] LONG_DD: Longitude outside typical survey area [-85.0, -40.0] (rows 85, EVENTNO=85)
    - [WARNING] LONG_DD: Longitude outside typical survey area [-85.0, -40.0] (rows 86, EVENTNO=86)
    - [WARNING] LONG_DD: Longitude outside typical survey area [-85.0, -40.0] (rows 87, EVENTNO=87)
    - [WARNING] LONG_DD: Longitude outside typical survey area [-85.0, -40.0] (rows 88, EVENTNO=88)
    - [WARNING] LONG_DD: Longitude outside typical survey area [-85.0, -40.0] (rows 89, EVENTNO=89)
    - [WARNING] LONG_DD: Longitude outside typical survey area [-85.0, -40.0] (rows 90, EVENTNO=90)
    - [WARNING] LONG_DD: Longitude outside typical survey area [-85.0, -40.0] (rows 91, EVENTNO=91)
    - [WARNING] LONG_DD: Longitude outside typical survey area [-85.0, -40.0] (rows 92, EVENTNO=92)
    - [WARNING] LONG_DD: Longitude outside typical survey area [-85.0, -40.0] (rows 93, EVENTNO=93)
    - [WARNING] LONG_DD: Longitude outside typical survey area [-85.0, -40.0] (rows 94, EVENTNO=94)
    - [WARNING] LONG_DD: Longitude outside typical survey area [-85.0, -40.0] (rows 95, EVENTNO=95)
    - [WARNING] LONG_DD: Longitude outside typical survey area [-85.0, -40.0] (rows 96, EVENTNO=96)
    - [WARNING] LONG_DD: Longitude outside typical survey area [-85.0, -40.0] (rows 97, EVENTNO=97)
    - [WARNING] LONG_DD: Longitude outside typical survey area [-85.0, -40.0] (rows 98, EVENTNO=98)
    - [WARNING] LONG_DD: Longitude outside typical survey area [-85.0, -40.0] (rows 99, EVENTNO=99)
    - [WARNING] LONG_DD: Longitude outside typical survey area [-85.0, -40.0] (rows 100, EVENTNO=100)
    - [WARNING] LONG_DD: Longitude outside typical survey area [-85.0, -40.0] (rows 101, EVENTNO=101)
    - [WARNING] LONG_DD: Longitude outside typical survey area [-85.0, -40.0] (rows 102, EVENTNO=102)
    - [WARNING] LONG_DD: Longitude outside typical survey area [-85.0, -40.0] (rows 103, EVENTNO=103)
    - [WARNING] LONG_DD: Longitude outside typical survey area [-85.0, -40.0] (rows 104, EVENTNO=104)
    - [WARNING] LONG_DD: Longitude outside typical survey area [-85.0, -40.0] (rows 105, EVENTNO=105)
    - [WARNING] LONG_DD: Longitude outside typical survey area [-85.0, -40.0] (rows 106, EVENTNO=106)
    - [WARNING] LONG_DD: Longitude outside typical survey area [-85.0, -40.0] (rows 107, EVENTNO=107)
    - [WARNING] LONG_DD: Longitude outside typical survey area [-85.0, -40.0] (rows 108, EVENTNO=108)
    - [WARNING] LONG_DD: Longitude outside typical survey area [-85.0, -40.0] (rows 109, EVENTNO=109)
    - [WARNING] LONG_DD: Longitude outside typical survey area [-85.0, -40.0] (rows 110, EVENTNO=110)
    - [WARNING] LONG_DD: Longitude outside typical survey area [-85.0, -40.0] (rows 111, EVENTNO=111)
    - [WARNING] LONG_DD: Longitude outside typical survey area [-85.0, -40.0] (rows 112, EVENTNO=112)
    - [WARNING] LONG_DD: Longitude outside typical survey area [-85.0, -40.0] (rows 113, EVENTNO=113)
    - [WARNING] LONG_DD: Longitude outside typical survey area [-85.0, -40.0] (rows 114, EVENTNO=114)
    - [WARNING] LONG_DD: Longitude outside typical survey area [-85.0, -40.0] (rows 115, EVENTNO=115)
    - [WARNING] LONG_DD: Longitude outside typical survey area [-85.0, -40.0] (rows 116, EVENTNO=116)
    - [WARNING] LONG_DD: Longitude outside typical survey area [-85.0, -40.0] (rows 117, EVENTNO=117)
    - [WARNING] LONG_DD: Longitude outside typical survey area [-85.0, -40.0] (rows 118, EVENTNO=118)
    - [WARNING] LONG_DD: Longitude outside typical survey area [-85.0, -40.0] (rows 119, EVENTNO=119)
    - [WARNING] LONG_DD: Longitude outside typical survey area [-85.0, -40.0] (rows 120, EVENTNO=120)
    - [WARNING] LONG_DD: Longitude outside typical survey area [-85.0, -40.0] (rows 121, EVENTNO=121)
    - [WARNING] LONG_DD: Longitude outside typical survey area [-85.0, -40.0] (rows 122, EVENTNO=122)
    - [WARNING] LONG_DD: Longitude outside typical survey area [-85.0, -40.0] (rows 123, EVENTNO=123)
    - [WARNING] LONG_DD: Longitude outside typical survey area [-85.0, -40.0] (rows 124, EVENTNO=124)
    - [WARNING] LONG_DD: Longitude outside typical survey area [-85.0, -40.0] (rows 125, EVENTNO=125)
    - [WARNING] LONG_DD: Longitude outside typical survey area [-85.0, -40.0] (rows 126, EVENTNO=126)
    - [WARNING] LONG_DD: Longitude outside typical survey area [-85.0, -40.0] (rows 127, EVENTNO=127)
    - [WARNING] LONG_DD: Longitude outside typical survey area [-85.0, -40.0] (rows 128, EVENTNO=128)
    - [WARNING] LONG_DD: Longitude outside typical survey area [-85.0, -40.0] (rows 129, EVENTNO=129)
    - [WARNING] LONG_DD: Longitude outside typical survey area [-85.0, -40.0] (rows 130, EVENTNO=130)
    - [WARNING] LONG_DD: Longitude outside typical survey area [-85.0, -40.0] (rows 131, EVENTNO=131)
    - [WARNING] LONG_DD: Longitude outside typical survey area [-85.0, -40.0] (rows 132, EVENTNO=132)
    - [WARNING] LONG_DD: Longitude outside typical survey area [-85.0, -40.0] (rows 133, EVENTNO=133)
    - [WARNING] LONG_DD: Longitude outside typical survey area [-85.0, -40.0] (rows 134, EVENTNO=134)
    - [WARNING] LONG_DD: Longitude outside typical survey area [-85.0, -40.0] (rows 135, EVENTNO=135)
    - [WARNING] LONG_DD: Longitude outside typical survey area [-85.0, -40.0] (rows 136, EVENTNO=136)
    - [WARNING] LONG_DD: Longitude outside typical survey area [-85.0, -40.0] (rows 137, EVENTNO=137)
    - [WARNING] LONG_DD: Longitude outside typical survey area [-85.0, -40.0] (rows 138, EVENTNO=138)
    - [WARNING] LONG_DD: Longitude outside typical survey area [-85.0, -40.0] (rows 139, EVENTNO=139)
    - [WARNING] LONG_DD: Longitude outside typical survey area [-85.0, -40.0] (rows 140, EVENTNO=140)
    - [WARNING] LONG_DD: Longitude outside typical survey area [-85.0, -40.0] (rows 141, EVENTNO=141)
    - [WARNING] LONG_DD: Longitude outside typical survey area [-85.0, -40.0] (rows 142, EVENTNO=142)
    - [WARNING] LONG_DD: Longitude outside typical survey area [-85.0, -40.0] (rows 143, EVENTNO=143)
    - [WARNING] LONG_DD: Longitude outside typical survey area [-85.0, -40.0] (rows 144, EVENTNO=144)
    - [WARNING] LONG_DD: Longitude outside typical survey area [-85.0, -40.0] (rows 145, EVENTNO=145)
    - [WARNING] LONG_DD: Longitude outside typical survey area [-85.0, -40.0] (rows 146, EVENTNO=146)
    - [WARNING] LONG_DD: Longitude outside typical survey area [-85.0, -40.0] (rows 147, EVENTNO=147)
    - [WARNING] LONG_DD: Longitude outside typical survey area [-85.0, -40.0] (rows 148, EVENTNO=148)
    - [WARNING] LONG_DD: Longitude outside typical survey area [-85.0, -40.0] (rows 149, EVENTNO=149)
    - [WARNING] LONG_DD: Longitude outside typical survey area [-85.0, -40.0] (rows 150, EVENTNO=150)
    - [WARNING] LONG_DD: Longitude outside typical survey area [-85.0, -40.0] (rows 151, EVENTNO=151)
    - [WARNING] LONG_DD: Longitude outside typical survey area [-85.0, -40.0] (rows 152, EVENTNO=152)
    - [WARNING] LONG_DD: Longitude outside typical survey area [-85.0, -40.0] (rows 153, EVENTNO=153)
    - [WARNING] LONG_DD: Longitude outside typical survey area [-85.0, -40.0] (rows 154, EVENTNO=154)
    - [WARNING] LONG_DD: Longitude outside typical survey area [-85.0, -40.0] (rows 155, EVENTNO=155)
    - [WARNING] LONG_DD: Longitude outside typical survey area [-85.0, -40.0] (rows 156, EVENTNO=156)
    - [WARNING] LONG_DD: Longitude outside typical survey area [-85.0, -40.0] (rows 157, EVENTNO=157)
    - [WARNING] LONG_DD: Longitude outside typical survey area [-85.0, -40.0] (rows 158, EVENTNO=158)
    - [WARNING] LONG_DD: Longitude outside typical survey area [-85.0, -40.0] (rows 159, EVENTNO=159)
    - [WARNING] LONG_DD: Longitude outside typical survey area [-85.0, -40.0] (rows 160, EVENTNO=160)
    - [WARNING] LONG_DD: Longitude outside typical survey area [-85.0, -40.0] (rows 161, EVENTNO=161)
    - [WARNING] LONG_DD: Longitude outside typical survey area [-85.0, -40.0] (rows 162, EVENTNO=162)
    - [WARNING] LONG_DD: Longitude outside typical survey area [-85.0, -40.0] (rows 163, EVENTNO=163)
    - [WARNING] LONG_DD: Longitude outside typical survey area [-85.0, -40.0] (rows 164, EVENTNO=164)
    - [WARNING] LONG_DD: Longitude outside typical survey area [-85.0, -40.0] (rows 165, EVENTNO=165)
    - [WARNING] LONG_DD: Longitude outside typical survey area [-85.0, -40.0] (rows 166, EVENTNO=166)
    - [WARNING] LONG_DD: Longitude outside typical survey area [-85.0, -40.0] (rows 167, EVENTNO=167)
    - [WARNING] LONG_DD: Longitude outside typical survey area [-85.0, -40.0] (rows 168, EVENTNO=168)
    - [WARNING] LONG_DD: Longitude outside typical survey area [-85.0, -40.0] (rows 169, EVENTNO=169)
    - [WARNING] LONG_DD: Longitude outside typical survey area [-85.0, -40.0] (rows 170, EVENTNO=170)
    - [WARNING] LONG_DD: Longitude outside typical survey area [-85.0, -40.0] (rows 171, EVENTNO=171)
    - [WARNING] LONG_DD: Longitude outside typical survey area [-85.0, -40.0] (rows 172, EVENTNO=172)
    - [WARNING] LONG_DD: Longitude outside typical survey area [-85.0, -40.0] (rows 173, EVENTNO=173)
    - [WARNING] LONG_DD: Longitude outside typical survey area [-85.0, -40.0] (rows 174, EVENTNO=174)
    - [WARNING] LONG_DD: Longitude outside typical survey area [-85.0, -40.0] (rows 175, EVENTNO=175)
    - [WARNING] LONG_DD: Longitude outside typical survey area [-85.0, -40.0] (rows 176, EVENTNO=176)
    - [WARNING] LONG_DD: Longitude outside typical survey area [-85.0, -40.0] (rows 177, EVENTNO=177)
    - [WARNING] LONG_DD: Longitude outside typical survey area [-85.0, -40.0] (rows 178, EVENTNO=178)
    - [WARNING] LONG_DD: Longitude outside typical survey area [-85.0, -40.0] (rows 179, EVENTNO=179)
    - [WARNING] LONG_DD: Longitude outside typical survey area [-85.0, -40.0] (rows 180, EVENTNO=180)
    - [WARNING] LONG_DD: Longitude outside typical survey area [-85.0, -40.0] (rows 181, EVENTNO=181)
    - [WARNING] LONG_DD: Longitude outside typical survey area [-85.0, -40.0] (rows 182, EVENTNO=182)
    - [WARNING] LONG_DD: Longitude outside typical survey area [-85.0, -40.0] (rows 183, EVENTNO=183)
    - [WARNING] LONG_DD: Longitude outside typical survey area [-85.0, -40.0] (rows 184, EVENTNO=184)
    - [WARNING] LONG_DD: Longitude outside typical survey area [-85.0, -40.0] (rows 185, EVENTNO=185)
    - [WARNING] LONG_DD: Longitude outside typical survey area [-85.0, -40.0] (rows 186, EVENTNO=186)
    - [WARNING] LONG_DD: Longitude outside typical survey area [-85.0, -40.0] (rows 187, EVENTNO=187)
    - [WARNING] LONG_DD: Longitude outside typical survey area [-85.0, -40.0] (rows 188, EVENTNO=188)
    - [WARNING] LONG_DD: Longitude outside typical survey area [-85.0, -40.0] (rows 189, EVENTNO=189)
    - [WARNING] LONG_DD: Longitude outside typical survey area [-85.0, -40.0] (rows 190, EVENTNO=190)
    - [WARNING] LONG_DD: Longitude outside typical survey area [-85.0, -40.0] (rows 191, EVENTNO=191)
    - [WARNING] LONG_DD: Longitude outside typical survey area [-85.0, -40.0] (rows 192, EVENTNO=192)
    - [WARNING] LONG_DD: Longitude outside typical survey area [-85.0, -40.0] (rows 193, EVENTNO=193)
    - [WARNING] LONG_DD: Longitude outside typical survey area [-85.0, -40.0] (rows 194, EVENTNO=194)
    - [WARNING] LONG_DD: Longitude outside typical survey area [-85.0, -40.0] (rows 195, EVENTNO=195)
    - [WARNING] LONG_DD: Longitude outside typical survey area [-85.0, -40.0] (rows 196, EVENTNO=196)
    - [WARNING] LONG_DD: Longitude outside typical survey area [-85.0, -40.0] (rows 197, EVENTNO=197)
    - [WARNING] LONG_DD: Longitude outside typical survey area [-85.0, -40.0] (rows 198, EVENTNO=198)
    - [WARNING] LONG_DD: Longitude outside typical survey area [-85.0, -40.0] (rows 199, EVENTNO=199)
    - [WARNING] LONG_DD: Longitude outside typical survey area [-85.0, -40.0] (rows 200, EVENTNO=200)
    - [WARNING] LONG_DD: Longitude outside typical survey area [-85.0, -40.0] (rows 201, EVENTNO=201)
    - [WARNING] LONG_DD: Longitude outside typical survey area [-85.0, -40.0] (rows 202, EVENTNO=202)
    - [WARNING] LONG_DD: Longitude outside typical survey area [-85.0, -40.0] (rows 203, EVENTNO=203)
    - [WARNING] LONG_DD: Longitude outside typical survey area [-85.0, -40.0] (rows 204, EVENTNO=204)
    - [WARNING] LONG_DD: Longitude outside typical survey area [-85.0, -40.0] (rows 205, EVENTNO=205)
    - [WARNING] LONG_DD: Longitude outside typical survey area [-85.0, -40.0] (rows 206, EVENTNO=206)
    - [WARNING] LONG_DD: Longitude outside typical survey area [-85.0, -40.0] (rows 207, EVENTNO=207)
    - [WARNING] LONG_DD: Longitude outside typical survey area [-85.0, -40.0] (rows 208, EVENTNO=208)
    - [WARNING] LONG_DD: Longitude outside typical survey area [-85.0, -40.0] (rows 209, EVENTNO=209)
    - [WARNING] LONG_DD: Longitude outside typical survey area [-85.0, -40.0] (rows 210, EVENTNO=210)
    - [WARNING] LONG_DD: Longitude outside typical survey area [-85.0, -40.0] (rows 211, EVENTNO=211)
    - [WARNING] LONG_DD: Longitude outside typical survey area [-85.0, -40.0] (rows 212, EVENTNO=212)
    - [WARNING] LONG_DD: Longitude outside typical survey area [-85.0, -40.0] (rows 213, EVENTNO=213)
    - [WARNING] LONG_DD: Longitude outside typical survey area [-85.0, -40.0] (rows 214, EVENTNO=214)
    - [WARNING] LONG_DD: Longitude outside typical survey area [-85.0, -40.0] (rows 215, EVENTNO=215)
    - [WARNING] LONG_DD: Longitude outside typical survey area [-85.0, -40.0] (rows 216, EVENTNO=216)
    - [WARNING] LONG_DD: Longitude outside typical survey area [-85.0, -40.0] (rows 217, EVENTNO=217)
    - [WARNING] LONG_DD: Longitude outside typical survey area [-85.0, -40.0] (rows 218, EVENTNO=218)
    - [WARNING] LONG_DD: Longitude outside typical survey area [-85.0, -40.0] (rows 219, EVENTNO=219)
    - [WARNING] LONG_DD: Longitude outside typical survey area [-85.0, -40.0] (rows 220, EVENTNO=220)
    - [WARNING] LONG_DD: Longitude outside typical survey area [-85.0, -40.0] (rows 221, EVENTNO=221)
    - [WARNING] LONG_DD: Longitude outside typical survey area [-85.0, -40.0] (rows 222, EVENTNO=222)
    - [WARNING] LONG_DD: Longitude outside typical survey area [-85.0, -40.0] (rows 223, EVENTNO=223)
    - [WARNING] LONG_DD: Longitude outside typical survey area [-85.0, -40.0] (rows 224, EVENTNO=224)
    - [WARNING] LONG_DD: Longitude outside typical survey area [-85.0, -40.0] (rows 225, EVENTNO=225)
    - [WARNING] LONG_DD: Longitude outside typical survey area [-85.0, -40.0] (rows 226, EVENTNO=226)
    - [WARNING] LONG_DD: Longitude outside typical survey area [-85.0, -40.0] (rows 227, EVENTNO=227)
    - [WARNING] LONG_DD: Longitude outside typical survey area [-85.0, -40.0] (rows 228, EVENTNO=228)
    - [WARNING] LONG_DD: Longitude outside typical survey area [-85.0, -40.0] (rows 229, EVENTNO=229)
    - [WARNING] LONG_DD: Longitude outside typical survey area [-85.0, -40.0] (rows 230, EVENTNO=230)
    - [WARNING] LONG_DD: Longitude outside typical survey area [-85.0, -40.0] (rows 231, EVENTNO=231)
    - [WARNING] LONG_DD: Longitude outside typical survey area [-85.0, -40.0] (rows 232, EVENTNO=232)
    - [WARNING] LONG_DD: Longitude outside typical survey area [-85.0, -40.0] (rows 233, EVENTNO=233)
    - [WARNING] LONG_DD: Longitude outside typical survey area [-85.0, -40.0] (rows 234, EVENTNO=234)
    - [WARNING] LONG_DD: Longitude outside typical survey area [-85.0, -40.0] (rows 235, EVENTNO=235)
    - [WARNING] LONG_DD: Longitude outside typical survey area [-85.0, -40.0] (rows 236, EVENTNO=236)
    - [WARNING] LONG_DD: Longitude outside typical survey area [-85.0, -40.0] (rows 237, EVENTNO=237)
    - [WARNING] LONG_DD: Longitude outside typical survey area [-85.0, -40.0] (rows 238, EVENTNO=238)
    - [WARNING] LONG_DD: Longitude outside typical survey area [-85.0, -40.0] (rows 239, EVENTNO=239)
    - [WARNING] LONG_DD: Longitude outside typical survey area [-85.0, -40.0] (rows 240, EVENTNO=240)
    - [WARNING] LONG_DD: Longitude outside typical survey area [-85.0, -40.0] (rows 241, EVENTNO=241)
    - [WARNING] LONG_DD: Longitude outside typical survey area [-85.0, -40.0] (rows 242, EVENTNO=242)
    - [WARNING] LONG_DD: Longitude outside typical survey area [-85.0, -40.0] (rows 243, EVENTNO=243)
    - [WARNING] LONG_DD: Longitude outside typical survey area [-85.0, -40.0] (rows 244, EVENTNO=244)
    - [WARNING] LONG_DD: Longitude outside typical survey area [-85.0, -40.0] (rows 245, EVENTNO=245)
    - [WARNING] LONG_DD: Longitude outside typical survey area [-85.0, -40.0] (rows 246, EVENTNO=246)
    - [WARNING] LONG_DD: Longitude outside typical survey area [-85.0, -40.0] (rows 247, EVENTNO=247)
    - [WARNING] LONG_DD: Longitude outside typical survey area [-85.0, -40.0] (rows 248, EVENTNO=248)
    - [WARNING] LONG_DD: Longitude outside typical survey area [-85.0, -40.0] (rows 249, EVENTNO=249)
    - [WARNING] LONG_DD: Longitude outside typical survey area [-85.0, -40.0] (rows 250, EVENTNO=250)
    - [WARNING] LONG_DD: Longitude outside typical survey area [-85.0, -40.0] (rows 251, EVENTNO=251)
    - [WARNING] LONG_DD: Longitude outside typical survey area [-85.0, -40.0] (rows 252, EVENTNO=252)
    - [WARNING] LONG_DD: Longitude outside typical survey area [-85.0, -40.0] (rows 253, EVENTNO=253)
    - [WARNING] LONG_DD: Longitude outside typical survey area [-85.0, -40.0] (rows 254, EVENTNO=254)
    - [WARNING] LONG_DD: Longitude outside typical survey area [-85.0, -40.0] (rows 255, EVENTNO=255)
    - [WARNING] LONG_DD: Longitude outside typical survey area [-85.0, -40.0] (rows 256, EVENTNO=256)
    - [WARNING] LONG_DD: Longitude outside typical survey area [-85.0, -40.0] (rows 257, EVENTNO=257)
    - [WARNING] LONG_DD: Longitude outside typical survey area [-85.0, -40.0] (rows 258, EVENTNO=258)
    - [WARNING] LONG_DD: Longitude outside typical survey area [-85.0, -40.0] (rows 259, EVENTNO=259)
    - [WARNING] LONG_DD: Longitude outside typical survey area [-85.0, -40.0] (rows 260, EVENTNO=260)
    - [WARNING] LONG_DD: Longitude outside typical survey area [-85.0, -40.0] (rows 261, EVENTNO=261)
    - [WARNING] LONG_DD: Longitude outside typical survey area [-85.0, -40.0] (rows 262, EVENTNO=262)
    - [WARNING] LONG_DD: Longitude outside typical survey area [-85.0, -40.0] (rows 263, EVENTNO=263)
    - [WARNING] LONG_DD: Longitude outside typical survey area [-85.0, -40.0] (rows 264, EVENTNO=264)
    - [WARNING] LONG_DD: Longitude outside typical survey area [-85.0, -40.0] (rows 265, EVENTNO=265)
    - [WARNING] LONG_DD: Longitude outside typical survey area [-85.0, -40.0] (rows 266, EVENTNO=266)
    - [WARNING] LONG_DD: Longitude outside typical survey area [-85.0, -40.0] (rows 267, EVENTNO=267)
    - [WARNING] LONG_DD: Longitude outside typical survey area [-85.0, -40.0] (rows 268, EVENTNO=268)
    - [WARNING] LONG_DD: Longitude outside typical survey area [-85.0, -40.0] (rows 269, EVENTNO=269)
    - [WARNING] LONG_DD: Longitude outside typical survey area [-85.0, -40.0] (rows 270, EVENTNO=270)
    - [WARNING] LONG_DD: Longitude outside typical survey area [-85.0, -40.0] (rows 271, EVENTNO=271)
    - [WARNING] LONG_DD: Longitude outside typical survey area [-85.0, -40.0] (rows 272, EVENTNO=272)
    - [WARNING] LONG_DD: Longitude outside typical survey area [-85.0, -40.0] (rows 273, EVENTNO=273)
    - [WARNING] LONG_DD: Longitude outside typical survey area [-85.0, -40.0] (rows 274, EVENTNO=274)
    - [WARNING] LONG_DD: Longitude outside typical survey area [-85.0, -40.0] (rows 275, EVENTNO=275)
    - [WARNING] LONG_DD: Longitude outside typical survey area [-85.0, -40.0] (rows 276, EVENTNO=276)
    - [WARNING] LONG_DD: Longitude outside typical survey area [-85.0, -40.0] (rows 277, EVENTNO=277)
    - [WARNING] LONG_DD: Longitude outside typical survey area [-85.0, -40.0] (rows 278, EVENTNO=278)
    - [WARNING] LONG_DD: Longitude outside typical survey area [-85.0, -40.0] (rows 279, EVENTNO=279)
    - [WARNING] LONG_DD: Longitude outside typical survey area [-85.0, -40.0] (rows 280, EVENTNO=280)
    - [WARNING] LONG_DD: Longitude outside typical survey area [-85.0, -40.0] (rows 281, EVENTNO=281)
    - [WARNING] LONG_DD: Longitude outside typical survey area [-85.0, -40.0] (rows 282, EVENTNO=282)
    - [WARNING] LONG_DD: Longitude outside typical survey area [-85.0, -40.0] (rows 283, EVENTNO=283)
    - [WARNING] LONG_DD: Longitude outside typical survey area [-85.0, -40.0] (rows 284, EVENTNO=284)
    - [WARNING] LONG_DD: Longitude outside typical survey area [-85.0, -40.0] (rows 285, EVENTNO=285)
    - [WARNING] LONG_DD: Longitude outside typical survey area [-85.0, -40.0] (rows 286, EVENTNO=286)
    - [WARNING] LONG_DD: Longitude outside typical survey area [-85.0, -40.0] (rows 287, EVENTNO=287)
    - [WARNING] LONG_DD: Longitude outside typical survey area [-85.0, -40.0] (rows 288, EVENTNO=288)
    - [WARNING] LONG_DD: Longitude outside typical survey area [-85.0, -40.0] (rows 289, EVENTNO=289)
    - [WARNING] LONG_DD: Longitude outside typical survey area [-85.0, -40.0] (rows 290, EVENTNO=290)
    - [WARNING] LONG_DD: Longitude outside typical survey area [-85.0, -40.0] (rows 291, EVENTNO=291)
    - [WARNING] LONG_DD: Longitude outside typical survey area [-85.0, -40.0] (rows 292, EVENTNO=292)
    - [WARNING] LONG_DD: Longitude outside typical survey area [-85.0, -40.0] (rows 293, EVENTNO=293)
    - [WARNING] LONG_DD: Longitude outside typical survey area [-85.0, -40.0] (rows 294, EVENTNO=294)
    - [WARNING] LONG_DD: Longitude outside typical survey area [-85.0, -40.0] (rows 295, EVENTNO=295)
    - [WARNING] LONG_DD: Longitude outside typical survey area [-85.0, -40.0] (rows 296, EVENTNO=296)
    - [WARNING] LONG_DD: Longitude outside typical survey area [-85.0, -40.0] (rows 297, EVENTNO=297)
    - [WARNING] LONG_DD: Longitude outside typical survey area [-85.0, -40.0] (rows 298, EVENTNO=298)
    - [WARNING] LONG_DD: Longitude outside typical survey area [-85.0, -40.0] (rows 299, EVENTNO=299)
    - [WARNING] LONG_DD: Longitude outside typical survey area [-85.0, -40.0] (rows 300, EVENTNO=300)
    - [WARNING] LONG_DD: Longitude outside typical survey area [-85.0, -40.0] (rows 301, EVENTNO=301)
    - [WARNING] LONG_DD: Longitude outside typical survey area [-85.0, -40.0] (rows 302, EVENTNO=302)
    - [WARNING] LONG_DD: Longitude outside typical survey area [-85.0, -40.0] (rows 303, EVENTNO=303)
    - [WARNING] LONG_DD: Longitude outside typical survey area [-85.0, -40.0] (rows 304, EVENTNO=304)
    - [WARNING] LONG_DD: Longitude outside typical survey area [-85.0, -40.0] (rows 305, EVENTNO=305)
    - [WARNING] LONG_DD: Longitude outside typical survey area [-85.0, -40.0] (rows 306, EVENTNO=306)
    - [WARNING] LONG_DD: Longitude outside typical survey area [-85.0, -40.0] (rows 307, EVENTNO=307)
    - [WARNING] LONG_DD: Longitude outside typical survey area [-85.0, -40.0] (rows 308, EVENTNO=308)
    - [WARNING] LONG_DD: Longitude outside typical survey area [-85.0, -40.0] (rows 309, EVENTNO=309)
    - [WARNING] LONG_DD: Longitude outside typical survey area [-85.0, -40.0] (rows 310, EVENTNO=310)
    - [WARNING] LONG_DD: Longitude outside typical survey area [-85.0, -40.0] (rows 311, EVENTNO=311)
    - [WARNING] LONG_DD: Longitude outside typical survey area [-85.0, -40.0] (rows 312, EVENTNO=312)
    - [WARNING] LONG_DD: Longitude outside typical survey area [-85.0, -40.0] (rows 313, EVENTNO=313)
    - [WARNING] LONG_DD: Longitude outside typical survey area [-85.0, -40.0] (rows 314, EVENTNO=314)
    - [WARNING] LONG_DD: Longitude outside typical survey area [-85.0, -40.0] (rows 315, EVENTNO=315)
    - [WARNING] LONG_DD: Longitude outside typical survey area [-85.0, -40.0] (rows 316, EVENTNO=316)
    - [WARNING] LONG_DD: Longitude outside typical survey area [-85.0, -40.0] (rows 317, EVENTNO=317)
    - [WARNING] LONG_DD: Longitude outside typical survey area [-85.0, -40.0] (rows 318, EVENTNO=318)
    - [WARNING] LONG_DD: Longitude outside typical survey area [-85.0, -40.0] (rows 319, EVENTNO=319)
    - [WARNING] LONG_DD: Longitude outside typical survey area [-85.0, -40.0] (rows 320, EVENTNO=320)
    - [WARNING] LONG_DD: Longitude outside typical survey area [-85.0, -40.0] (rows 321, EVENTNO=321)
    - [WARNING] LONG_DD: Longitude outside typical survey area [-85.0, -40.0] (rows 322, EVENTNO=322)
    - [WARNING] LONG_DD: Longitude outside typical survey area [-85.0, -40.0] (rows 323, EVENTNO=323)
    - [WARNING] LONG_DD: Longitude outside typical survey area [-85.0, -40.0] (rows 324, EVENTNO=324)
    - [WARNING] LONG_DD: Longitude outside typical survey area [-85.0, -40.0] (rows 325, EVENTNO=325)
    - [WARNING] LONG_DD: Longitude outside typical survey area [-85.0, -40.0] (rows 326, EVENTNO=326)
    - [WARNING] LONG_DD: Longitude outside typical survey area [-85.0, -40.0] (rows 327, EVENTNO=327)
    - [WARNING] LONG_DD: Longitude outside typical survey area [-85.0, -40.0] (rows 328, EVENTNO=328)
    - [WARNING] LONG_DD: Longitude outside typical survey area [-85.0, -40.0] (rows 329, EVENTNO=329)
    - [WARNING] LONG_DD: Longitude outside typical survey area [-85.0, -40.0] (rows 330, EVENTNO=330)
    - [WARNING] LONG_DD: Longitude outside typical survey area [-85.0, -40.0] (rows 331, EVENTNO=331)
    - [WARNING] LONG_DD: Longitude outside typical survey area [-85.0, -40.0] (rows 332, EVENTNO=332)
    - [WARNING] LONG_DD: Longitude outside typical survey area [-85.0, -40.0] (rows 333, EVENTNO=333)
    - [WARNING] LONG_DD: Longitude outside typical survey area [-85.0, -40.0] (rows 334, EVENTNO=334)
    - [WARNING] LONG_DD: Longitude outside typical survey area [-85.0, -40.0] (rows 335, EVENTNO=335)
    - [WARNING] LONG_DD: Longitude outside typical survey area [-85.0, -40.0] (rows 336, EVENTNO=336)
    - [WARNING] LONG_DD: Longitude outside typical survey area [-85.0, -40.0] (rows 337, EVENTNO=337)
    - [WARNING] LONG_DD: Longitude outside typical survey area [-85.0, -40.0] (rows 338, EVENTNO=338)
    - [WARNING] LONG_DD: Longitude outside typical survey area [-85.0, -40.0] (rows 339, EVENTNO=339)
    - [WARNING] LONG_DD: Longitude outside typical survey area [-85.0, -40.0] (rows 340, EVENTNO=340)
    - [WARNING] LONG_DD: Longitude outside typical survey area [-85.0, -40.0] (rows 341, EVENTNO=341)
    - [WARNING] LONG_DD: Longitude outside typical survey area [-85.0, -40.0] (rows 342, EVENTNO=342)
    - [WARNING] LONG_DD: Longitude outside typical survey area [-85.0, -40.0] (rows 343, EVENTNO=343)
    - [WARNING] LONG_DD: Longitude outside typical survey area [-85.0, -40.0] (rows 344, EVENTNO=344)
    - [WARNING] LONG_DD: Longitude outside typical survey area [-85.0, -40.0] (rows 345, EVENTNO=345)
    - [WARNING] LONG_DD: Longitude outside typical survey area [-85.0, -40.0] (rows 346, EVENTNO=346)
    - [WARNING] LONG_DD: Longitude outside typical survey area [-85.0, -40.0] (rows 347, EVENTNO=347)
    - [WARNING] LONG_DD: Longitude outside typical survey area [-85.0, -40.0] (rows 348, EVENTNO=348)
    - [WARNING] LONG_DD: Longitude outside typical survey area [-85.0, -40.0] (rows 349, EVENTNO=349)
    - [WARNING] LONG_DD: Longitude outside typical survey area [-85.0, -40.0] (rows 350, EVENTNO=350)
    - [WARNING] LONG_DD: Longitude outside typical survey area [-85.0, -40.0] (rows 351, EVENTNO=351)
    - [WARNING] LONG_DD: Longitude outside typical survey area [-85.0, -40.0] (rows 352, EVENTNO=352)
    - [WARNING] LONG_DD: Longitude outside typical survey area [-85.0, -40.0] (rows 353, EVENTNO=353)
    - [WARNING] LONG_DD: Longitude outside typical survey area [-85.0, -40.0] (rows 354, EVENTNO=354)
    - [WARNING] LONG_DD: Longitude outside typical survey area [-85.0, -40.0] (rows 355, EVENTNO=355)
    - [WARNING] LONG_DD: Longitude outside typical survey area [-85.0, -40.0] (rows 356, EVENTNO=356)
    - [WARNING] LONG_DD: Longitude outside typical survey area [-85.0, -40.0] (rows 357, EVENTNO=357)
    - [WARNING] LONG_DD: Longitude outside typical survey area [-85.0, -40.0] (rows 358, EVENTNO=358)
    - [WARNING] LONG_DD: Longitude outside typical survey area [-85.0, -40.0] (rows 359, EVENTNO=359)
    - [WARNING] LONG_DD: Longitude outside typical survey area [-85.0, -40.0] (rows 360, EVENTNO=360)
    - [WARNING] LONG_DD: Longitude outside typical survey area [-85.0, -40.0] (rows 361, EVENTNO=361)
    - [WARNING] LONG_DD: Longitude outside typical survey area [-85.0, -40.0] (rows 362, EVENTNO=362)
    - [WARNING] LONG_DD: Longitude outside typical survey area [-85.0, -40.0] (rows 363, EVENTNO=363)
    - [WARNING] LONG_DD: Longitude outside typical survey area [-85.0, -40.0] (rows 364, EVENTNO=364)
    - [WARNING] LONG_DD: Longitude outside typical survey area [-85.0, -40.0] (rows 365, EVENTNO=365)
    - [WARNING] LONG_DD: Longitude outside typical survey area [-85.0, -40.0] (rows 366, EVENTNO=366)
    - [WARNING] LONG_DD: Longitude outside typical survey area [-85.0, -40.0] (rows 367, EVENTNO=367)
    - [WARNING] LONG_DD: Longitude outside typical survey area [-85.0, -40.0] (rows 368, EVENTNO=368)
    - [WARNING] LONG_DD: Longitude outside typical survey area [-85.0, -40.0] (rows 369, EVENTNO=369)
    - [WARNING] LONG_DD: Longitude outside typical survey area [-85.0, -40.0] (rows 370, EVENTNO=370)
    - [WARNING] LONG_DD: Longitude outside typical survey area [-85.0, -40.0] (rows 371, EVENTNO=371)
    - [WARNING] LONG_DD: Longitude outside typical survey area [-85.0, -40.0] (rows 372, EVENTNO=372)
    - [WARNING] LONG_DD: Longitude outside typical survey area [-85.0, -40.0] (rows 373, EVENTNO=373)
    - [WARNING] LONG_DD: Longitude outside typical survey area [-85.0, -40.0] (rows 374, EVENTNO=374)
    - [WARNING] LONG_DD: Longitude outside typical survey area [-85.0, -40.0] (rows 375, EVENTNO=375)
    - [WARNING] LONG_DD: Longitude outside typical survey area [-85.0, -40.0] (rows 376, EVENTNO=376)
    - [WARNING] LONG_DD: Longitude outside typical survey area [-85.0, -40.0] (rows 377, EVENTNO=377)
    - [WARNING] LONG_DD: Longitude outside typical survey area [-85.0, -40.0] (rows 378, EVENTNO=378)
    - [WARNING] LONG_DD: Longitude outside typical survey area [-85.0, -40.0] (rows 379, EVENTNO=379)
    - [WARNING] LONG_DD: Longitude outside typical survey area [-85.0, -40.0] (rows 380, EVENTNO=380)
    - [WARNING] LONG_DD: Longitude outside typical survey area [-85.0, -40.0] (rows 381, EVENTNO=381)
    - [WARNING] LONG_DD: Longitude outside typical survey area [-85.0, -40.0] (rows 382, EVENTNO=382)
    - [WARNING] LONG_DD: Longitude outside typical survey area [-85.0, -40.0] (rows 383, EVENTNO=383)
    - [WARNING] LONG_DD: Longitude outside typical survey area [-85.0, -40.0] (rows 384, EVENTNO=384)
    - [WARNING] LONG_DD: Longitude outside typical survey area [-85.0, -40.0] (rows 385, EVENTNO=385)
    - [WARNING] LONG_DD: Longitude outside typical survey area [-85.0, -40.0] (rows 386, EVENTNO=386)
    - [WARNING] LONG_DD: Longitude outside typical survey area [-85.0, -40.0] (rows 387, EVENTNO=387)
    - [WARNING] LONG_DD: Longitude outside typical survey area [-85.0, -40.0] (rows 388, EVENTNO=388)
    - [WARNING] LONG_DD: Longitude outside typical survey area [-85.0, -40.0] (rows 389, EVENTNO=389)
    - [WARNING] LONG_DD: Longitude outside typical survey area [-85.0, -40.0] (rows 390, EVENTNO=390)
    - [WARNING] LONG_DD: Longitude outside typical survey area [-85.0, -40.0] (rows 391, EVENTNO=391)
    - [WARNING] LONG_DD: Longitude outside typical survey area [-85.0, -40.0] (rows 392, EVENTNO=392)
    - [WARNING] LONG_DD: Longitude outside typical survey area [-85.0, -40.0] (rows 393, EVENTNO=393)
    - [WARNING] LONG_DD: Longitude outside typical survey area [-85.0, -40.0] (rows 394, EVENTNO=394)
    - [WARNING] LONG_DD: Longitude outside typical survey area [-85.0, -40.0] (rows 395, EVENTNO=395)
    - [WARNING] LONG_DD: Longitude outside typical survey area [-85.0, -40.0] (rows 396, EVENTNO=396)
    - [WARNING] LONG_DD: Longitude outside typical survey area [-85.0, -40.0] (rows 397, EVENTNO=397)
    - [WARNING] LONG_DD: Longitude outside typical survey area [-85.0, -40.0] (rows 398, EVENTNO=398)
    - [WARNING] LONG_DD: Longitude outside typical survey area [-85.0, -40.0] (rows 399, EVENTNO=399)
    - [WARNING] LONG_DD: Longitude outside typical survey area [-85.0, -40.0] (rows 400, EVENTNO=400)
    - [WARNING] LONG_DD: Longitude outside typical survey area [-85.0, -40.0] (rows 401, EVENTNO=401)
    - [WARNING] LONG_DD: Longitude outside typical survey area [-85.0, -40.0] (rows 402, EVENTNO=402)
    - [WARNING] LONG_DD: Longitude outside typical survey area [-85.0, -40.0] (rows 403, EVENTNO=403)
    - [WARNING] LONG_DD: Longitude outside typical survey area [-85.0, -40.0] (rows 404, EVENTNO=404)
    - [WARNING] LONG_DD: Longitude outside typical survey area [-85.0, -40.0] (rows 405, EVENTNO=405)
    - [WARNING] LONG_DD: Longitude outside typical survey area [-85.0, -40.0] (rows 406, EVENTNO=406)
    - [WARNING] LONG_DD: Longitude outside typical survey area [-85.0, -40.0] (rows 407, EVENTNO=407)
    - [WARNING] LONG_DD: Longitude outside typical survey area [-85.0, -40.0] (rows 408, EVENTNO=408)
    - [WARNING] LONG_DD: Longitude outside typical survey area [-85.0, -40.0] (rows 409, EVENTNO=409)
    - [WARNING] LONG_DD: Longitude outside typical survey area [-85.0, -40.0] (rows 410, EVENTNO=410)
    - [WARNING] LONG_DD: Longitude outside typical survey area [-85.0, -40.0] (rows 411, EVENTNO=411)
    - [WARNING] LONG_DD: Longitude outside typical survey area [-85.0, -40.0] (rows 412, EVENTNO=412)
    - [WARNING] LONG_DD: Longitude outside typical survey area [-85.0, -40.0] (rows 413, EVENTNO=413)
    - [WARNING] LONG_DD: Longitude outside typical survey area [-85.0, -40.0] (rows 414, EVENTNO=414)
    - [WARNING] LONG_DD: Longitude outside typical survey area [-85.0, -40.0] (rows 415, EVENTNO=415)
    - [WARNING] LONG_DD: Longitude outside typical survey area [-85.0, -40.0] (rows 416, EVENTNO=416)
    - [WARNING] LONG_DD: Longitude outside typical survey area [-85.0, -40.0] (rows 417, EVENTNO=417)
    - [WARNING] LONG_DD: Longitude outside typical survey area [-85.0, -40.0] (rows 418, EVENTNO=418)
    - [WARNING] LONG_DD: Longitude outside typical survey area [-85.0, -40.0] (rows 419, EVENTNO=419)
    - [WARNING] LONG_DD: Longitude outside typical survey area [-85.0, -40.0] (rows 420, EVENTNO=420)
    - [WARNING] LONG_DD: Longitude outside typical survey area [-85.0, -40.0] (rows 421, EVENTNO=421)
    - [WARNING] LONG_DD: Longitude outside typical survey area [-85.0, -40.0] (rows 422, EVENTNO=422)
    - [WARNING] LONG_DD: Longitude outside typical survey area [-85.0, -40.0] (rows 423, EVENTNO=423)
    - [WARNING] LONG_DD: Longitude outside typical survey area [-85.0, -40.0] (rows 424, EVENTNO=424)
    - [WARNING] LONG_DD: Longitude outside typical survey area [-85.0, -40.0] (rows 425, EVENTNO=425)
    - [WARNING] LONG_DD: Longitude outside typical survey area [-85.0, -40.0] (rows 426, EVENTNO=426)
    - [WARNING] LONG_DD: Longitude outside typical survey area [-85.0, -40.0] (rows 427, EVENTNO=427)
    - [WARNING] LONG_DD: Longitude outside typical survey area [-85.0, -40.0] (rows 428, EVENTNO=428)
    - [WARNING] LONG_DD: Longitude outside typical survey area [-85.0, -40.0] (rows 429, EVENTNO=429)
    - [WARNING] LONG_DD: Longitude outside typical survey area [-85.0, -40.0] (rows 430, EVENTNO=430)
    - [WARNING] LONG_DD: Longitude outside typical survey area [-85.0, -40.0] (rows 431, EVENTNO=431)
    - [WARNING] LONG_DD: Longitude outside typical survey area [-85.0, -40.0] (rows 432, EVENTNO=432)
    - [WARNING] LONG_DD: Longitude outside typical survey area [-85.0, -40.0] (rows 433, EVENTNO=433)
    - [WARNING] LONG_DD: Longitude outside typical survey area [-85.0, -40.0] (rows 434, EVENTNO=434)
    - [WARNING] LONG_DD: Longitude outside typical survey area [-85.0, -40.0] (rows 435, EVENTNO=435)
    - [WARNING] LONG_DD: Longitude outside typical survey area [-85.0, -40.0] (rows 436, EVENTNO=436)
    - [WARNING] LONG_DD: Longitude outside typical survey area [-85.0, -40.0] (rows 437, EVENTNO=437)
    - [WARNING] LONG_DD: Longitude outside typical survey area [-85.0, -40.0] (rows 438, EVENTNO=438)
    - [WARNING] LONG_DD: Longitude outside typical survey area [-85.0, -40.0] (rows 439, EVENTNO=439)
    - [WARNING] LONG_DD: Longitude outside typical survey area [-85.0, -40.0] (rows 440, EVENTNO=440)
    - [WARNING] LONG_DD: Longitude outside typical survey area [-85.0, -40.0] (rows 441, EVENTNO=441)
    - [WARNING] LONG_DD: Longitude outside typical survey area [-85.0, -40.0] (rows 442, EVENTNO=442)
    - [WARNING] LONG_DD: Longitude outside typical survey area [-85.0, -40.0] (rows 443, EVENTNO=443)
    - [WARNING] LONG_DD: Longitude outside typical survey area [-85.0, -40.0] (rows 444, EVENTNO=444)
    - [WARNING] LONG_DD: Longitude outside typical survey area [-85.0, -40.0] (rows 445, EVENTNO=445)
    - [WARNING] LONG_DD: Longitude outside typical survey area [-85.0, -40.0] (rows 446, EVENTNO=446)
    - [WARNING] LONG_DD: Longitude outside typical survey area [-85.0, -40.0] (rows 447, EVENTNO=447)
    - [WARNING] LONG_DD: Longitude outside typical survey area [-85.0, -40.0] (rows 448, EVENTNO=448)
    - [WARNING] LONG_DD: Longitude outside typical survey area [-85.0, -40.0] (rows 449, EVENTNO=449)
    - [WARNING] LONG_DD: Longitude outside typical survey area [-85.0, -40.0] (rows 450, EVENTNO=450)
    - [WARNING] LONG_DD: Longitude outside typical survey area [-85.0, -40.0] (rows 451, EVENTNO=451)
    - [WARNING] LONG_DD: Longitude outside typical survey area [-85.0, -40.0] (rows 452, EVENTNO=452)
    - [WARNING] LONG_DD: Longitude outside typical survey area [-85.0, -40.0] (rows 453, EVENTNO=453)
    - [WARNING] LONG_DD: Longitude outside typical survey area [-85.0, -40.0] (rows 454, EVENTNO=454)
    - [WARNING] LONG_DD: Longitude outside typical survey area [-85.0, -40.0] (rows 455, EVENTNO=455)
    - [WARNING] LONG_DD: Longitude outside typical survey area [-85.0, -40.0] (rows 456, EVENTNO=456)
    - [WARNING] LONG_DD: Longitude outside typical survey area [-85.0, -40.0] (rows 457, EVENTNO=457)
    - [WARNING] LONG_DD: Longitude outside typical survey area [-85.0, -40.0] (rows 458, EVENTNO=458)
    - [WARNING] LONG_DD: Longitude outside typical survey area [-85.0, -40.0] (rows 459, EVENTNO=459)
    - [WARNING] LONG_DD: Longitude outside typical survey area [-85.0, -40.0] (rows 460, EVENTNO=460)
    - [WARNING] LONG_DD: Longitude outside typical survey area [-85.0, -40.0] (rows 461, EVENTNO=461)
    - [WARNING] LONG_DD: Longitude outside typical survey area [-85.0, -40.0] (rows 462, EVENTNO=462)
    - [WARNING] LONG_DD: Longitude outside typical survey area [-85.0, -40.0] (rows 463, EVENTNO=463)
    - [WARNING] LONG_DD: Longitude outside typical survey area [-85.0, -40.0] (rows 464, EVENTNO=464)
    - [WARNING] LONG_DD: Longitude outside typical survey area [-85.0, -40.0] (rows 465, EVENTNO=465)
    - [WARNING] LONG_DD: Longitude outside typical survey area [-85.0, -40.0] (rows 466, EVENTNO=466)
    - [WARNING] LONG_DD: Longitude outside typical survey area [-85.0, -40.0] (rows 467, EVENTNO=467)
    - [WARNING] LONG_DD: Longitude outside typical survey area [-85.0, -40.0] (rows 468, EVENTNO=468)
    - [WARNING] LONG_DD: Longitude outside typical survey area [-85.0, -40.0] (rows 469, EVENTNO=469)
    - [WARNING] LONG_DD: Longitude outside typical survey area [-85.0, -40.0] (rows 470, EVENTNO=470)
    - [WARNING] LONG_DD: Longitude outside typical survey area [-85.0, -40.0] (rows 471, EVENTNO=471)
    - [WARNING] LONG_DD: Longitude outside typical survey area [-85.0, -40.0] (rows 472, EVENTNO=472)
    - [WARNING] LONG_DD: Longitude outside typical survey area [-85.0, -40.0] (rows 473, EVENTNO=473)
    - [WARNING] LONG_DD: Longitude outside typical survey area [-85.0, -40.0] (rows 474, EVENTNO=474)
    - [WARNING] LONG_DD: Longitude outside typical survey area [-85.0, -40.0] (rows 475, EVENTNO=475)
    - [WARNING] LONG_DD: Longitude outside typical survey area [-85.0, -40.0] (rows 476, EVENTNO=476)
    - [WARNING] LONG_DD: Longitude outside typical survey area [-85.0, -40.0] (rows 477, EVENTNO=477)
    - [WARNING] LONG_DD: Longitude outside typical survey area [-85.0, -40.0] (rows 478, EVENTNO=478)
    - [WARNING] LONG_DD: Longitude outside typical survey area [-85.0, -40.0] (rows 479, EVENTNO=479)
    - [WARNING] LONG_DD: Longitude outside typical survey area [-85.0, -40.0] (rows 480, EVENTNO=480)
    - [WARNING] LONG_DD: Longitude outside typical survey area [-85.0, -40.0] (rows 481, EVENTNO=481)
    - [WARNING] LONG_DD: Longitude outside typical survey area [-85.0, -40.0] (rows 482, EVENTNO=482)
    - [WARNING] LONG_DD: Longitude outside typical survey area [-85.0, -40.0] (rows 483, EVENTNO=483)
    - [WARNING] LONG_DD: Longitude outside typical survey area [-85.0, -40.0] (rows 484, EVENTNO=484)
    - [WARNING] LONG_DD: Longitude outside typical survey area [-85.0, -40.0] (rows 485, EVENTNO=485)
    - [WARNING] LONG_DD: Longitude outside typical survey area [-85.0, -40.0] (rows 486, EVENTNO=486)
    - [WARNING] LONG_DD: Longitude outside typical survey area [-85.0, -40.0] (rows 487, EVENTNO=487)
    - [WARNING] LONG_DD: Longitude outside typical survey area [-85.0, -40.0] (rows 488, EVENTNO=488)
    - [WARNING] LONG_DD: Longitude outside typical survey area [-85.0, -40.0] (rows 489, EVENTNO=489)
    - [WARNING] LONG_DD: Longitude outside typical survey area [-85.0, -40.0] (rows 490, EVENTNO=490)
--------------------------------------------------------------------------------

[29-Jun-2026 11:42:16] P992004G
Type: Validation error
Error: Validation failed: 0 errors, 525 warnings (0 acknowledged, 525 new)
ID: Ingestion:ValidationFailed
Location: BatchUploader.uploadSurvey (line 376)
Validation Details:
  Errors: 0
  Warnings: 525
  Details:
    - [WARNING] LAT_DD: Latitude outside typical survey area [20.0, 55.0] (rows 6807, EVENTNO=6825)
    - [WARNING] LAT_DD: Latitude outside typical survey area [20.0, 55.0] (rows 6808, EVENTNO=6826)
    - [WARNING] LONG_DD: Longitude outside typical survey area [-85.0, -40.0] (rows 1, EVENTNO=1)
    - [WARNING] LONG_DD: Longitude outside typical survey area [-85.0, -40.0] (rows 2, EVENTNO=2)
    - [WARNING] LONG_DD: Longitude outside typical survey area [-85.0, -40.0] (rows 3, EVENTNO=3)
    - [WARNING] LONG_DD: Longitude outside typical survey area [-85.0, -40.0] (rows 4, EVENTNO=4)
    - [WARNING] LONG_DD: Longitude outside typical survey area [-85.0, -40.0] (rows 5, EVENTNO=5)
    - [WARNING] LONG_DD: Longitude outside typical survey area [-85.0, -40.0] (rows 6, EVENTNO=6)
    - [WARNING] LONG_DD: Longitude outside typical survey area [-85.0, -40.0] (rows 7, EVENTNO=7)
    - [WARNING] LONG_DD: Longitude outside typical survey area [-85.0, -40.0] (rows 8, EVENTNO=8)
    - [WARNING] LONG_DD: Longitude outside typical survey area [-85.0, -40.0] (rows 9, EVENTNO=9)
    - [WARNING] LONG_DD: Longitude outside typical survey area [-85.0, -40.0] (rows 10, EVENTNO=10)
    - [WARNING] LONG_DD: Longitude outside typical survey area [-85.0, -40.0] (rows 11, EVENTNO=11)
    - [WARNING] LONG_DD: Longitude outside typical survey area [-85.0, -40.0] (rows 12, EVENTNO=12)
    - [WARNING] LONG_DD: Longitude outside typical survey area [-85.0, -40.0] (rows 13, EVENTNO=13)
    - [WARNING] LONG_DD: Longitude outside typical survey area [-85.0, -40.0] (rows 14, EVENTNO=14)
    - [WARNING] LONG_DD: Longitude outside typical survey area [-85.0, -40.0] (rows 15, EVENTNO=15)
    - [WARNING] LONG_DD: Longitude outside typical survey area [-85.0, -40.0] (rows 16, EVENTNO=16)
    - [WARNING] LONG_DD: Longitude outside typical survey area [-85.0, -40.0] (rows 17, EVENTNO=17)
    - [WARNING] LONG_DD: Longitude outside typical survey area [-85.0, -40.0] (rows 18, EVENTNO=18)
    - [WARNING] LONG_DD: Longitude outside typical survey area [-85.0, -40.0] (rows 19, EVENTNO=19)
    - [WARNING] LONG_DD: Longitude outside typical survey area [-85.0, -40.0] (rows 20, EVENTNO=20)
    - [WARNING] LONG_DD: Longitude outside typical survey area [-85.0, -40.0] (rows 21, EVENTNO=21)
    - [WARNING] LONG_DD: Longitude outside typical survey area [-85.0, -40.0] (rows 22, EVENTNO=22)
    - [WARNING] LONG_DD: Longitude outside typical survey area [-85.0, -40.0] (rows 23, EVENTNO=23)
    - [WARNING] LONG_DD: Longitude outside typical survey area [-85.0, -40.0] (rows 24, EVENTNO=24)
    - [WARNING] LONG_DD: Longitude outside typical survey area [-85.0, -40.0] (rows 25, EVENTNO=25)
    - [WARNING] LONG_DD: Longitude outside typical survey area [-85.0, -40.0] (rows 26, EVENTNO=26)
    - [WARNING] LONG_DD: Longitude outside typical survey area [-85.0, -40.0] (rows 27, EVENTNO=27)
    - [WARNING] LONG_DD: Longitude outside typical survey area [-85.0, -40.0] (rows 28, EVENTNO=28)
    - [WARNING] LONG_DD: Longitude outside typical survey area [-85.0, -40.0] (rows 29, EVENTNO=29)
    - [WARNING] LONG_DD: Longitude outside typical survey area [-85.0, -40.0] (rows 30, EVENTNO=30)
    - [WARNING] LONG_DD: Longitude outside typical survey area [-85.0, -40.0] (rows 31, EVENTNO=31)
    - [WARNING] LONG_DD: Longitude outside typical survey area [-85.0, -40.0] (rows 32, EVENTNO=32)
    - [WARNING] LONG_DD: Longitude outside typical survey area [-85.0, -40.0] (rows 33, EVENTNO=33)
    - [WARNING] LONG_DD: Longitude outside typical survey area [-85.0, -40.0] (rows 34, EVENTNO=34)
    - [WARNING] LONG_DD: Longitude outside typical survey area [-85.0, -40.0] (rows 35, EVENTNO=35)
    - [WARNING] LONG_DD: Longitude outside typical survey area [-85.0, -40.0] (rows 36, EVENTNO=36)
    - [WARNING] LONG_DD: Longitude outside typical survey area [-85.0, -40.0] (rows 37, EVENTNO=37)
    - [WARNING] LONG_DD: Longitude outside typical survey area [-85.0, -40.0] (rows 38, EVENTNO=38)
    - [WARNING] LONG_DD: Longitude outside typical survey area [-85.0, -40.0] (rows 39, EVENTNO=39)
    - [WARNING] LONG_DD: Longitude outside typical survey area [-85.0, -40.0] (rows 40, EVENTNO=40)
    - [WARNING] LONG_DD: Longitude outside typical survey area [-85.0, -40.0] (rows 41, EVENTNO=41)
    - [WARNING] LONG_DD: Longitude outside typical survey area [-85.0, -40.0] (rows 42, EVENTNO=42)
    - [WARNING] LONG_DD: Longitude outside typical survey area [-85.0, -40.0] (rows 43, EVENTNO=43)
    - [WARNING] LONG_DD: Longitude outside typical survey area [-85.0, -40.0] (rows 44, EVENTNO=44)
    - [WARNING] LONG_DD: Longitude outside typical survey area [-85.0, -40.0] (rows 45, EVENTNO=45)
    - [WARNING] LONG_DD: Longitude outside typical survey area [-85.0, -40.0] (rows 46, EVENTNO=46)
    - [WARNING] LONG_DD: Longitude outside typical survey area [-85.0, -40.0] (rows 47, EVENTNO=47)
    - [WARNING] LONG_DD: Longitude outside typical survey area [-85.0, -40.0] (rows 48, EVENTNO=48)
    - [WARNING] LONG_DD: Longitude outside typical survey area [-85.0, -40.0] (rows 49, EVENTNO=49)
    - [WARNING] LONG_DD: Longitude outside typical survey area [-85.0, -40.0] (rows 50, EVENTNO=50)
    - [WARNING] LONG_DD: Longitude outside typical survey area [-85.0, -40.0] (rows 51, EVENTNO=51)
    - [WARNING] LONG_DD: Longitude outside typical survey area [-85.0, -40.0] (rows 52, EVENTNO=52)
    - [WARNING] LONG_DD: Longitude outside typical survey area [-85.0, -40.0] (rows 53, EVENTNO=53)
    - [WARNING] LONG_DD: Longitude outside typical survey area [-85.0, -40.0] (rows 54, EVENTNO=54)
    - [WARNING] LONG_DD: Longitude outside typical survey area [-85.0, -40.0] (rows 55, EVENTNO=55)
    - [WARNING] LONG_DD: Longitude outside typical survey area [-85.0, -40.0] (rows 56, EVENTNO=56)
    - [WARNING] LONG_DD: Longitude outside typical survey area [-85.0, -40.0] (rows 57, EVENTNO=57)
    - [WARNING] LONG_DD: Longitude outside typical survey area [-85.0, -40.0] (rows 58, EVENTNO=58)
    - [WARNING] LONG_DD: Longitude outside typical survey area [-85.0, -40.0] (rows 59, EVENTNO=59)
    - [WARNING] LONG_DD: Longitude outside typical survey area [-85.0, -40.0] (rows 60, EVENTNO=60)
    - [WARNING] LONG_DD: Longitude outside typical survey area [-85.0, -40.0] (rows 61, EVENTNO=61)
    - [WARNING] LONG_DD: Longitude outside typical survey area [-85.0, -40.0] (rows 62, EVENTNO=62)
    - [WARNING] LONG_DD: Longitude outside typical survey area [-85.0, -40.0] (rows 63, EVENTNO=63)
    - [WARNING] LONG_DD: Longitude outside typical survey area [-85.0, -40.0] (rows 64, EVENTNO=64)
    - [WARNING] LONG_DD: Longitude outside typical survey area [-85.0, -40.0] (rows 65, EVENTNO=65)
    - [WARNING] LONG_DD: Longitude outside typical survey area [-85.0, -40.0] (rows 66, EVENTNO=66)
    - [WARNING] LONG_DD: Longitude outside typical survey area [-85.0, -40.0] (rows 67, EVENTNO=67)
    - [WARNING] LONG_DD: Longitude outside typical survey area [-85.0, -40.0] (rows 68, EVENTNO=68)
    - [WARNING] LONG_DD: Longitude outside typical survey area [-85.0, -40.0] (rows 69, EVENTNO=69)
    - [WARNING] LONG_DD: Longitude outside typical survey area [-85.0, -40.0] (rows 70, EVENTNO=70)
    - [WARNING] LONG_DD: Longitude outside typical survey area [-85.0, -40.0] (rows 71, EVENTNO=71)
    - [WARNING] LONG_DD: Longitude outside typical survey area [-85.0, -40.0] (rows 72, EVENTNO=72)
    - [WARNING] LONG_DD: Longitude outside typical survey area [-85.0, -40.0] (rows 73, EVENTNO=73)
    - [WARNING] LONG_DD: Longitude outside typical survey area [-85.0, -40.0] (rows 74, EVENTNO=74)
    - [WARNING] LONG_DD: Longitude outside typical survey area [-85.0, -40.0] (rows 75, EVENTNO=75)
    - [WARNING] LONG_DD: Longitude outside typical survey area [-85.0, -40.0] (rows 76, EVENTNO=76)
    - [WARNING] LONG_DD: Longitude outside typical survey area [-85.0, -40.0] (rows 77, EVENTNO=77)
    - [WARNING] LONG_DD: Longitude outside typical survey area [-85.0, -40.0] (rows 78, EVENTNO=78)
    - [WARNING] LONG_DD: Longitude outside typical survey area [-85.0, -40.0] (rows 79, EVENTNO=79)
    - [WARNING] LONG_DD: Longitude outside typical survey area [-85.0, -40.0] (rows 80, EVENTNO=80)
    - [WARNING] LONG_DD: Longitude outside typical survey area [-85.0, -40.0] (rows 81, EVENTNO=81)
    - [WARNING] LONG_DD: Longitude outside typical survey area [-85.0, -40.0] (rows 82, EVENTNO=82)
    - [WARNING] LONG_DD: Longitude outside typical survey area [-85.0, -40.0] (rows 83, EVENTNO=83)
    - [WARNING] LONG_DD: Longitude outside typical survey area [-85.0, -40.0] (rows 84, EVENTNO=84)
    - [WARNING] LONG_DD: Longitude outside typical survey area [-85.0, -40.0] (rows 85, EVENTNO=85)
    - [WARNING] LONG_DD: Longitude outside typical survey area [-85.0, -40.0] (rows 86, EVENTNO=86)
    - [WARNING] LONG_DD: Longitude outside typical survey area [-85.0, -40.0] (rows 87, EVENTNO=87)
    - [WARNING] LONG_DD: Longitude outside typical survey area [-85.0, -40.0] (rows 88, EVENTNO=88)
    - [WARNING] LONG_DD: Longitude outside typical survey area [-85.0, -40.0] (rows 89, EVENTNO=89)
    - [WARNING] LONG_DD: Longitude outside typical survey area [-85.0, -40.0] (rows 90, EVENTNO=90)
    - [WARNING] LONG_DD: Longitude outside typical survey area [-85.0, -40.0] (rows 91, EVENTNO=91)
    - [WARNING] LONG_DD: Longitude outside typical survey area [-85.0, -40.0] (rows 92, EVENTNO=92)
    - [WARNING] LONG_DD: Longitude outside typical survey area [-85.0, -40.0] (rows 93, EVENTNO=93)
    - [WARNING] LONG_DD: Longitude outside typical survey area [-85.0, -40.0] (rows 94, EVENTNO=94)
    - [WARNING] LONG_DD: Longitude outside typical survey area [-85.0, -40.0] (rows 95, EVENTNO=95)
    - [WARNING] LONG_DD: Longitude outside typical survey area [-85.0, -40.0] (rows 96, EVENTNO=96)
    - [WARNING] LONG_DD: Longitude outside typical survey area [-85.0, -40.0] (rows 97, EVENTNO=97)
    - [WARNING] LONG_DD: Longitude outside typical survey area [-85.0, -40.0] (rows 98, EVENTNO=98)
    - [WARNING] LONG_DD: Longitude outside typical survey area [-85.0, -40.0] (rows 99, EVENTNO=99)
    - [WARNING] LONG_DD: Longitude outside typical survey area [-85.0, -40.0] (rows 100, EVENTNO=100)
    - [WARNING] LONG_DD: Longitude outside typical survey area [-85.0, -40.0] (rows 101, EVENTNO=101)
    - [WARNING] LONG_DD: Longitude outside typical survey area [-85.0, -40.0] (rows 102, EVENTNO=102)
    - [WARNING] LONG_DD: Longitude outside typical survey area [-85.0, -40.0] (rows 103, EVENTNO=103)
    - [WARNING] LONG_DD: Longitude outside typical survey area [-85.0, -40.0] (rows 104, EVENTNO=104)
    - [WARNING] LONG_DD: Longitude outside typical survey area [-85.0, -40.0] (rows 105, EVENTNO=105)
    - [WARNING] LONG_DD: Longitude outside typical survey area [-85.0, -40.0] (rows 106, EVENTNO=106)
    - [WARNING] LONG_DD: Longitude outside typical survey area [-85.0, -40.0] (rows 107, EVENTNO=107)
    - [WARNING] LONG_DD: Longitude outside typical survey area [-85.0, -40.0] (rows 108, EVENTNO=108)
    - [WARNING] LONG_DD: Longitude outside typical survey area [-85.0, -40.0] (rows 109, EVENTNO=109)
    - [WARNING] LONG_DD: Longitude outside typical survey area [-85.0, -40.0] (rows 110, EVENTNO=110)
    - [WARNING] LONG_DD: Longitude outside typical survey area [-85.0, -40.0] (rows 111, EVENTNO=111)
    - [WARNING] LONG_DD: Longitude outside typical survey area [-85.0, -40.0] (rows 112, EVENTNO=112)
    - [WARNING] LONG_DD: Longitude outside typical survey area [-85.0, -40.0] (rows 113, EVENTNO=113)
    - [WARNING] LONG_DD: Longitude outside typical survey area [-85.0, -40.0] (rows 114, EVENTNO=114)
    - [WARNING] LONG_DD: Longitude outside typical survey area [-85.0, -40.0] (rows 115, EVENTNO=115)
    - [WARNING] LONG_DD: Longitude outside typical survey area [-85.0, -40.0] (rows 116, EVENTNO=116)
    - [WARNING] LONG_DD: Longitude outside typical survey area [-85.0, -40.0] (rows 117, EVENTNO=117)
    - [WARNING] LONG_DD: Longitude outside typical survey area [-85.0, -40.0] (rows 118, EVENTNO=118)
    - [WARNING] LONG_DD: Longitude outside typical survey area [-85.0, -40.0] (rows 119, EVENTNO=119)
    - [WARNING] LONG_DD: Longitude outside typical survey area [-85.0, -40.0] (rows 120, EVENTNO=120)
    - [WARNING] LONG_DD: Longitude outside typical survey area [-85.0, -40.0] (rows 121, EVENTNO=121)
    - [WARNING] LONG_DD: Longitude outside typical survey area [-85.0, -40.0] (rows 122, EVENTNO=122)
    - [WARNING] LONG_DD: Longitude outside typical survey area [-85.0, -40.0] (rows 123, EVENTNO=123)
    - [WARNING] LONG_DD: Longitude outside typical survey area [-85.0, -40.0] (rows 124, EVENTNO=124)
    - [WARNING] LONG_DD: Longitude outside typical survey area [-85.0, -40.0] (rows 125, EVENTNO=125)
    - [WARNING] LONG_DD: Longitude outside typical survey area [-85.0, -40.0] (rows 126, EVENTNO=126)
    - [WARNING] LONG_DD: Longitude outside typical survey area [-85.0, -40.0] (rows 127, EVENTNO=127)
    - [WARNING] LONG_DD: Longitude outside typical survey area [-85.0, -40.0] (rows 128, EVENTNO=128)
    - [WARNING] LONG_DD: Longitude outside typical survey area [-85.0, -40.0] (rows 129, EVENTNO=129)
    - [WARNING] LONG_DD: Longitude outside typical survey area [-85.0, -40.0] (rows 130, EVENTNO=130)
    - [WARNING] LONG_DD: Longitude outside typical survey area [-85.0, -40.0] (rows 131, EVENTNO=131)
    - [WARNING] LONG_DD: Longitude outside typical survey area [-85.0, -40.0] (rows 132, EVENTNO=132)
    - [WARNING] LONG_DD: Longitude outside typical survey area [-85.0, -40.0] (rows 133, EVENTNO=133)
    - [WARNING] LONG_DD: Longitude outside typical survey area [-85.0, -40.0] (rows 134, EVENTNO=134)
    - [WARNING] LONG_DD: Longitude outside typical survey area [-85.0, -40.0] (rows 135, EVENTNO=135)
    - [WARNING] LONG_DD: Longitude outside typical survey area [-85.0, -40.0] (rows 136, EVENTNO=136)
    - [WARNING] LONG_DD: Longitude outside typical survey area [-85.0, -40.0] (rows 137, EVENTNO=137)
    - [WARNING] LONG_DD: Longitude outside typical survey area [-85.0, -40.0] (rows 138, EVENTNO=138)
    - [WARNING] LONG_DD: Longitude outside typical survey area [-85.0, -40.0] (rows 139, EVENTNO=139)
    - [WARNING] LONG_DD: Longitude outside typical survey area [-85.0, -40.0] (rows 140, EVENTNO=140)
    - [WARNING] LONG_DD: Longitude outside typical survey area [-85.0, -40.0] (rows 141, EVENTNO=141)
    - [WARNING] LONG_DD: Longitude outside typical survey area [-85.0, -40.0] (rows 142, EVENTNO=142)
    - [WARNING] LONG_DD: Longitude outside typical survey area [-85.0, -40.0] (rows 143, EVENTNO=143)
    - [WARNING] LONG_DD: Longitude outside typical survey area [-85.0, -40.0] (rows 144, EVENTNO=144)
    - [WARNING] LONG_DD: Longitude outside typical survey area [-85.0, -40.0] (rows 145, EVENTNO=145)
    - [WARNING] LONG_DD: Longitude outside typical survey area [-85.0, -40.0] (rows 146, EVENTNO=146)
    - [WARNING] LONG_DD: Longitude outside typical survey area [-85.0, -40.0] (rows 147, EVENTNO=147)
    - [WARNING] LONG_DD: Longitude outside typical survey area [-85.0, -40.0] (rows 148, EVENTNO=148)
    - [WARNING] LONG_DD: Longitude outside typical survey area [-85.0, -40.0] (rows 149, EVENTNO=149)
    - [WARNING] LONG_DD: Longitude outside typical survey area [-85.0, -40.0] (rows 150, EVENTNO=150)
    - [WARNING] LONG_DD: Longitude outside typical survey area [-85.0, -40.0] (rows 151, EVENTNO=151)
    - [WARNING] LONG_DD: Longitude outside typical survey area [-85.0, -40.0] (rows 152, EVENTNO=152)
    - [WARNING] LONG_DD: Longitude outside typical survey area [-85.0, -40.0] (rows 153, EVENTNO=153)
    - [WARNING] LONG_DD: Longitude outside typical survey area [-85.0, -40.0] (rows 154, EVENTNO=154)
    - [WARNING] LONG_DD: Longitude outside typical survey area [-85.0, -40.0] (rows 155, EVENTNO=155)
    - [WARNING] LONG_DD: Longitude outside typical survey area [-85.0, -40.0] (rows 156, EVENTNO=156)
    - [WARNING] LONG_DD: Longitude outside typical survey area [-85.0, -40.0] (rows 157, EVENTNO=157)
    - [WARNING] LONG_DD: Longitude outside typical survey area [-85.0, -40.0] (rows 158, EVENTNO=158)
    - [WARNING] LONG_DD: Longitude outside typical survey area [-85.0, -40.0] (rows 159, EVENTNO=159)
    - [WARNING] LONG_DD: Longitude outside typical survey area [-85.0, -40.0] (rows 160, EVENTNO=160)
    - [WARNING] LONG_DD: Longitude outside typical survey area [-85.0, -40.0] (rows 161, EVENTNO=161)
    - [WARNING] LONG_DD: Longitude outside typical survey area [-85.0, -40.0] (rows 162, EVENTNO=162)
    - [WARNING] LONG_DD: Longitude outside typical survey area [-85.0, -40.0] (rows 163, EVENTNO=163)
    - [WARNING] LONG_DD: Longitude outside typical survey area [-85.0, -40.0] (rows 7146, EVENTNO=7164)
    - [WARNING] LONG_DD: Longitude outside typical survey area [-85.0, -40.0] (rows 7147, EVENTNO=7165)
    - [WARNING] LONG_DD: Longitude outside typical survey area [-85.0, -40.0] (rows 7148, EVENTNO=7166)
    - [WARNING] LONG_DD: Longitude outside typical survey area [-85.0, -40.0] (rows 7149, EVENTNO=7167)
    - [WARNING] LONG_DD: Longitude outside typical survey area [-85.0, -40.0] (rows 7150, EVENTNO=7168)
    - [WARNING] LONG_DD: Longitude outside typical survey area [-85.0, -40.0] (rows 7151, EVENTNO=7169)
    - [WARNING] LONG_DD: Longitude outside typical survey area [-85.0, -40.0] (rows 7152, EVENTNO=7170)
    - [WARNING] LONG_DD: Longitude outside typical survey area [-85.0, -40.0] (rows 7153, EVENTNO=7171)
    - [WARNING] LONG_DD: Longitude outside typical survey area [-85.0, -40.0] (rows 7154, EVENTNO=7172)
    - [WARNING] LONG_DD: Longitude outside typical survey area [-85.0, -40.0] (rows 7155, EVENTNO=7173)
    - [WARNING] LONG_DD: Longitude outside typical survey area [-85.0, -40.0] (rows 7156, EVENTNO=7174)
    - [WARNING] LONG_DD: Longitude outside typical survey area [-85.0, -40.0] (rows 7157, EVENTNO=7175)
    - [WARNING] LONG_DD: Longitude outside typical survey area [-85.0, -40.0] (rows 7158, EVENTNO=7176)
    - [WARNING] LONG_DD: Longitude outside typical survey area [-85.0, -40.0] (rows 7159, EVENTNO=7177)
    - [WARNING] LONG_DD: Longitude outside typical survey area [-85.0, -40.0] (rows 7160, EVENTNO=7178)
    - [WARNING] LONG_DD: Longitude outside typical survey area [-85.0, -40.0] (rows 7161, EVENTNO=7179)
    - [WARNING] LONG_DD: Longitude outside typical survey area [-85.0, -40.0] (rows 7162, EVENTNO=7180)
    - [WARNING] LONG_DD: Longitude outside typical survey area [-85.0, -40.0] (rows 7163, EVENTNO=7181)
    - [WARNING] LONG_DD: Longitude outside typical survey area [-85.0, -40.0] (rows 7164, EVENTNO=7182)
    - [WARNING] LONG_DD: Longitude outside typical survey area [-85.0, -40.0] (rows 7165, EVENTNO=7183)
    - [WARNING] LONG_DD: Longitude outside typical survey area [-85.0, -40.0] (rows 7166, EVENTNO=7184)
    - [WARNING] LONG_DD: Longitude outside typical survey area [-85.0, -40.0] (rows 7167, EVENTNO=7185)
    - [WARNING] LONG_DD: Longitude outside typical survey area [-85.0, -40.0] (rows 7168, EVENTNO=7186)
    - [WARNING] LONG_DD: Longitude outside typical survey area [-85.0, -40.0] (rows 7169, EVENTNO=7187)
    - [WARNING] LONG_DD: Longitude outside typical survey area [-85.0, -40.0] (rows 7170, EVENTNO=7188)
    - [WARNING] LONG_DD: Longitude outside typical survey area [-85.0, -40.0] (rows 7171, EVENTNO=7189)
    - [WARNING] LONG_DD: Longitude outside typical survey area [-85.0, -40.0] (rows 7172, EVENTNO=7190)
    - [WARNING] LONG_DD: Longitude outside typical survey area [-85.0, -40.0] (rows 7173, EVENTNO=7191)
    - [WARNING] LONG_DD: Longitude outside typical survey area [-85.0, -40.0] (rows 7174, EVENTNO=7192)
    - [WARNING] LONG_DD: Longitude outside typical survey area [-85.0, -40.0] (rows 7175, EVENTNO=7193)
    - [WARNING] LONG_DD: Longitude outside typical survey area [-85.0, -40.0] (rows 7176, EVENTNO=7194)
    - [WARNING] LONG_DD: Longitude outside typical survey area [-85.0, -40.0] (rows 7177, EVENTNO=7195)
    - [WARNING] LONG_DD: Longitude outside typical survey area [-85.0, -40.0] (rows 7178, EVENTNO=7196)
    - [WARNING] LONG_DD: Longitude outside typical survey area [-85.0, -40.0] (rows 7179, EVENTNO=7197)
    - [WARNING] LONG_DD: Longitude outside typical survey area [-85.0, -40.0] (rows 7180, EVENTNO=7198)
    - [WARNING] LONG_DD: Longitude outside typical survey area [-85.0, -40.0] (rows 7181, EVENTNO=7199)
    - [WARNING] LONG_DD: Longitude outside typical survey area [-85.0, -40.0] (rows 7182, EVENTNO=7200)
    - [WARNING] LONG_DD: Longitude outside typical survey area [-85.0, -40.0] (rows 7183, EVENTNO=7201)
    - [WARNING] LONG_DD: Longitude outside typical survey area [-85.0, -40.0] (rows 7184, EVENTNO=7202)
    - [WARNING] LONG_DD: Longitude outside typical survey area [-85.0, -40.0] (rows 7185, EVENTNO=7203)
    - [WARNING] LONG_DD: Longitude outside typical survey area [-85.0, -40.0] (rows 7186, EVENTNO=7204)
    - [WARNING] LONG_DD: Longitude outside typical survey area [-85.0, -40.0] (rows 7187, EVENTNO=7205)
    - [WARNING] LONG_DD: Longitude outside typical survey area [-85.0, -40.0] (rows 7188, EVENTNO=7206)
    - [WARNING] LONG_DD: Longitude outside typical survey area [-85.0, -40.0] (rows 7189, EVENTNO=7207)
    - [WARNING] LONG_DD: Longitude outside typical survey area [-85.0, -40.0] (rows 7190, EVENTNO=7208)
    - [WARNING] LONG_DD: Longitude outside typical survey area [-85.0, -40.0] (rows 7191, EVENTNO=7209)
    - [WARNING] LONG_DD: Longitude outside typical survey area [-85.0, -40.0] (rows 7192, EVENTNO=7210)
    - [WARNING] LONG_DD: Longitude outside typical survey area [-85.0, -40.0] (rows 7193, EVENTNO=7211)
    - [WARNING] LONG_DD: Longitude outside typical survey area [-85.0, -40.0] (rows 7194, EVENTNO=7212)
    - [WARNING] LONG_DD: Longitude outside typical survey area [-85.0, -40.0] (rows 7195, EVENTNO=7213)
    - [WARNING] LONG_DD: Longitude outside typical survey area [-85.0, -40.0] (rows 7196, EVENTNO=7214)
    - [WARNING] LONG_DD: Longitude outside typical survey area [-85.0, -40.0] (rows 7197, EVENTNO=7215)
    - [WARNING] LONG_DD: Longitude outside typical survey area [-85.0, -40.0] (rows 7198, EVENTNO=7216)
    - [WARNING] LONG_DD: Longitude outside typical survey area [-85.0, -40.0] (rows 7199, EVENTNO=7217)
    - [WARNING] LONG_DD: Longitude outside typical survey area [-85.0, -40.0] (rows 7200, EVENTNO=7218)
    - [WARNING] LONG_DD: Longitude outside typical survey area [-85.0, -40.0] (rows 7201, EVENTNO=7219)
    - [WARNING] LONG_DD: Longitude outside typical survey area [-85.0, -40.0] (rows 7202, EVENTNO=7220)
    - [WARNING] LONG_DD: Longitude outside typical survey area [-85.0, -40.0] (rows 7203, EVENTNO=7221)
    - [WARNING] LONG_DD: Longitude outside typical survey area [-85.0, -40.0] (rows 7204, EVENTNO=7222)
    - [WARNING] LONG_DD: Longitude outside typical survey area [-85.0, -40.0] (rows 7205, EVENTNO=7223)
    - [WARNING] LONG_DD: Longitude outside typical survey area [-85.0, -40.0] (rows 7206, EVENTNO=7224)
    - [WARNING] LONG_DD: Longitude outside typical survey area [-85.0, -40.0] (rows 7207, EVENTNO=7225)
    - [WARNING] LONG_DD: Longitude outside typical survey area [-85.0, -40.0] (rows 7208, EVENTNO=7226)
    - [WARNING] LONG_DD: Longitude outside typical survey area [-85.0, -40.0] (rows 7209, EVENTNO=7227)
    - [WARNING] LONG_DD: Longitude outside typical survey area [-85.0, -40.0] (rows 7210, EVENTNO=7228)
    - [WARNING] LONG_DD: Longitude outside typical survey area [-85.0, -40.0] (rows 7211, EVENTNO=7229)
    - [WARNING] LONG_DD: Longitude outside typical survey area [-85.0, -40.0] (rows 7212, EVENTNO=7230)
    - [WARNING] LONG_DD: Longitude outside typical survey area [-85.0, -40.0] (rows 7213, EVENTNO=7231)
    - [WARNING] LONG_DD: Longitude outside typical survey area [-85.0, -40.0] (rows 7214, EVENTNO=7232)
    - [WARNING] LONG_DD: Longitude outside typical survey area [-85.0, -40.0] (rows 7215, EVENTNO=7233)
    - [WARNING] LONG_DD: Longitude outside typical survey area [-85.0, -40.0] (rows 7216, EVENTNO=7234)
    - [WARNING] LONG_DD: Longitude outside typical survey area [-85.0, -40.0] (rows 7217, EVENTNO=7235)
    - [WARNING] LONG_DD: Longitude outside typical survey area [-85.0, -40.0] (rows 7218, EVENTNO=7236)
    - [WARNING] LONG_DD: Longitude outside typical survey area [-85.0, -40.0] (rows 7219, EVENTNO=7237)
    - [WARNING] LONG_DD: Longitude outside typical survey area [-85.0, -40.0] (rows 7220, EVENTNO=7238)
    - [WARNING] LONG_DD: Longitude outside typical survey area [-85.0, -40.0] (rows 7221, EVENTNO=7239)
    - [WARNING] LONG_DD: Longitude outside typical survey area [-85.0, -40.0] (rows 7222, EVENTNO=7240)
    - [WARNING] LONG_DD: Longitude outside typical survey area [-85.0, -40.0] (rows 7223, EVENTNO=7241)
    - [WARNING] LONG_DD: Longitude outside typical survey area [-85.0, -40.0] (rows 7224, EVENTNO=7242)
    - [WARNING] LONG_DD: Longitude outside typical survey area [-85.0, -40.0] (rows 7225, EVENTNO=7243)
    - [WARNING] LONG_DD: Longitude outside typical survey area [-85.0, -40.0] (rows 7226, EVENTNO=7244)
    - [WARNING] LONG_DD: Longitude outside typical survey area [-85.0, -40.0] (rows 7227, EVENTNO=7245)
    - [WARNING] LONG_DD: Longitude outside typical survey area [-85.0, -40.0] (rows 7228, EVENTNO=7246)
    - [WARNING] LONG_DD: Longitude outside typical survey area [-85.0, -40.0] (rows 7229, EVENTNO=7247)
    - [WARNING] LONG_DD: Longitude outside typical survey area [-85.0, -40.0] (rows 7230, EVENTNO=7248)
    - [WARNING] LONG_DD: Longitude outside typical survey area [-85.0, -40.0] (rows 7231, EVENTNO=7249)
    - [WARNING] LONG_DD: Longitude outside typical survey area [-85.0, -40.0] (rows 7232, EVENTNO=7250)
    - [WARNING] LONG_DD: Longitude outside typical survey area [-85.0, -40.0] (rows 7233, EVENTNO=7251)
    - [WARNING] LONG_DD: Longitude outside typical survey area [-85.0, -40.0] (rows 7234, EVENTNO=7252)
    - [WARNING] LONG_DD: Longitude outside typical survey area [-85.0, -40.0] (rows 7235, EVENTNO=7253)
    - [WARNING] LONG_DD: Longitude outside typical survey area [-85.0, -40.0] (rows 7236, EVENTNO=7254)
    - [WARNING] LONG_DD: Longitude outside typical survey area [-85.0, -40.0] (rows 7237, EVENTNO=7255)
    - [WARNING] LONG_DD: Longitude outside typical survey area [-85.0, -40.0] (rows 7238, EVENTNO=7256)
    - [WARNING] LONG_DD: Longitude outside typical survey area [-85.0, -40.0] (rows 7239, EVENTNO=7257)
    - [WARNING] LONG_DD: Longitude outside typical survey area [-85.0, -40.0] (rows 7240, EVENTNO=7258)
    - [WARNING] LONG_DD: Longitude outside typical survey area [-85.0, -40.0] (rows 7241, EVENTNO=7259)
    - [WARNING] LONG_DD: Longitude outside typical survey area [-85.0, -40.0] (rows 7242, EVENTNO=7260)
    - [WARNING] LONG_DD: Longitude outside typical survey area [-85.0, -40.0] (rows 7243, EVENTNO=7261)
    - [WARNING] LONG_DD: Longitude outside typical survey area [-85.0, -40.0] (rows 7244, EVENTNO=7262)
    - [WARNING] LONG_DD: Longitude outside typical survey area [-85.0, -40.0] (rows 7245, EVENTNO=7263)
    - [WARNING] LONG_DD: Longitude outside typical survey area [-85.0, -40.0] (rows 7246, EVENTNO=7264)
    - [WARNING] LONG_DD: Longitude outside typical survey area [-85.0, -40.0] (rows 7247, EVENTNO=7265)
    - [WARNING] LONG_DD: Longitude outside typical survey area [-85.0, -40.0] (rows 7248, EVENTNO=7266)
    - [WARNING] LONG_DD: Longitude outside typical survey area [-85.0, -40.0] (rows 7249, EVENTNO=7267)
    - [WARNING] LONG_DD: Longitude outside typical survey area [-85.0, -40.0] (rows 7250, EVENTNO=7268)
    - [WARNING] LONG_DD: Longitude outside typical survey area [-85.0, -40.0] (rows 7251, EVENTNO=7269)
    - [WARNING] LONG_DD: Longitude outside typical survey area [-85.0, -40.0] (rows 7252, EVENTNO=7270)
    - [WARNING] LONG_DD: Longitude outside typical survey area [-85.0, -40.0] (rows 7253, EVENTNO=7271)
    - [WARNING] LONG_DD: Longitude outside typical survey area [-85.0, -40.0] (rows 7254, EVENTNO=7272)
    - [WARNING] LONG_DD: Longitude outside typical survey area [-85.0, -40.0] (rows 7255, EVENTNO=7273)
    - [WARNING] LONG_DD: Longitude outside typical survey area [-85.0, -40.0] (rows 7256, EVENTNO=7274)
    - [WARNING] LONG_DD: Longitude outside typical survey area [-85.0, -40.0] (rows 7257, EVENTNO=7275)
    - [WARNING] LONG_DD: Longitude outside typical survey area [-85.0, -40.0] (rows 7258, EVENTNO=7276)
    - [WARNING] LONG_DD: Longitude outside typical survey area [-85.0, -40.0] (rows 7259, EVENTNO=7277)
    - [WARNING] LONG_DD: Longitude outside typical survey area [-85.0, -40.0] (rows 7260, EVENTNO=7278)
    - [WARNING] LONG_DD: Longitude outside typical survey area [-85.0, -40.0] (rows 7261, EVENTNO=7279)
    - [WARNING] LONG_DD: Longitude outside typical survey area [-85.0, -40.0] (rows 7262, EVENTNO=7280)
    - [WARNING] LONG_DD: Longitude outside typical survey area [-85.0, -40.0] (rows 7263, EVENTNO=7281)
    - [WARNING] LONG_DD: Longitude outside typical survey area [-85.0, -40.0] (rows 7264, EVENTNO=7282)
    - [WARNING] LONG_DD: Longitude outside typical survey area [-85.0, -40.0] (rows 7265, EVENTNO=7283)
    - [WARNING] LONG_DD: Longitude outside typical survey area [-85.0, -40.0] (rows 7266, EVENTNO=7284)
    - [WARNING] LONG_DD: Longitude outside typical survey area [-85.0, -40.0] (rows 7267, EVENTNO=7285)
    - [WARNING] LONG_DD: Longitude outside typical survey area [-85.0, -40.0] (rows 7268, EVENTNO=7286)
    - [WARNING] LONG_DD: Longitude outside typical survey area [-85.0, -40.0] (rows 7269, EVENTNO=7287)
    - [WARNING] LONG_DD: Longitude outside typical survey area [-85.0, -40.0] (rows 7270, EVENTNO=7288)
    - [WARNING] LONG_DD: Longitude outside typical survey area [-85.0, -40.0] (rows 7271, EVENTNO=7289)
    - [WARNING] LONG_DD: Longitude outside typical survey area [-85.0, -40.0] (rows 7272, EVENTNO=7290)
    - [WARNING] LONG_DD: Longitude outside typical survey area [-85.0, -40.0] (rows 7273, EVENTNO=7291)
    - [WARNING] LONG_DD: Longitude outside typical survey area [-85.0, -40.0] (rows 7274, EVENTNO=7292)
    - [WARNING] LONG_DD: Longitude outside typical survey area [-85.0, -40.0] (rows 7275, EVENTNO=7293)
    - [WARNING] LONG_DD: Longitude outside typical survey area [-85.0, -40.0] (rows 7276, EVENTNO=7294)
    - [WARNING] LONG_DD: Longitude outside typical survey area [-85.0, -40.0] (rows 7277, EVENTNO=7295)
    - [WARNING] LONG_DD: Longitude outside typical survey area [-85.0, -40.0] (rows 7278, EVENTNO=7296)
    - [WARNING] LONG_DD: Longitude outside typical survey area [-85.0, -40.0] (rows 7279, EVENTNO=7297)
    - [WARNING] LONG_DD: Longitude outside typical survey area [-85.0, -40.0] (rows 7280, EVENTNO=7298)
    - [WARNING] LONG_DD: Longitude outside typical survey area [-85.0, -40.0] (rows 7281, EVENTNO=7299)
    - [WARNING] LONG_DD: Longitude outside typical survey area [-85.0, -40.0] (rows 7282, EVENTNO=7300)
    - [WARNING] LONG_DD: Longitude outside typical survey area [-85.0, -40.0] (rows 7283, EVENTNO=7301)
    - [WARNING] LONG_DD: Longitude outside typical survey area [-85.0, -40.0] (rows 7284, EVENTNO=7302)
    - [WARNING] LONG_DD: Longitude outside typical survey area [-85.0, -40.0] (rows 7285, EVENTNO=7303)
    - [WARNING] LONG_DD: Longitude outside typical survey area [-85.0, -40.0] (rows 7286, EVENTNO=7304)
    - [WARNING] LONG_DD: Longitude outside typical survey area [-85.0, -40.0] (rows 7287, EVENTNO=7305)
    - [WARNING] LONG_DD: Longitude outside typical survey area [-85.0, -40.0] (rows 7288, EVENTNO=7306)
    - [WARNING] LONG_DD: Longitude outside typical survey area [-85.0, -40.0] (rows 7289, EVENTNO=7307)
    - [WARNING] LONG_DD: Longitude outside typical survey area [-85.0, -40.0] (rows 7290, EVENTNO=7308)
    - [WARNING] LONG_DD: Longitude outside typical survey area [-85.0, -40.0] (rows 7291, EVENTNO=7309)
    - [WARNING] LONG_DD: Longitude outside typical survey area [-85.0, -40.0] (rows 7292, EVENTNO=7310)
    - [WARNING] LONG_DD: Longitude outside typical survey area [-85.0, -40.0] (rows 7293, EVENTNO=7311)
    - [WARNING] LONG_DD: Longitude outside typical survey area [-85.0, -40.0] (rows 7294, EVENTNO=7312)
    - [WARNING] LONG_DD: Longitude outside typical survey area [-85.0, -40.0] (rows 7295, EVENTNO=7313)
    - [WARNING] LONG_DD: Longitude outside typical survey area [-85.0, -40.0] (rows 7296, EVENTNO=7314)
    - [WARNING] LONG_DD: Longitude outside typical survey area [-85.0, -40.0] (rows 7297, EVENTNO=7315)
    - [WARNING] LONG_DD: Longitude outside typical survey area [-85.0, -40.0] (rows 7298, EVENTNO=7316)
    - [WARNING] LONG_DD: Longitude outside typical survey area [-85.0, -40.0] (rows 7299, EVENTNO=7317)
    - [WARNING] LONG_DD: Longitude outside typical survey area [-85.0, -40.0] (rows 7300, EVENTNO=7318)
    - [WARNING] LONG_DD: Longitude outside typical survey area [-85.0, -40.0] (rows 7301, EVENTNO=7319)
    - [WARNING] LONG_DD: Longitude outside typical survey area [-85.0, -40.0] (rows 7302, EVENTNO=7320)
    - [WARNING] LONG_DD: Longitude outside typical survey area [-85.0, -40.0] (rows 7303, EVENTNO=7321)
    - [WARNING] LONG_DD: Longitude outside typical survey area [-85.0, -40.0] (rows 7304, EVENTNO=7322)
    - [WARNING] LONG_DD: Longitude outside typical survey area [-85.0, -40.0] (rows 7305, EVENTNO=7323)
    - [WARNING] LONG_DD: Longitude outside typical survey area [-85.0, -40.0] (rows 7306, EVENTNO=7324)
    - [WARNING] LONG_DD: Longitude outside typical survey area [-85.0, -40.0] (rows 7307, EVENTNO=7325)
    - [WARNING] LONG_DD: Longitude outside typical survey area [-85.0, -40.0] (rows 7308, EVENTNO=7326)
    - [WARNING] LONG_DD: Longitude outside typical survey area [-85.0, -40.0] (rows 7309, EVENTNO=7327)
    - [WARNING] LONG_DD: Longitude outside typical survey area [-85.0, -40.0] (rows 7310, EVENTNO=7328)
    - [WARNING] LONG_DD: Longitude outside typical survey area [-85.0, -40.0] (rows 7311, EVENTNO=7329)
    - [WARNING] LONG_DD: Longitude outside typical survey area [-85.0, -40.0] (rows 7312, EVENTNO=7330)
    - [WARNING] LONG_DD: Longitude outside typical survey area [-85.0, -40.0] (rows 7313, EVENTNO=7331)
    - [WARNING] LONG_DD: Longitude outside typical survey area [-85.0, -40.0] (rows 7314, EVENTNO=7332)
    - [WARNING] LONG_DD: Longitude outside typical survey area [-85.0, -40.0] (rows 7315, EVENTNO=7333)
    - [WARNING] LONG_DD: Longitude outside typical survey area [-85.0, -40.0] (rows 7316, EVENTNO=7334)
    - [WARNING] LONG_DD: Longitude outside typical survey area [-85.0, -40.0] (rows 7317, EVENTNO=7335)
    - [WARNING] LONG_DD: Longitude outside typical survey area [-85.0, -40.0] (rows 7318, EVENTNO=7336)
    - [WARNING] LONG_DD: Longitude outside typical survey area [-85.0, -40.0] (rows 7319, EVENTNO=7337)
    - [WARNING] LONG_DD: Longitude outside typical survey area [-85.0, -40.0] (rows 7320, EVENTNO=7338)
    - [WARNING] LONG_DD: Longitude outside typical survey area [-85.0, -40.0] (rows 7321, EVENTNO=7339)
    - [WARNING] LONG_DD: Longitude outside typical survey area [-85.0, -40.0] (rows 7322, EVENTNO=7340)
    - [WARNING] LONG_DD: Longitude outside typical survey area [-85.0, -40.0] (rows 7323, EVENTNO=7341)
    - [WARNING] LONG_DD: Longitude outside typical survey area [-85.0, -40.0] (rows 7324, EVENTNO=7342)
    - [WARNING] LONG_DD: Longitude outside typical survey area [-85.0, -40.0] (rows 7325, EVENTNO=7343)
    - [WARNING] LONG_DD: Longitude outside typical survey area [-85.0, -40.0] (rows 7326, EVENTNO=7344)
    - [WARNING] LONG_DD: Longitude outside typical survey area [-85.0, -40.0] (rows 7327, EVENTNO=7345)
    - [WARNING] LONG_DD: Longitude outside typical survey area [-85.0, -40.0] (rows 7328, EVENTNO=7346)
    - [WARNING] LONG_DD: Longitude outside typical survey area [-85.0, -40.0] (rows 7329, EVENTNO=7347)
    - [WARNING] LONG_DD: Longitude outside typical survey area [-85.0, -40.0] (rows 7330, EVENTNO=7348)
    - [WARNING] LONG_DD: Longitude outside typical survey area [-85.0, -40.0] (rows 7331, EVENTNO=7349)
    - [WARNING] LONG_DD: Longitude outside typical survey area [-85.0, -40.0] (rows 7332, EVENTNO=7350)
    - [WARNING] LONG_DD: Longitude outside typical survey area [-85.0, -40.0] (rows 7333, EVENTNO=7351)
    - [WARNING] LONG_DD: Longitude outside typical survey area [-85.0, -40.0] (rows 7334, EVENTNO=7352)
    - [WARNING] LONG_DD: Longitude outside typical survey area [-85.0, -40.0] (rows 7335, EVENTNO=7353)
    - [WARNING] LONG_DD: Longitude outside typical survey area [-85.0, -40.0] (rows 7336, EVENTNO=7354)
    - [WARNING] LONG_DD: Longitude outside typical survey area [-85.0, -40.0] (rows 7337, EVENTNO=7355)
    - [WARNING] LONG_DD: Longitude outside typical survey area [-85.0, -40.0] (rows 7338, EVENTNO=7356)
    - [WARNING] LONG_DD: Longitude outside typical survey area [-85.0, -40.0] (rows 7339, EVENTNO=7357)
    - [WARNING] LONG_DD: Longitude outside typical survey area [-85.0, -40.0] (rows 7340, EVENTNO=7358)
    - [WARNING] LONG_DD: Longitude outside typical survey area [-85.0, -40.0] (rows 7341, EVENTNO=7359)
    - [WARNING] LONG_DD: Longitude outside typical survey area [-85.0, -40.0] (rows 7342, EVENTNO=7360)
    - [WARNING] LONG_DD: Longitude outside typical survey area [-85.0, -40.0] (rows 7343, EVENTNO=7361)
    - [WARNING] LONG_DD: Longitude outside typical survey area [-85.0, -40.0] (rows 7344, EVENTNO=7362)
    - [WARNING] LONG_DD: Longitude outside typical survey area [-85.0, -40.0] (rows 7345, EVENTNO=7363)
    - [WARNING] LONG_DD: Longitude outside typical survey area [-85.0, -40.0] (rows 7346, EVENTNO=7364)
    - [WARNING] LONG_DD: Longitude outside typical survey area [-85.0, -40.0] (rows 7347, EVENTNO=7365)
    - [WARNING] LONG_DD: Longitude outside typical survey area [-85.0, -40.0] (rows 7348, EVENTNO=7366)
    - [WARNING] LONG_DD: Longitude outside typical survey area [-85.0, -40.0] (rows 7349, EVENTNO=7367)
    - [WARNING] LONG_DD: Longitude outside typical survey area [-85.0, -40.0] (rows 7350, EVENTNO=7368)
    - [WARNING] LONG_DD: Longitude outside typical survey area [-85.0, -40.0] (rows 7351, EVENTNO=7369)
    - [WARNING] LONG_DD: Longitude outside typical survey area [-85.0, -40.0] (rows 7352, EVENTNO=7370)
    - [WARNING] LONG_DD: Longitude outside typical survey area [-85.0, -40.0] (rows 7353, EVENTNO=7371)
    - [WARNING] LONG_DD: Longitude outside typical survey area [-85.0, -40.0] (rows 7354, EVENTNO=7372)
    - [WARNING] LONG_DD: Longitude outside typical survey area [-85.0, -40.0] (rows 7355, EVENTNO=7373)
    - [WARNING] LONG_DD: Longitude outside typical survey area [-85.0, -40.0] (rows 7356, EVENTNO=7374)
    - [WARNING] LONG_DD: Longitude outside typical survey area [-85.0, -40.0] (rows 7357, EVENTNO=7375)
    - [WARNING] LONG_DD: Longitude outside typical survey area [-85.0, -40.0] (rows 7358, EVENTNO=7376)
    - [WARNING] LONG_DD: Longitude outside typical survey area [-85.0, -40.0] (rows 7359, EVENTNO=7377)
    - [WARNING] LONG_DD: Longitude outside typical survey area [-85.0, -40.0] (rows 7360, EVENTNO=7378)
    - [WARNING] LONG_DD: Longitude outside typical survey area [-85.0, -40.0] (rows 7361, EVENTNO=7379)
    - [WARNING] LONG_DD: Longitude outside typical survey area [-85.0, -40.0] (rows 7362, EVENTNO=7380)
    - [WARNING] LONG_DD: Longitude outside typical survey area [-85.0, -40.0] (rows 7363, EVENTNO=7381)
    - [WARNING] LONG_DD: Longitude outside typical survey area [-85.0, -40.0] (rows 7364, EVENTNO=7382)
    - [WARNING] LONG_DD: Longitude outside typical survey area [-85.0, -40.0] (rows 7365, EVENTNO=7383)
    - [WARNING] LONG_DD: Longitude outside typical survey area [-85.0, -40.0] (rows 7366, EVENTNO=7384)
    - [WARNING] LONG_DD: Longitude outside typical survey area [-85.0, -40.0] (rows 7367, EVENTNO=7385)
    - [WARNING] LONG_DD: Longitude outside typical survey area [-85.0, -40.0] (rows 7368, EVENTNO=7386)
    - [WARNING] LONG_DD: Longitude outside typical survey area [-85.0, -40.0] (rows 7369, EVENTNO=7387)
    - [WARNING] LONG_DD: Longitude outside typical survey area [-85.0, -40.0] (rows 7370, EVENTNO=7388)
    - [WARNING] LONG_DD: Longitude outside typical survey area [-85.0, -40.0] (rows 7371, EVENTNO=7389)
    - [WARNING] LONG_DD: Longitude outside typical survey area [-85.0, -40.0] (rows 7372, EVENTNO=7390)
    - [WARNING] LONG_DD: Longitude outside typical survey area [-85.0, -40.0] (rows 7373, EVENTNO=7391)
    - [WARNING] LONG_DD: Longitude outside typical survey area [-85.0, -40.0] (rows 7374, EVENTNO=7392)
    - [WARNING] LONG_DD: Longitude outside typical survey area [-85.0, -40.0] (rows 7375, EVENTNO=7393)
    - [WARNING] LONG_DD: Longitude outside typical survey area [-85.0, -40.0] (rows 7376, EVENTNO=7394)
    - [WARNING] LONG_DD: Longitude outside typical survey area [-85.0, -40.0] (rows 7377, EVENTNO=7395)
    - [WARNING] LONG_DD: Longitude outside typical survey area [-85.0, -40.0] (rows 7378, EVENTNO=7396)
    - [WARNING] LONG_DD: Longitude outside typical survey area [-85.0, -40.0] (rows 7379, EVENTNO=7397)
    - [WARNING] LONG_DD: Longitude outside typical survey area [-85.0, -40.0] (rows 7380, EVENTNO=7398)
    - [WARNING] LONG_DD: Longitude outside typical survey area [-85.0, -40.0] (rows 7381, EVENTNO=7399)
    - [WARNING] LONG_DD: Longitude outside typical survey area [-85.0, -40.0] (rows 7382, EVENTNO=7400)
    - [WARNING] LONG_DD: Longitude outside typical survey area [-85.0, -40.0] (rows 7383, EVENTNO=7401)
    - [WARNING] LONG_DD: Longitude outside typical survey area [-85.0, -40.0] (rows 7384, EVENTNO=7402)
    - [WARNING] LONG_DD: Longitude outside typical survey area [-85.0, -40.0] (rows 7385, EVENTNO=7403)
    - [WARNING] LONG_DD: Longitude outside typical survey area [-85.0, -40.0] (rows 7386, EVENTNO=7404)
    - [WARNING] LONG_DD: Longitude outside typical survey area [-85.0, -40.0] (rows 7387, EVENTNO=7405)
    - [WARNING] LONG_DD: Longitude outside typical survey area [-85.0, -40.0] (rows 7388, EVENTNO=7406)
    - [WARNING] LONG_DD: Longitude outside typical survey area [-85.0, -40.0] (rows 7389, EVENTNO=7407)
    - [WARNING] LONG_DD: Longitude outside typical survey area [-85.0, -40.0] (rows 7390, EVENTNO=7408)
    - [WARNING] LONG_DD: Longitude outside typical survey area [-85.0, -40.0] (rows 7391, EVENTNO=7409)
    - [WARNING] LONG_DD: Longitude outside typical survey area [-85.0, -40.0] (rows 7392, EVENTNO=7410)
    - [WARNING] LONG_DD: Longitude outside typical survey area [-85.0, -40.0] (rows 7393, EVENTNO=7411)
    - [WARNING] LONG_DD: Longitude outside typical survey area [-85.0, -40.0] (rows 7394, EVENTNO=7412)
    - [WARNING] LONG_DD: Longitude outside typical survey area [-85.0, -40.0] (rows 7395, EVENTNO=7413)
    - [WARNING] LONG_DD: Longitude outside typical survey area [-85.0, -40.0] (rows 7396, EVENTNO=7414)
    - [WARNING] LONG_DD: Longitude outside typical survey area [-85.0, -40.0] (rows 7397, EVENTNO=7415)
    - [WARNING] LONG_DD: Longitude outside typical survey area [-85.0, -40.0] (rows 7398, EVENTNO=7416)
    - [WARNING] LONG_DD: Longitude outside typical survey area [-85.0, -40.0] (rows 7399, EVENTNO=7417)
    - [WARNING] LONG_DD: Longitude outside typical survey area [-85.0, -40.0] (rows 7400, EVENTNO=7418)
    - [WARNING] LONG_DD: Longitude outside typical survey area [-85.0, -40.0] (rows 7401, EVENTNO=7419)
    - [WARNING] LONG_DD: Longitude outside typical survey area [-85.0, -40.0] (rows 7402, EVENTNO=7420)
    - [WARNING] LONG_DD: Longitude outside typical survey area [-85.0, -40.0] (rows 7403, EVENTNO=7421)
    - [WARNING] LONG_DD: Longitude outside typical survey area [-85.0, -40.0] (rows 7404, EVENTNO=7422)
    - [WARNING] LONG_DD: Longitude outside typical survey area [-85.0, -40.0] (rows 7405, EVENTNO=7423)
    - [WARNING] LONG_DD: Longitude outside typical survey area [-85.0, -40.0] (rows 7406, EVENTNO=7424)
    - [WARNING] LONG_DD: Longitude outside typical survey area [-85.0, -40.0] (rows 7407, EVENTNO=7425)
    - [WARNING] LONG_DD: Longitude outside typical survey area [-85.0, -40.0] (rows 7408, EVENTNO=7426)
    - [WARNING] LONG_DD: Longitude outside typical survey area [-85.0, -40.0] (rows 7409, EVENTNO=7427)
    - [WARNING] LONG_DD: Longitude outside typical survey area [-85.0, -40.0] (rows 7410, EVENTNO=7428)
    - [WARNING] LONG_DD: Longitude outside typical survey area [-85.0, -40.0] (rows 7411, EVENTNO=7429)
    - [WARNING] LONG_DD: Longitude outside typical survey area [-85.0, -40.0] (rows 7412, EVENTNO=7430)
    - [WARNING] LONG_DD: Longitude outside typical survey area [-85.0, -40.0] (rows 7413, EVENTNO=7431)
    - [WARNING] LONG_DD: Longitude outside typical survey area [-85.0, -40.0] (rows 7414, EVENTNO=7432)
    - [WARNING] LONG_DD: Longitude outside typical survey area [-85.0, -40.0] (rows 7415, EVENTNO=7433)
    - [WARNING] LONG_DD: Longitude outside typical survey area [-85.0, -40.0] (rows 7416, EVENTNO=7434)
    - [WARNING] LONG_DD: Longitude outside typical survey area [-85.0, -40.0] (rows 7417, EVENTNO=7435)
    - [WARNING] LONG_DD: Longitude outside typical survey area [-85.0, -40.0] (rows 7418, EVENTNO=7436)
    - [WARNING] LONG_DD: Longitude outside typical survey area [-85.0, -40.0] (rows 7419, EVENTNO=7437)
    - [WARNING] LONG_DD: Longitude outside typical survey area [-85.0, -40.0] (rows 7420, EVENTNO=7438)
    - [WARNING] LONG_DD: Longitude outside typical survey area [-85.0, -40.0] (rows 7421, EVENTNO=7439)
    - [WARNING] LONG_DD: Longitude outside typical survey area [-85.0, -40.0] (rows 7422, EVENTNO=7440)
    - [WARNING] LONG_DD: Longitude outside typical survey area [-85.0, -40.0] (rows 7423, EVENTNO=7441)
    - [WARNING] LONG_DD: Longitude outside typical survey area [-85.0, -40.0] (rows 7424, EVENTNO=7442)
    - [WARNING] LONG_DD: Longitude outside typical survey area [-85.0, -40.0] (rows 7425, EVENTNO=7443)
    - [WARNING] LONG_DD: Longitude outside typical survey area [-85.0, -40.0] (rows 7426, EVENTNO=7444)
    - [WARNING] LONG_DD: Longitude outside typical survey area [-85.0, -40.0] (rows 7427, EVENTNO=7445)
    - [WARNING] LONG_DD: Longitude outside typical survey area [-85.0, -40.0] (rows 7428, EVENTNO=7446)
    - [WARNING] LONG_DD: Longitude outside typical survey area [-85.0, -40.0] (rows 7429, EVENTNO=7447)
    - [WARNING] LONG_DD: Longitude outside typical survey area [-85.0, -40.0] (rows 7430, EVENTNO=7448)
    - [WARNING] LONG_DD: Longitude outside typical survey area [-85.0, -40.0] (rows 7431, EVENTNO=7449)
    - [WARNING] LONG_DD: Longitude outside typical survey area [-85.0, -40.0] (rows 7432, EVENTNO=7450)
    - [WARNING] LONG_DD: Longitude outside typical survey area [-85.0, -40.0] (rows 7433, EVENTNO=7451)
    - [WARNING] LONG_DD: Longitude outside typical survey area [-85.0, -40.0] (rows 7434, EVENTNO=7452)
    - [WARNING] LONG_DD: Longitude outside typical survey area [-85.0, -40.0] (rows 7435, EVENTNO=7453)
    - [WARNING] LONG_DD: Longitude outside typical survey area [-85.0, -40.0] (rows 7436, EVENTNO=7454)
    - [WARNING] LONG_DD: Longitude outside typical survey area [-85.0, -40.0] (rows 7437, EVENTNO=7455)
    - [WARNING] LONG_DD: Longitude outside typical survey area [-85.0, -40.0] (rows 7438, EVENTNO=7456)
    - [WARNING] LONG_DD: Longitude outside typical survey area [-85.0, -40.0] (rows 7439, EVENTNO=7457)
    - [WARNING] LONG_DD: Longitude outside typical survey area [-85.0, -40.0] (rows 7440, EVENTNO=7458)
    - [WARNING] LONG_DD: Longitude outside typical survey area [-85.0, -40.0] (rows 7441, EVENTNO=7459)
    - [WARNING] LONG_DD: Longitude outside typical survey area [-85.0, -40.0] (rows 7442, EVENTNO=7460)
    - [WARNING] LONG_DD: Longitude outside typical survey area [-85.0, -40.0] (rows 7443, EVENTNO=7461)
    - [WARNING] LONG_DD: Longitude outside typical survey area [-85.0, -40.0] (rows 7444, EVENTNO=7462)
    - [WARNING] LONG_DD: Longitude outside typical survey area [-85.0, -40.0] (rows 7445, EVENTNO=7463)
    - [WARNING] LONG_DD: Longitude outside typical survey area [-85.0, -40.0] (rows 7446, EVENTNO=7464)
    - [WARNING] LONG_DD: Longitude outside typical survey area [-85.0, -40.0] (rows 7447, EVENTNO=7465)
    - [WARNING] LONG_DD: Longitude outside typical survey area [-85.0, -40.0] (rows 7448, EVENTNO=7466)
    - [WARNING] LONG_DD: Longitude outside typical survey area [-85.0, -40.0] (rows 7449, EVENTNO=7467)
    - [WARNING] LONG_DD: Longitude outside typical survey area [-85.0, -40.0] (rows 7450, EVENTNO=7468)
    - [WARNING] LONG_DD: Longitude outside typical survey area [-85.0, -40.0] (rows 7451, EVENTNO=7469)
    - [WARNING] LONG_DD: Longitude outside typical survey area [-85.0, -40.0] (rows 7452, EVENTNO=7470)
    - [WARNING] LONG_DD: Longitude outside typical survey area [-85.0, -40.0] (rows 7453, EVENTNO=7471)
    - [WARNING] LONG_DD: Longitude outside typical survey area [-85.0, -40.0] (rows 7454, EVENTNO=7472)
    - [WARNING] LONG_DD: Longitude outside typical survey area [-85.0, -40.0] (rows 7455, EVENTNO=7473)
    - [WARNING] LONG_DD: Longitude outside typical survey area [-85.0, -40.0] (rows 7456, EVENTNO=7474)
    - [WARNING] LONG_DD: Longitude outside typical survey area [-85.0, -40.0] (rows 7457, EVENTNO=7475)
    - [WARNING] LONG_DD: Longitude outside typical survey area [-85.0, -40.0] (rows 7458, EVENTNO=7476)
    - [WARNING] LONG_DD: Longitude outside typical survey area [-85.0, -40.0] (rows 7459, EVENTNO=7477)
    - [WARNING] LONG_DD: Longitude outside typical survey area [-85.0, -40.0] (rows 7460, EVENTNO=7478)
    - [WARNING] LONG_DD: Longitude outside typical survey area [-85.0, -40.0] (rows 7461, EVENTNO=7479)
    - [WARNING] LONG_DD: Longitude outside typical survey area [-85.0, -40.0] (rows 7462, EVENTNO=7480)
    - [WARNING] LONG_DD: Longitude outside typical survey area [-85.0, -40.0] (rows 7463, EVENTNO=7481)
    - [WARNING] LONG_DD: Longitude outside typical survey area [-85.0, -40.0] (rows 7464, EVENTNO=7482)
    - [WARNING] LONG_DD: Longitude outside typical survey area [-85.0, -40.0] (rows 7465, EVENTNO=7483)
    - [WARNING] LONG_DD: Longitude outside typical survey area [-85.0, -40.0] (rows 7466, EVENTNO=7484)
    - [WARNING] LONG_DD: Longitude outside typical survey area [-85.0, -40.0] (rows 7467, EVENTNO=7485)
    - [WARNING] LONG_DD: Longitude outside typical survey area [-85.0, -40.0] (rows 7468, EVENTNO=7486)
    - [WARNING] LONG_DD: Longitude outside typical survey area [-85.0, -40.0] (rows 7469, EVENTNO=7487)
    - [WARNING] LONG_DD: Longitude outside typical survey area [-85.0, -40.0] (rows 7470, EVENTNO=7488)
    - [WARNING] LONG_DD: Longitude outside typical survey area [-85.0, -40.0] (rows 7471, EVENTNO=7489)
    - [WARNING] LONG_DD: Longitude outside typical survey area [-85.0, -40.0] (rows 7472, EVENTNO=7490)
    - [WARNING] LONG_DD: Longitude outside typical survey area [-85.0, -40.0] (rows 7473, EVENTNO=7491)
    - [WARNING] LONG_DD: Longitude outside typical survey area [-85.0, -40.0] (rows 7474, EVENTNO=7492)
    - [WARNING] LONG_DD: Longitude outside typical survey area [-85.0, -40.0] (rows 7475, EVENTNO=7493)
    - [WARNING] LONG_DD: Longitude outside typical survey area [-85.0, -40.0] (rows 7476, EVENTNO=7494)
    - [WARNING] LONG_DD: Longitude outside typical survey area [-85.0, -40.0] (rows 7477, EVENTNO=7495)
    - [WARNING] LONG_DD: Longitude outside typical survey area [-85.0, -40.0] (rows 7478, EVENTNO=7496)
    - [WARNING] LONG_DD: Longitude outside typical survey area [-85.0, -40.0] (rows 7479, EVENTNO=7497)
    - [WARNING] LONG_DD: Longitude outside typical survey area [-85.0, -40.0] (rows 7480, EVENTNO=7498)
    - [WARNING] LONG_DD: Longitude outside typical survey area [-85.0, -40.0] (rows 7481, EVENTNO=7499)
    - [WARNING] LONG_DD: Longitude outside typical survey area [-85.0, -40.0] (rows 7482, EVENTNO=7500)
    - [WARNING] LONG_DD: Longitude outside typical survey area [-85.0, -40.0] (rows 7483, EVENTNO=7501)
    - [WARNING] LONG_DD: Longitude outside typical survey area [-85.0, -40.0] (rows 7484, EVENTNO=7502)
    - [WARNING] LONG_DD: Longitude outside typical survey area [-85.0, -40.0] (rows 7485, EVENTNO=7503)
    - [WARNING] LONG_DD: Longitude outside typical survey area [-85.0, -40.0] (rows 7486, EVENTNO=7504)
    - [WARNING] LONG_DD: Longitude outside typical survey area [-85.0, -40.0] (rows 7487, EVENTNO=7505)
    - [WARNING] LONG_DD: Longitude outside typical survey area [-85.0, -40.0] (rows 7488, EVENTNO=7506)
    - [WARNING] LONG_DD: Longitude outside typical survey area [-85.0, -40.0] (rows 7489, EVENTNO=7507)
    - [WARNING] SURFTEMP: SURFTEMP >35°C - above typical ocean maximum (rows 1902, EVENTNO=1903)
    - [WARNING] BEHAV: Calf-associated behavior(s) 40 recorded but no calf present (rows 282, EVENTNO=282)
    - [WARNING] BEHAV: Calf-associated behavior(s) 40 recorded but no calf present (rows 526, EVENTNO=526)
    - [WARNING] BEHAV: Calf-associated behavior(s) 40 recorded but no calf present (rows 1561, EVENTNO=1562)
    - [WARNING] BEHAV: Calf-associated behavior(s) 40 recorded but no calf present (rows 1781, EVENTNO=1782)
    - [WARNING] BEHAV: Calf-associated behavior(s) 40 recorded but no calf present (rows 1963, EVENTNO=1964)
    - [WARNING] BEHAV: Calf-associated behavior(s) 40 recorded but no calf present (rows 1970, EVENTNO=1971)
    - [WARNING] BEHAV: Calf-associated behavior(s) 40 recorded but no calf present (rows 3199, EVENTNO=3214)
    - [WARNING] BEHAV: Calf-associated behavior(s) 40 recorded but no calf present (rows 3313, EVENTNO=3328)
    - [WARNING] BEHAV: Calf-associated behavior(s) 40 recorded but no calf present (rows 3321, EVENTNO=3336)
    - [WARNING] BEHAV: Calf-associated behavior(s) 40 recorded but no calf present (rows 3667, EVENTNO=3682)
    - [WARNING] BEHAV: Calf-associated behavior(s) 40 recorded but no calf present (rows 5839, EVENTNO=5857)
    - [WARNING] BEHAV: Calf-associated behavior(s) 40 recorded but no calf present (rows 5967, EVENTNO=5985)
    - [WARNING] BEHAV: Calf-associated behavior(s) 40 recorded but no calf present (rows 6074, EVENTNO=6092)
    - [WARNING] BEHAV: Calf-associated behavior(s) 40 recorded but no calf present (rows 6153, EVENTNO=6171)
    - [WARNING] BEHAV: Calf-associated behavior(s) 40 recorded but no calf present (rows 6317, EVENTNO=6335)
--------------------------------------------------------------------------------

[29-Jun-2026 11:42:24] P998190G
Type: Validation error
Error: Validation failed: 0 errors, 75 warnings (0 acknowledged, 75 new)
ID: Ingestion:ValidationFailed
Location: BatchUploader.uploadSurvey (line 376)
Validation Details:
  Errors: 0
  Warnings: 75
  Details:
    - [WARNING] BEHAV: Calf-associated behavior(s) 40 recorded but no calf present (rows 459, EVENTNO=459)
    - [WARNING] BEHAV: Calf-associated behavior(s) 40 recorded but no calf present (rows 532, EVENTNO=532)
    - [WARNING] BEHAV: Calf-associated behavior(s) 40 recorded but no calf present (rows 551, EVENTNO=551)
    - [WARNING] BEHAV: Calf-associated behavior(s) 40 recorded but no calf present (rows 617, EVENTNO=617)
    - [WARNING] BEHAV: Calf-associated behavior(s) 40 recorded but no calf present (rows 647, EVENTNO=647)
    - [WARNING] BEHAV: Calf-associated behavior(s) 40 recorded but no calf present (rows 681, EVENTNO=681)
    - [WARNING] BEHAV: Calf-associated behavior(s) 40 recorded but no calf present (rows 710, EVENTNO=710)
    - [WARNING] BEHAV: Calf-associated behavior(s) 40 recorded but no calf present (rows 729, EVENTNO=729)
    - [WARNING] BEHAV: Calf-associated behavior(s) 40 recorded but no calf present (rows 857, EVENTNO=857)
    - [WARNING] BEHAV: Calf-associated behavior(s) 40 recorded but no calf present (rows 888, EVENTNO=888)
    - [WARNING] BEHAV: Calf-associated behavior(s) 40 recorded but no calf present (rows 960, EVENTNO=960)
    - [WARNING] BEHAV: Calf-associated behavior(s) 40 recorded but no calf present (rows 2089, EVENTNO=2089)
    - [WARNING] BEHAV: Calf-associated behavior(s) 40 recorded but no calf present (rows 2109, EVENTNO=2109)
    - [WARNING] BEHAV: Calf-associated behavior(s) 40 recorded but no calf present (rows 2182, EVENTNO=2182)
    - [WARNING] BEHAV: Calf-associated behavior(s) 40 recorded but no calf present (rows 2613, EVENTNO=2613)
    - [WARNING] BEHAV: Calf-associated behavior(s) 40 recorded but no calf present (rows 2726, EVENTNO=2726)
    - [WARNING] BEHAV: Calf-associated behavior(s) 40 recorded but no calf present (rows 2765, EVENTNO=2765)
    - [WARNING] BEHAV: Calf-associated behavior(s) 40 recorded but no calf present (rows 2778, EVENTNO=2778)
    - [WARNING] BEHAV: Calf-associated behavior(s) 40 recorded but no calf present (rows 3273, EVENTNO=3274)
    - [WARNING] BEHAV: Calf-associated behavior(s) 40 recorded but no calf present (rows 3304, EVENTNO=3305)
    - [WARNING] BEHAV: Calf-associated behavior(s) 40 recorded but no calf present (rows 3594, EVENTNO=3596)
    - [WARNING] BEHAV: Calf-associated behavior(s) 40 recorded but no calf present (rows 3665, EVENTNO=3667)
    - [WARNING] BEHAV: Calf-associated behavior(s) 40 recorded but no calf present (rows 3805, EVENTNO=3807)
    - [WARNING] BEHAV: Calf-associated behavior(s) 40 recorded but no calf present (rows 3975, EVENTNO=3977)
    - [WARNING] BEHAV: Calf-associated behavior(s) 40 recorded but no calf present (rows 3991, EVENTNO=3993)
    - [WARNING] BEHAV: Calf-associated behavior(s) 40 recorded but no calf present (rows 4008, EVENTNO=4010)
    - [WARNING] BEHAV: Calf-associated behavior(s) 40 recorded but no calf present (rows 4047, EVENTNO=4049)
    - [WARNING] BEHAV: Calf-associated behavior(s) 40 recorded but no calf present (rows 4195, EVENTNO=4197)
    - [WARNING] BEHAV: Calf-associated behavior(s) 40 recorded but no calf present (rows 5301, EVENTNO=5303)
    - [WARNING] BEHAV: Calf-associated behavior(s) 40 recorded but no calf present (rows 5642, EVENTNO=5644)
    - [WARNING] BEHAV: Calf-associated behavior(s) 40 recorded but no calf present (rows 5675, EVENTNO=5677)
    - [WARNING] BEHAV: Calf-associated behavior(s) 40 recorded but no calf present (rows 6000, EVENTNO=6002)
    - [WARNING] BEHAV: Calf-associated behavior(s) 40 recorded but no calf present (rows 6017, EVENTNO=6019)
    - [WARNING] BEHAV: Calf-associated behavior(s) 40 recorded but no calf present (rows 6219, EVENTNO=6221)
    - [WARNING] BEHAV: Calf-associated behavior(s) 40 recorded but no calf present (rows 6578, EVENTNO=6580)
    - [WARNING] BEHAV: Calf-associated behavior(s) 40 recorded but no calf present (rows 7318, EVENTNO=7320)
    - [WARNING] BEHAV: Calf-associated behavior(s) 40 recorded but no calf present (rows 7503, EVENTNO=7505)
    - [WARNING] BEHAV: Calf-associated behavior(s) 40 recorded but no calf present (rows 8248, EVENTNO=8250)
    - [WARNING] BEHAV: Calf-associated behavior(s) 40 recorded but no calf present (rows 8533, EVENTNO=8535)
    - [WARNING] BEHAV: Calf-associated behavior(s) 40 recorded but no calf present (rows 8561, EVENTNO=8563)
    - [WARNING] BEHAV: Calf-associated behavior(s) 40 recorded but no calf present (rows 8619, EVENTNO=8621)
    - [WARNING] BEHAV: Calf-associated behavior(s) 40 recorded but no calf present (rows 8764, EVENTNO=8766)
    - [WARNING] BEHAV: Calf-associated behavior(s) 40 recorded but no calf present (rows 8869, EVENTNO=8871)
    - [WARNING] BEHAV: Calf-associated behavior(s) 40 recorded but no calf present (rows 8902, EVENTNO=8904)
    - [WARNING] BEHAV: Calf-associated behavior(s) 40 recorded but no calf present (rows 8955, EVENTNO=8957)
    - [WARNING] BEHAV: Calf-associated behavior(s) 40 recorded but no calf present (rows 8970, EVENTNO=8972)
    - [WARNING] BEHAV: Calf-associated behavior(s) 40 recorded but no calf present (rows 9712, EVENTNO=9714)
    - [WARNING] BEHAV: Calf-associated behavior(s) 40 recorded but no calf present (rows 9763, EVENTNO=9765)
    - [WARNING] BEHAV: Calf-associated behavior(s) 40 recorded but no calf present (rows 9828, EVENTNO=9830)
    - [WARNING] BEHAV: Calf-associated behavior(s) 40 recorded but no calf present (rows 10100, EVENTNO=10102)
    - [WARNING] BEHAV: Calf-associated behavior(s) 40 recorded but no calf present (rows 10544, EVENTNO=10546)
    - [WARNING] BEHAV: Calf-associated behavior(s) 40 recorded but no calf present (rows 11405, EVENTNO=11407)
    - [WARNING] BEHAV: Calf-associated behavior(s) 40 recorded but no calf present (rows 11532, EVENTNO=11534)
    - [WARNING] BEHAV: Calf-associated behavior(s) 40 recorded but no calf present (rows 11755, EVENTNO=11757)
    - [WARNING] BEHAV: Calf-associated behavior(s) 40 recorded but no calf present (rows 12062, EVENTNO=12065)
    - [WARNING] BEHAV: Calf-associated behavior(s) 40 recorded but no calf present (rows 12077, EVENTNO=12080)
    - [WARNING] BEHAV: Calf-associated behavior(s) 40 recorded but no calf present (rows 12117, EVENTNO=12120)
    - [WARNING] BEHAV: Calf-associated behavior(s) 40 recorded but no calf present (rows 13079, EVENTNO=13082)
    - [WARNING] BEHAV: Calf-associated behavior(s) 40 recorded but no calf present (rows 13536, EVENTNO=13539)
    - [WARNING] BEHAV: Calf-associated behavior(s) 40 recorded but no calf present (rows 13631, EVENTNO=13634)
    - [WARNING] BEHAV: Calf-associated behavior(s) 40 recorded but no calf present (rows 13720, EVENTNO=13723)
    - [WARNING] BEHAV: Calf-associated behavior(s) 40 recorded but no calf present (rows 13755, EVENTNO=13758)
    - [WARNING] BEHAV: Calf-associated behavior(s) 40 recorded but no calf present (rows 13796, EVENTNO=13799)
    - [WARNING] BEHAV: Calf-associated behavior(s) 40 recorded but no calf present (rows 13833, EVENTNO=13836)
    - [WARNING] BEHAV: Calf-associated behavior(s) 40 recorded but no calf present (rows 14011, EVENTNO=14014)
    - [WARNING] BEHAV: Calf-associated behavior(s) 40 recorded but no calf present (rows 14151, EVENTNO=14154)
    - [WARNING] BEHAV: Calf-associated behavior(s) 40 recorded but no calf present (rows 14180, EVENTNO=14183)
    - [WARNING] BEHAV: Calf-associated behavior(s) 40 recorded but no calf present (rows 14207, EVENTNO=14210)
    - [WARNING] BEHAV: Calf-associated behavior(s) 40 recorded but no calf present (rows 14262, EVENTNO=14265)
    - [WARNING] BEHAV: Calf-associated behavior(s) 40 recorded but no calf present (rows 14356, EVENTNO=14359)
    - [WARNING] BEHAV: Calf-associated behavior(s) 40 recorded but no calf present (rows 14487, EVENTNO=14490)
    - [WARNING] BEHAV: Calf-associated behavior(s) 40 recorded but no calf present (rows 14552, EVENTNO=14555)
    - [WARNING] BEHAV: Calf-associated behavior(s) 40 recorded but no calf present (rows 14925, EVENTNO=14928)
    - [WARNING] BEHAV: Calf-associated behavior(s) 40 recorded but no calf present (rows 15328, EVENTNO=15331)
    - [WARNING] BEHAV: Calf-associated behavior(s) 40 recorded but no calf present (rows 15490, EVENTNO=15493)
--------------------------------------------------------------------------------

[29-Jun-2026 11:42:30] P999221G
Type: Validation error
Error: Validation failed: 0 errors, 65 warnings (0 acknowledged, 65 new)
ID: Ingestion:ValidationFailed
Location: BatchUploader.uploadSurvey (line 376)
Validation Details:
  Errors: 0
  Warnings: 65
  Details:
    - [WARNING] BEHAV: Calf-associated behavior(s) 40 recorded but no calf present (rows 73, EVENTNO=73)
    - [WARNING] BEHAV: Calf-associated behavior(s) 40 recorded but no calf present (rows 102, EVENTNO=102)
    - [WARNING] BEHAV: Calf-associated behavior(s) 40 recorded but no calf present (rows 590, EVENTNO=590)
    - [WARNING] BEHAV: Calf-associated behavior(s) 40 recorded but no calf present (rows 772, EVENTNO=772)
    - [WARNING] BEHAV: Calf-associated behavior(s) 40 recorded but no calf present (rows 802, EVENTNO=802)
    - [WARNING] BEHAV: Calf-associated behavior(s) 40 recorded but no calf present (rows 877, EVENTNO=877)
    - [WARNING] BEHAV: Calf-associated behavior(s) 40 recorded but no calf present (rows 893, EVENTNO=893)
    - [WARNING] BEHAV: Calf-associated behavior(s) 40 recorded but no calf present (rows 904, EVENTNO=904)
    - [WARNING] BEHAV: Calf-associated behavior(s) 40 recorded but no calf present (rows 947, EVENTNO=947)
    - [WARNING] BEHAV: Calf-associated behavior(s) 40 recorded but no calf present (rows 991, EVENTNO=991)
    - [WARNING] BEHAV: Calf-associated behavior(s) 40 recorded but no calf present (rows 1098, EVENTNO=1098)
    - [WARNING] BEHAV: Calf-associated behavior(s) 40 recorded but no calf present (rows 1190, EVENTNO=1190)
    - [WARNING] BEHAV: Calf-associated behavior(s) 40 recorded but no calf present (rows 1267, EVENTNO=1267)
    - [WARNING] BEHAV: Calf-associated behavior(s) 40 recorded but no calf present (rows 1283, EVENTNO=1283)
    - [WARNING] BEHAV: Calf-associated behavior(s) 40 recorded but no calf present (rows 1300, EVENTNO=1300)
    - [WARNING] BEHAV: Calf-associated behavior(s) 40 recorded but no calf present (rows 1518, EVENTNO=1518)
    - [WARNING] BEHAV: Calf-associated behavior(s) 40 recorded but no calf present (rows 1715, EVENTNO=1715)
    - [WARNING] BEHAV: Calf-associated behavior(s) 40 recorded but no calf present (rows 1813, EVENTNO=1813)
    - [WARNING] BEHAV: Calf-associated behavior(s) 40 recorded but no calf present (rows 1881, EVENTNO=1881)
    - [WARNING] BEHAV: Calf-associated behavior(s) 40 recorded but no calf present (rows 1896, EVENTNO=1896)
    - [WARNING] BEHAV: Calf-associated behavior(s) 40 recorded but no calf present (rows 1943, EVENTNO=1943)
    - [WARNING] BEHAV: Calf-associated behavior(s) 40 recorded but no calf present (rows 1980, EVENTNO=1980)
    - [WARNING] BEHAV: Calf-associated behavior(s) 40 recorded but no calf present (rows 2236, EVENTNO=2236)
    - [WARNING] BEHAV: Calf-associated behavior(s) 40 recorded but no calf present (rows 2257, EVENTNO=2257)
    - [WARNING] BEHAV: Calf-associated behavior(s) 40 recorded but no calf present (rows 2310, EVENTNO=2310)
    - [WARNING] BEHAV: Calf-associated behavior(s) 40 recorded but no calf present (rows 2370, EVENTNO=2370)
    - [WARNING] BEHAV: Calf-associated behavior(s) 40 recorded but no calf present (rows 2475, EVENTNO=2475)
    - [WARNING] BEHAV: Calf-associated behavior(s) 40 recorded but no calf present (rows 2647, EVENTNO=2647)
    - [WARNING] BEHAV: Calf-associated behavior(s) 40 recorded but no calf present (rows 3232, EVENTNO=3232)
    - [WARNING] BEHAV: Calf-associated behavior(s) 40 recorded but no calf present (rows 3307, EVENTNO=3307)
    - [WARNING] BEHAV: Calf-associated behavior(s) 40 recorded but no calf present (rows 3395, EVENTNO=3395)
    - [WARNING] BEHAV: Calf-associated behavior(s) 40 recorded but no calf present (rows 3609, EVENTNO=3609)
    - [WARNING] BEHAV: Calf-associated behavior(s) 40 recorded but no calf present (rows 4084, EVENTNO=4084)
    - [WARNING] BEHAV: Calf-associated behavior(s) 40 recorded but no calf present (rows 4230, EVENTNO=4230)
    - [WARNING] BEHAV: Calf-associated behavior(s) 40 recorded but no calf present (rows 5412, EVENTNO=5412)
    - [WARNING] BEHAV: Calf-associated behavior(s) 40 recorded but no calf present (rows 6139, EVENTNO=6139)
    - [WARNING] BEHAV: Calf-associated behavior(s) 40 recorded but no calf present (rows 6162, EVENTNO=6162)
    - [WARNING] BEHAV: Calf-associated behavior(s) 40 recorded but no calf present (rows 6793, EVENTNO=6793)
    - [WARNING] BEHAV: Calf-associated behavior(s) 40 recorded but no calf present (rows 7234, EVENTNO=7234)
    - [WARNING] BEHAV: Calf-associated behavior(s) 40 recorded but no calf present (rows 7526, EVENTNO=7526)
    - [WARNING] BEHAV: Calf-associated behavior(s) 40 recorded but no calf present (rows 7695, EVENTNO=7695)
    - [WARNING] BEHAV: Calf-associated behavior(s) 40 recorded but no calf present (rows 7813, EVENTNO=7813)
    - [WARNING] BEHAV: Calf-associated behavior(s) 40 recorded but no calf present (rows 8211, EVENTNO=8211)
    - [WARNING] BEHAV: Calf-associated behavior(s) 40 recorded but no calf present (rows 8316, EVENTNO=8316)
    - [WARNING] BEHAV: Calf-associated behavior(s) 40 recorded but no calf present (rows 9161, EVENTNO=9161)
    - [WARNING] BEHAV: Calf-associated behavior(s) 40 recorded but no calf present (rows 9367, EVENTNO=9367)
    - [WARNING] BEHAV: Calf-associated behavior(s) 40 recorded but no calf present (rows 9414, EVENTNO=9414)
    - [WARNING] BEHAV: Calf-associated behavior(s) 40 recorded but no calf present (rows 10820, EVENTNO=10820)
    - [WARNING] BEHAV: Calf-associated behavior(s) 40 recorded but no calf present (rows 11221, EVENTNO=11221)
    - [WARNING] BEHAV: Calf-associated behavior(s) 40 recorded but no calf present (rows 11297, EVENTNO=11297)
    - [WARNING] BEHAV: Calf-associated behavior(s) 40 recorded but no calf present (rows 11484, EVENTNO=11484)
    - [WARNING] BEHAV: Calf-associated behavior(s) 40 recorded but no calf present (rows 12010, EVENTNO=12010)
    - [WARNING] BEHAV: Calf-associated behavior(s) 40 recorded but no calf present (rows 12188, EVENTNO=12188)
    - [WARNING] BEHAV: Calf-associated behavior(s) 40 recorded but no calf present (rows 12390, EVENTNO=12390)
    - [WARNING] BEHAV: Calf-associated behavior(s) 40 recorded but no calf present (rows 12515, EVENTNO=12515)
    - [WARNING] BEHAV: Calf-associated behavior(s) 40 recorded but no calf present (rows 12825, EVENTNO=12825)
    - [WARNING] BEHAV: Calf-associated behavior(s) 40 recorded but no calf present (rows 13519, EVENTNO=13519)
    - [WARNING] BEHAV: Calf-associated behavior(s) 40 recorded but no calf present (rows 13836, EVENTNO=13836)
    - [WARNING] BEHAV: Calf-associated behavior(s) 40 recorded but no calf present (rows 13870, EVENTNO=13870)
    - [WARNING] BEHAV: Calf-associated behavior(s) 40 recorded but no calf present (rows 13995, EVENTNO=13995)
    - [WARNING] BEHAV: Calf-associated behavior(s) 40 recorded but no calf present (rows 14068, EVENTNO=14068)
    - [WARNING] BEHAV: Calf-associated behavior(s) 40 recorded but no calf present (rows 14245, EVENTNO=14245)
    - [WARNING] BEHAV: Calf-associated behavior(s) 40 recorded but no calf present (rows 14373, EVENTNO=14373)
    - [WARNING] BEHAV: Calf-associated behavior(s) 40 recorded but no calf present (rows 14577, EVENTNO=14577)
    - [WARNING] BEHAV: Calf-associated behavior(s) 40 recorded but no calf present (rows 14578, EVENTNO=14578)
--------------------------------------------------------------------------------

[29-Jun-2026 11:42:30] Q182000
Type: Validation error
Error: Validation failed: 1 errors, 7 warnings (0 acknowledged, 7 new)
ID: Ingestion:ValidationFailed
Location: BatchUploader.uploadSurvey (line 376)
Validation Details:
  Errors: 1
  Warnings: 7
  Details:
    - [ERROR] DAY: Required field DAY cannot be NULL or empty (rows [70;71])
    - [WARNING] BEHAV: Calf-associated behavior(s) 40 recorded but no calf present (rows 15, EVENTNO=11)
    - [WARNING] BEHAV: Calf-associated behavior(s) 40 recorded but no calf present (rows 42, EVENTNO=30)
    - [WARNING] BEHAV: Calf-associated behavior(s) 40 recorded but no calf present (rows 44, EVENTNO=31)
    - [WARNING] BEHAV: Calf-associated behavior(s) 40 recorded but no calf present (rows 64, EVENTNO=41)
    - [WARNING] BEHAV: Calf-associated behavior(s) 40 recorded but no calf present (rows 68, EVENTNO=43)
    - [WARNING] BEHAV: Calf-associated behavior(s) 40 recorded but no calf present (rows 76, EVENTNO=48)
    - [WARNING] BEHAV: Calf-associated behavior(s) 40 recorded but no calf present (rows 82, EVENTNO=53)
--------------------------------------------------------------------------------

[29-Jun-2026 11:42:31] Q266249
Type: Validation error
Error: Validation failed: 1 errors, 0 warnings (0 acknowledged, 0 new)
ID: Ingestion:ValidationFailed
Location: BatchUploader.uploadSurvey (line 376)
Validation Details:
  Errors: 1
  Warnings: 0
  Details:
    - [ERROR] YEAR: YEAR outside valid range [1970, 2027] (rows [522;523;524;525;526;527;528;529;530;531;532;533;534;535;536;537;538;539;540;541;542;543;544;545;546;547;548;549;550;551;552;553;554;555;556;557;558;559;560;561;562;563;564;565;566;567;568;569;570;571;572;573;574;575;576;577;578;579;580;581;582;583;584;585;586;587;588;589;590;591;592;593;594;595;596;597;598;599;600;601;602;603;604;605;606;607;608])
--------------------------------------------------------------------------------

[29-Jun-2026 11:42:31] Q282140
Type: Validation error
Error: Validation failed: 0 errors, 2 warnings (0 acknowledged, 2 new)
ID: Ingestion:ValidationFailed
Location: BatchUploader.uploadSurvey (line 376)
Validation Details:
  Errors: 0
  Warnings: 2
  Details:
    - [WARNING] BEHAV: Calf-associated behavior(s) 40 recorded but no calf present (rows 15, EVENTNO=8)
    - [WARNING] BEHAV: Calf-associated behavior(s) 40 recorded but no calf present (rows 21, EVENTNO=11)
--------------------------------------------------------------------------------

[29-Jun-2026 11:42:32] Q283133
Type: Validation error
Error: Validation failed: 0 errors, 2 warnings (0 acknowledged, 2 new)
ID: Ingestion:ValidationFailed
Location: BatchUploader.uploadSurvey (line 376)
Validation Details:
  Errors: 0
  Warnings: 2
  Details:
    - [WARNING] BEHAV: Calf-associated behavior(s) 40 recorded but no calf present (rows 17, EVENTNO=9)
    - [WARNING] BEHAV: Calf-associated behavior(s) 40 recorded but no calf present (rows 19, EVENTNO=10)
--------------------------------------------------------------------------------

[29-Jun-2026 11:42:32] R180110
Type: Validation error
Error: Validation failed: 0 errors, 2 warnings (0 acknowledged, 2 new)
ID: Ingestion:ValidationFailed
Location: BatchUploader.uploadSurvey (line 376)
Validation Details:
  Errors: 0
  Warnings: 2
  Details:
    - [WARNING] BEHAV: Calf-associated behavior(s) 40 recorded but no calf present (rows 3, EVENTNO=30)
    - [WARNING] BEHAV: Calf-associated behavior(s) 40 recorded but no calf present (rows 47, EVENTNO=460)
--------------------------------------------------------------------------------

[29-Jun-2026 11:42:33] R180124
Type: Validation error
Error: Validation failed: 0 errors, 2 warnings (0 acknowledged, 2 new)
ID: Ingestion:ValidationFailed
Location: BatchUploader.uploadSurvey (line 376)
Validation Details:
  Errors: 0
  Warnings: 2
  Details:
    - [WARNING] BEHAV: Calf-associated behavior(s) 40 recorded but no calf present (rows 105, EVENTNO=950)
    - [WARNING] BEHAV: Calf-associated behavior(s) 40 recorded but no calf present (rows 125, EVENTNO=1130)
--------------------------------------------------------------------------------

[29-Jun-2026 11:42:33] R180308
Type: Validation error
Error: Validation failed: 0 errors, 1 warnings (0 acknowledged, 1 new)
ID: Ingestion:ValidationFailed
Location: BatchUploader.uploadSurvey (line 376)
Validation Details:
  Errors: 0
  Warnings: 1
  Details:
    - [WARNING] BEHAV: Calf-associated behavior(s) 40 recorded but no calf present (rows 25, EVENTNO=220)
--------------------------------------------------------------------------------

[29-Jun-2026 11:42:34] R181141
Type: Validation error
Error: Validation failed: 0 errors, 1 warnings (0 acknowledged, 1 new)
ID: Ingestion:ValidationFailed
Location: BatchUploader.uploadSurvey (line 376)
Validation Details:
  Errors: 0
  Warnings: 1
  Details:
    - [WARNING] BEHAV: Calf-associated behavior(s) 40 recorded but no calf present (rows 40, EVENTNO=340)
--------------------------------------------------------------------------------

[29-Jun-2026 11:42:34] R280125
Type: Validation error
Error: Validation failed: 0 errors, 1 warnings (0 acknowledged, 1 new)
ID: Ingestion:ValidationFailed
Location: BatchUploader.uploadSurvey (line 376)
Validation Details:
  Errors: 0
  Warnings: 1
  Details:
    - [WARNING] BEHAV: Calf-associated behavior(s) 40 recorded but no calf present (rows 9, EVENTNO=90)
--------------------------------------------------------------------------------

[29-Jun-2026 11:42:34] R280136
Type: Validation error
Error: Validation failed: 0 errors, 1 warnings (0 acknowledged, 1 new)
ID: Ingestion:ValidationFailed
Location: BatchUploader.uploadSurvey (line 376)
Validation Details:
  Errors: 0
  Warnings: 1
  Details:
    - [WARNING] BEHAV: Calf-associated behavior(s) 40 recorded but no calf present (rows 27, EVENTNO=260)
--------------------------------------------------------------------------------

[29-Jun-2026 11:42:35] R285129
Type: Validation error
Error: Validation failed: 0 errors, 2 warnings (0 acknowledged, 2 new)
ID: Ingestion:ValidationFailed
Location: BatchUploader.uploadSurvey (line 376)
Validation Details:
  Errors: 0
  Warnings: 2
  Details:
    - [WARNING] BEHAV: Calf-associated behavior(s) 40 recorded but no calf present (rows 591, EVENTNO=554)
    - [WARNING] BEHAV: Calf-associated behavior(s) 40 recorded but no calf present (rows 904, EVENTNO=859)
--------------------------------------------------------------------------------

[29-Jun-2026 11:42:36] R285150
Type: Validation error
Error: Validation failed: 0 errors, 2 warnings (0 acknowledged, 2 new)
ID: Ingestion:ValidationFailed
Location: BatchUploader.uploadSurvey (line 376)
Validation Details:
  Errors: 0
  Warnings: 2
  Details:
    - [WARNING] BEHAV: Calf-associated behavior(s) 40 recorded but no calf present (rows 187, EVENTNO=1520)
    - [WARNING] BEHAV: Calf-associated behavior(s) 40 recorded but no calf present (rows 563, EVENTNO=4310)
--------------------------------------------------------------------------------

[29-Jun-2026 11:42:38] R285172
Type: Validation error
Error: Validation failed: 0 errors, 1 warnings (0 acknowledged, 1 new)
ID: Ingestion:ValidationFailed
Location: BatchUploader.uploadSurvey (line 376)
Validation Details:
  Errors: 0
  Warnings: 1
  Details:
    - [WARNING] BEHAV: Calf-associated behavior(s) 40 recorded but no calf present (rows 376, EVENTNO=367)
--------------------------------------------------------------------------------

[29-Jun-2026 11:42:38] T279087
Type: Validation error
Error: Validation failed: 0 errors, 1 warnings (0 acknowledged, 1 new)
ID: Ingestion:ValidationFailed
Location: BatchUploader.uploadSurvey (line 376)
Validation Details:
  Errors: 0
  Warnings: 1
  Details:
    - [WARNING] BEHAV: Calf-associated behavior(s) 40 recorded but no calf present (rows 49, EVENTNO=420)
--------------------------------------------------------------------------------

[29-Jun-2026 11:42:39] T279277
Type: Validation error
Error: Validation failed: 0 errors, 1 warnings (0 acknowledged, 1 new)
ID: Ingestion:ValidationFailed
Location: BatchUploader.uploadSurvey (line 376)
Validation Details:
  Errors: 0
  Warnings: 1
  Details:
    - [WARNING] BEHAV: Calf-associated behavior(s) 40 recorded but no calf present (rows 66, EVENTNO=650)
--------------------------------------------------------------------------------

[29-Jun-2026 11:42:39] T479177
Type: Validation error
Error: Validation failed: 0 errors, 3 warnings (0 acknowledged, 3 new)
ID: Ingestion:ValidationFailed
Location: BatchUploader.uploadSurvey (line 376)
Validation Details:
  Errors: 0
  Warnings: 3
  Details:
    - [WARNING] BEHAV: Calf-associated behavior(s) 40 recorded but no calf present (rows 2, EVENTNO=20)
    - [WARNING] BEHAV: Calf-associated behavior(s) 40 recorded but no calf present (rows 3, EVENTNO=20)
    - [WARNING] BEHAV: Calf-associated behavior(s) 40 recorded but no calf present (rows 6, EVENTNO=50)
--------------------------------------------------------------------------------

[29-Jun-2026 11:42:40] W179130
Type: Validation error
Error: Validation failed: 0 errors, 1 warnings (0 acknowledged, 1 new)
ID: Ingestion:ValidationFailed
Location: BatchUploader.uploadSurvey (line 376)
Validation Details:
  Errors: 0
  Warnings: 1
  Details:
    - [WARNING] BEHAV: Calf-associated behavior(s) 40 recorded but no calf present (rows 16, EVENTNO=160)
--------------------------------------------------------------------------------

[29-Jun-2026 11:42:40] _run_summary.csv
Type: File processing error
Error: No FILEID found in survey data
ID: 
Location: BatchUploader.uploadSurvey (line 287)
--------------------------------------------------------------------------------

[29-Jun-2026 11:42:43] a111310
Type: Validation error
Error: Validation failed: 1 errors, 0 warnings (0 acknowledged, 0 new)
ID: Ingestion:ValidationFailed
Location: BatchUploader.uploadSurvey (line 376)
Validation Details:
  Errors: 1
  Warnings: 0
  Details:
    - [ERROR] TAXCODE: TAXCODE mismatch: got 4, expected 9 for SPECCODE "UNMM" (rows 3654)
--------------------------------------------------------------------------------

[29-Jun-2026 11:42:45] a111330
Type: Validation error
Error: Validation failed: 1 errors, 0 warnings (0 acknowledged, 0 new)
ID: Ingestion:ValidationFailed
Location: BatchUploader.uploadSurvey (line 376)
Validation Details:
  Errors: 1
  Warnings: 0
  Details:
    - [ERROR] TAXCODE: TAXCODE mismatch: got 4, expected 9 for SPECCODE "UNMM" (rows 119)
--------------------------------------------------------------------------------

[29-Jun-2026 11:42:48] a113211
Type: Validation error
Error: Validation failed: 0 errors, 1 warnings (0 acknowledged, 1 new)
ID: Ingestion:ValidationFailed
Location: BatchUploader.uploadSurvey (line 376)
Validation Details:
  Errors: 0
  Warnings: 1
  Details:
    - [WARNING] BEHAV: Calf-associated behavior(s) 40 recorded but no calf present (rows 1758, EVENTNO=3325)
--------------------------------------------------------------------------------

[29-Jun-2026 11:42:51] a119015
Type: Validation error
Error: Validation failed: 1 errors, 0 warnings (0 acknowledged, 0 new)
ID: Ingestion:ValidationFailed
Location: BatchUploader.uploadSurvey (line 376)
Validation Details:
  Errors: 1
  Warnings: 0
  Details:
    - [ERROR] TAXCODE: TAXCODE mismatch: got 4, expected 9 for SPECCODE "UNMM" (rows 281)
--------------------------------------------------------------------------------

[29-Jun-2026 11:42:53] a122196
Type: Validation error
Error: Validation failed: 1 errors, 0 warnings (0 acknowledged, 0 new)
ID: Ingestion:ValidationFailed
Location: BatchUploader.uploadSurvey (line 376)
Validation Details:
  Errors: 1
  Warnings: 0
  Details:
    - [ERROR] ANHEAD: ANHEAD contains invalid value(s) not in ANHEAD lookup table: 19 (rows [402;407])
--------------------------------------------------------------------------------

[29-Jun-2026 11:42:56] a122231
Type: Validation error
Error: Validation failed: 0 errors, 1 warnings (0 acknowledged, 1 new)
ID: Ingestion:ValidationFailed
Location: BatchUploader.uploadSurvey (line 376)
Validation Details:
  Errors: 0
  Warnings: 1
  Details:
    - [WARNING] NUMCALF: NUMCALF (1) is more than half of NUMBER (1) - verify count (rows 826, EVENTNO=1459)
--------------------------------------------------------------------------------

[29-Jun-2026 11:43:30] a221205
Type: Validation error
Error: Validation failed: 1 errors, 0 warnings (0 acknowledged, 0 new)
ID: Ingestion:ValidationFailed
Location: BatchUploader.uploadSurvey (line 376)
Validation Details:
  Errors: 1
  Warnings: 0
  Details:
    - [ERROR] STRIP: STRIP contains invalid value(s) not in STRIP lookup table: [45 41 61 49 50] ... (+27 more values) (+69 more rows) (rows [12;17;18;19;23])
--------------------------------------------------------------------------------

[29-Jun-2026 11:43:31] a321140
Type: Validation error
Error: Validation failed: 1 errors, 0 warnings (0 acknowledged, 0 new)
ID: Ingestion:ValidationFailed
Location: BatchUploader.uploadSurvey (line 376)
Validation Details:
  Errors: 1
  Warnings: 0
  Details:
    - [ERROR] STRIP: STRIP contains invalid value(s) not in STRIP lookup table: [27 25 19 40 30] ... (+2 more values) (+2 more rows) (rows [137;332;726;976;1057])
--------------------------------------------------------------------------------

[29-Jun-2026 11:43:34] a321143
Type: Validation error
Error: Validation failed: 1 errors, 0 warnings (0 acknowledged, 0 new)
ID: Ingestion:ValidationFailed
Location: BatchUploader.uploadSurvey (line 376)
Validation Details:
  Errors: 1
  Warnings: 0
  Details:
    - [ERROR] STRIP: STRIP contains invalid value(s) not in STRIP lookup table: [35 52 55 44 59] ... (+39 more values) (+73 more rows) (rows [175;231;295;693;782])
--------------------------------------------------------------------------------

[29-Jun-2026 11:43:35] a321171
Type: Validation error
Error: Validation failed: 1 errors, 0 warnings (0 acknowledged, 0 new)
ID: Ingestion:ValidationFailed
Location: BatchUploader.uploadSurvey (line 376)
Validation Details:
  Errors: 1
  Warnings: 0
  Details:
    - [ERROR] STRIP: STRIP contains invalid value(s) not in STRIP lookup table: [35 32 37 68 18] ... (+19 more values) (+35 more rows) (rows [81;85;291;486;508])
--------------------------------------------------------------------------------

[29-Jun-2026 11:43:37] a321175
Type: Validation error
Error: Validation failed: 1 errors, 0 warnings (0 acknowledged, 0 new)
ID: Ingestion:ValidationFailed
Location: BatchUploader.uploadSurvey (line 376)
Validation Details:
  Errors: 1
  Warnings: 0
  Details:
    - [ERROR] STRIP: STRIP contains invalid value(s) not in STRIP lookup table: [60 58 35 27 75] ... (+17 more values) (+29 more rows) (rows [34;86;114;132;135])
--------------------------------------------------------------------------------

[29-Jun-2026 11:43:39] a321201
Type: Validation error
Error: Validation failed: 1 errors, 0 warnings (0 acknowledged, 0 new)
ID: Ingestion:ValidationFailed
Location: BatchUploader.uploadSurvey (line 376)
Validation Details:
  Errors: 1
  Warnings: 0
  Details:
    - [ERROR] STRIP: STRIP contains invalid value(s) not in STRIP lookup table: [61 55 57 64 51] ... (+23 more values) (+37 more rows) (rows [270;671;1012;1124;1208])
--------------------------------------------------------------------------------

[29-Jun-2026 11:43:47] a422260
Type: Validation error
Error: Validation failed: 1 errors, 0 warnings (0 acknowledged, 0 new)
ID: Ingestion:ValidationFailed
Location: BatchUploader.uploadSurvey (line 376)
Validation Details:
  Errors: 1
  Warnings: 0
  Details:
    - [ERROR] TAXCODE: TAXCODE mismatch: got 4, expected 9 for SPECCODE "UNMM" (rows 2080)
--------------------------------------------------------------------------------

[29-Jun-2026 11:43:49] a422336
Type: Validation error
Error: Validation failed: 1 errors, 0 warnings (0 acknowledged, 0 new)
ID: Ingestion:ValidationFailed
Location: BatchUploader.uploadSurvey (line 376)
Validation Details:
  Errors: 1
  Warnings: 0
  Details:
    - [ERROR] TAXCODE: TAXCODE mismatch: got 4, expected 9 for SPECCODE "UNMM" (rows 2281)
--------------------------------------------------------------------------------

[29-Jun-2026 11:43:51] b119121
Type: Validation error
Error: Validation failed: 1 errors, 0 warnings (0 acknowledged, 0 new)
ID: Ingestion:ValidationFailed
Location: BatchUploader.uploadSurvey (line 376)
Validation Details:
  Errors: 1
  Warnings: 0
  Details:
    - [ERROR] TAXCODE: TAXCODE mismatch: got 4, expected 9 for SPECCODE "UNMM" (rows 3443)
--------------------------------------------------------------------------------

[29-Jun-2026 11:43:52] b121205
Type: Validation error
Error: Validation failed: 1 errors, 0 warnings (0 acknowledged, 0 new)
ID: Ingestion:ValidationFailed
Location: BatchUploader.uploadSurvey (line 376)
Validation Details:
  Errors: 1
  Warnings: 0
  Details:
    - [ERROR] STRIP: STRIP contains invalid value(s) not in STRIP lookup table: [48 32 45 65 50] ... (+12 more values) (+13 more rows) (rows [173;192;232;235;236])
--------------------------------------------------------------------------------

[29-Jun-2026 11:43:54] b121276
Type: Validation error
Error: Validation failed: 1 errors, 0 warnings (0 acknowledged, 0 new)
ID: Ingestion:ValidationFailed
Location: BatchUploader.uploadSurvey (line 376)
Validation Details:
  Errors: 1
  Warnings: 0
  Details:
    - [ERROR] STRIP: STRIP contains invalid value(s) not in STRIP lookup table: 99 (+5 more rows) (rows [179;798;1457;1607;1875])
--------------------------------------------------------------------------------

[29-Jun-2026 11:44:06] c015126
Type: Validation error
Error: Validation failed: 0 errors, 1 warnings (0 acknowledged, 1 new)
ID: Ingestion:ValidationFailed
Location: BatchUploader.uploadSurvey (line 376)
Validation Details:
  Errors: 0
  Warnings: 1
  Details:
    - [WARNING] BEHAV: Calf-associated behavior(s) 40 recorded but no calf present (rows 1027, EVENTNO=1169)
--------------------------------------------------------------------------------

[29-Jun-2026 11:44:08] c016038
Type: Validation error
Error: Validation failed: 1 errors, 0 warnings (0 acknowledged, 0 new)
ID: Ingestion:ValidationFailed
Location: BatchUploader.uploadSurvey (line 376)
Validation Details:
  Errors: 1
  Warnings: 0
  Details:
    - [ERROR] ANHEAD: ANHEAD contains invalid value(s) not in ANHEAD lookup table: [31 27 36] (rows [2326;2423;2464])
--------------------------------------------------------------------------------

[29-Jun-2026 11:44:09] c016046
Type: Validation error
Error: Validation failed: 1 errors, 0 warnings (0 acknowledged, 0 new)
ID: Ingestion:ValidationFailed
Location: BatchUploader.uploadSurvey (line 376)
Validation Details:
  Errors: 1
  Warnings: 0
  Details:
    - [ERROR] ANHEAD: ANHEAD contains invalid value(s) not in ANHEAD lookup table: 36 (rows 1322)
--------------------------------------------------------------------------------

[29-Jun-2026 11:44:11] c016079
Type: Validation error
Error: Validation failed: 1 errors, 0 warnings (0 acknowledged, 0 new)
ID: Ingestion:ValidationFailed
Location: BatchUploader.uploadSurvey (line 376)
Validation Details:
  Errors: 1
  Warnings: 0
  Details:
    - [ERROR] ANHEAD: ANHEAD contains invalid value(s) not in ANHEAD lookup table: [18 36] (rows [447;3657;3658;4241])
--------------------------------------------------------------------------------

[29-Jun-2026 11:44:13] c016100
Type: Validation error
Error: Validation failed: 1 errors, 0 warnings (0 acknowledged, 0 new)
ID: Ingestion:ValidationFailed
Location: BatchUploader.uploadSurvey (line 376)
Validation Details:
  Errors: 1
  Warnings: 0
  Details:
    - [ERROR] ANHEAD: ANHEAD contains invalid value(s) not in ANHEAD lookup table: 90 (rows 1757)
--------------------------------------------------------------------------------

[29-Jun-2026 11:44:14] c016127
Type: Validation error
Error: Validation failed: 0 errors, 1 warnings (0 acknowledged, 1 new)
ID: Ingestion:ValidationFailed
Location: BatchUploader.uploadSurvey (line 376)
Validation Details:
  Errors: 0
  Warnings: 1
  Details:
    - [WARNING] NUMCALF: NUMCALF (1) is more than half of NUMBER (1) - verify count (rows 17, EVENTNO=104)
--------------------------------------------------------------------------------

[29-Jun-2026 11:44:16] c018101
Type: Validation error
Error: Validation failed: 1 errors, 0 warnings (0 acknowledged, 0 new)
ID: Ingestion:ValidationFailed
Location: BatchUploader.uploadSurvey (line 376)
Validation Details:
  Errors: 1
  Warnings: 0
  Details:
    - [ERROR] ANHEAD: ANHEAD contains invalid value(s) not in ANHEAD lookup table: 54 (rows 2819)
--------------------------------------------------------------------------------

[29-Jun-2026 11:44:19] c021062
Type: Validation error
Error: Validation failed: 0 errors, 1 warnings (0 acknowledged, 1 new)
ID: Ingestion:ValidationFailed
Location: BatchUploader.uploadSurvey (line 376)
Validation Details:
  Errors: 0
  Warnings: 1
  Details:
    - [WARNING] NUMCALF: NUMCALF (1) is more than half of NUMBER (1) - verify count (rows 1905, EVENTNO=2190)
--------------------------------------------------------------------------------

[29-Jun-2026 11:44:20] c021098
Type: Validation error
Error: Validation failed: 0 errors, 1 warnings (0 acknowledged, 1 new)
ID: Ingestion:ValidationFailed
Location: BatchUploader.uploadSurvey (line 376)
Validation Details:
  Errors: 0
  Warnings: 1
  Details:
    - [WARNING] NUMCALF: NUMCALF (1) is more than half of NUMBER (1) - verify count (rows 154, EVENTNO=233)
--------------------------------------------------------------------------------

[29-Jun-2026 11:44:22] c022093
Type: Validation error
Error: Validation failed: 0 errors, 1 warnings (0 acknowledged, 1 new)
ID: Ingestion:ValidationFailed
Location: BatchUploader.uploadSurvey (line 376)
Validation Details:
  Errors: 0
  Warnings: 1
  Details:
    - [WARNING] NUMCALF: NUMCALF (1) is more than half of NUMBER (1) - verify count (rows 2094, EVENTNO=2256)
--------------------------------------------------------------------------------

[29-Jun-2026 11:44:25] c022095
Type: Validation error
Error: Validation failed: 0 errors, 1 warnings (0 acknowledged, 1 new)
ID: Ingestion:ValidationFailed
Location: BatchUploader.uploadSurvey (line 376)
Validation Details:
  Errors: 0
  Warnings: 1
  Details:
    - [WARNING] NUMCALF: NUMCALF (1) is more than half of NUMBER (1) - verify count (rows 3848, EVENTNO=4063)
--------------------------------------------------------------------------------

[29-Jun-2026 11:44:28] c022103
Type: Validation error
Error: Validation failed: 0 errors, 1 warnings (0 acknowledged, 1 new)
ID: Ingestion:ValidationFailed
Location: BatchUploader.uploadSurvey (line 376)
Validation Details:
  Errors: 0
  Warnings: 1
  Details:
    - [WARNING] NUMCALF: NUMCALF (1) is more than half of NUMBER (1) - verify count (rows 579, EVENTNO=806)
--------------------------------------------------------------------------------

[29-Jun-2026 11:44:30] c023099
Type: Validation error
Error: Validation failed: 0 errors, 1 warnings (0 acknowledged, 1 new)
ID: Ingestion:ValidationFailed
Location: BatchUploader.uploadSurvey (line 376)
Validation Details:
  Errors: 0
  Warnings: 1
  Details:
    - [WARNING] NUMCALF: NUMCALF (1) is more than half of NUMBER (1) - verify count (rows 785, EVENTNO=855)
--------------------------------------------------------------------------------

[29-Jun-2026 11:44:31] f000098
Type: Validation error
Error: Validation failed: 0 errors, 2 warnings (0 acknowledged, 2 new)
ID: Ingestion:ValidationFailed
Location: BatchUploader.uploadSurvey (line 376)
Validation Details:
  Errors: 0
  Warnings: 2
  Details:
    - [WARNING] NUMCALF: NUMCALF (1) is more than half of NUMBER (1) - verify count (rows 41, EVENTNO=40)
    - [WARNING] NUMCALF: NUMCALF (1) is more than half of NUMBER (1) - verify count (rows 42, EVENTNO=41)
--------------------------------------------------------------------------------

[29-Jun-2026 11:44:32] f001094
Type: Validation error
Error: Validation failed: 0 errors, 1 warnings (0 acknowledged, 1 new)
ID: Ingestion:ValidationFailed
Location: BatchUploader.uploadSurvey (line 376)
Validation Details:
  Errors: 0
  Warnings: 1
  Details:
    - [WARNING] NUMCALF: NUMCALF (1) is more than half of NUMBER (1) - verify count (rows 21, EVENTNO=21)
--------------------------------------------------------------------------------

[29-Jun-2026 11:44:33] f001101
Type: Validation error
Error: Validation failed: 0 errors, 2 warnings (0 acknowledged, 2 new)
ID: Ingestion:ValidationFailed
Location: BatchUploader.uploadSurvey (line 376)
Validation Details:
  Errors: 0
  Warnings: 2
  Details:
    - [WARNING] NUMCALF: NUMCALF (1) is more than half of NUMBER (1) - verify count (rows 77, EVENTNO=70)
    - [WARNING] BEHAV: Calf-associated behavior(s) 40 recorded but no calf present (rows 76, EVENTNO=69)
--------------------------------------------------------------------------------

[29-Jun-2026 11:44:33] f001106
Type: Validation error
Error: Validation failed: 0 errors, 1 warnings (0 acknowledged, 1 new)
ID: Ingestion:ValidationFailed
Location: BatchUploader.uploadSurvey (line 376)
Validation Details:
  Errors: 0
  Warnings: 1
  Details:
    - [WARNING] BEHAV: Calf-associated behavior(s) 40 recorded but no calf present (rows 100, EVENTNO=97)
--------------------------------------------------------------------------------

[29-Jun-2026 11:44:34] f002125
Type: Validation error
Error: Validation failed: 0 errors, 1 warnings (0 acknowledged, 1 new)
ID: Ingestion:ValidationFailed
Location: BatchUploader.uploadSurvey (line 376)
Validation Details:
  Errors: 0
  Warnings: 1
  Details:
    - [WARNING] BEHAV: Calf-associated behavior(s) 40 recorded but no calf present (rows 10, EVENTNO=9)
--------------------------------------------------------------------------------

[29-Jun-2026 11:44:34] f004021
Type: Validation error
Error: Validation failed: 2 errors, 0 warnings (0 acknowledged, 0 new)
ID: Ingestion:ValidationFailed
Location: BatchUploader.uploadSurvey (line 376)
Validation Details:
  Errors: 2
  Warnings: 0
  Details:
    - [ERROR] GLAREL: GLAREL contains invalid value(s) not in GLARE lookup table: 9 (+427 more rows) (rows [1;2;3;4;5])
    - [ERROR] GLARER: GLARER contains invalid value(s) not in GLARE lookup table: 9 (+427 more rows) (rows [1;2;3;4;5])
--------------------------------------------------------------------------------

[29-Jun-2026 11:44:35] f004027
Type: Validation error
Error: Validation failed: 2 errors, 0 warnings (0 acknowledged, 0 new)
ID: Ingestion:ValidationFailed
Location: BatchUploader.uploadSurvey (line 376)
Validation Details:
  Errors: 2
  Warnings: 0
  Details:
    - [ERROR] GLAREL: GLAREL contains invalid value(s) not in GLARE lookup table: 9 (+1152 more rows) (rows [1;2;3;4;5])
    - [ERROR] GLARER: GLARER contains invalid value(s) not in GLARE lookup table: 9 (+1152 more rows) (rows [1;2;3;4;5])
--------------------------------------------------------------------------------

[29-Jun-2026 11:44:36] f004033
Type: Validation error
Error: Validation failed: 2 errors, 0 warnings (0 acknowledged, 0 new)
ID: Ingestion:ValidationFailed
Location: BatchUploader.uploadSurvey (line 376)
Validation Details:
  Errors: 2
  Warnings: 0
  Details:
    - [ERROR] GLAREL: GLAREL contains invalid value(s) not in GLARE lookup table: 9 (+1086 more rows) (rows [1;2;3;4;5])
    - [ERROR] GLARER: GLARER contains invalid value(s) not in GLARE lookup table: 9 (+1086 more rows) (rows [1;2;3;4;5])
--------------------------------------------------------------------------------

[29-Jun-2026 11:44:38] f004034
Type: Validation error
Error: Validation failed: 2 errors, 0 warnings (0 acknowledged, 0 new)
ID: Ingestion:ValidationFailed
Location: BatchUploader.uploadSurvey (line 376)
Validation Details:
  Errors: 2
  Warnings: 0
  Details:
    - [ERROR] GLAREL: GLAREL contains invalid value(s) not in GLARE lookup table: 9 (+1384 more rows) (rows [1;2;3;4;5])
    - [ERROR] GLARER: GLARER contains invalid value(s) not in GLARE lookup table: 9 (+1384 more rows) (rows [1;2;3;4;5])
--------------------------------------------------------------------------------

[29-Jun-2026 11:44:39] f004041
Type: Validation error
Error: Validation failed: 2 errors, 0 warnings (0 acknowledged, 0 new)
ID: Ingestion:ValidationFailed
Location: BatchUploader.uploadSurvey (line 376)
Validation Details:
  Errors: 2
  Warnings: 0
  Details:
    - [ERROR] GLAREL: GLAREL contains invalid value(s) not in GLARE lookup table: 9 (+1211 more rows) (rows [1;2;3;4;5])
    - [ERROR] GLARER: GLARER contains invalid value(s) not in GLARE lookup table: 9 (+1211 more rows) (rows [1;2;3;4;5])
--------------------------------------------------------------------------------

[29-Jun-2026 11:44:40] f004043
Type: Validation error
Error: Validation failed: 2 errors, 0 warnings (0 acknowledged, 0 new)
ID: Ingestion:ValidationFailed
Location: BatchUploader.uploadSurvey (line 376)
Validation Details:
  Errors: 2
  Warnings: 0
  Details:
    - [ERROR] GLAREL: GLAREL contains invalid value(s) not in GLARE lookup table: 9 (+1451 more rows) (rows [1;2;3;4;5])
    - [ERROR] GLARER: GLARER contains invalid value(s) not in GLARE lookup table: 9 (+1451 more rows) (rows [1;2;3;4;5])
--------------------------------------------------------------------------------

[29-Jun-2026 11:44:41] f004048
Type: Validation error
Error: Validation failed: 2 errors, 0 warnings (0 acknowledged, 0 new)
ID: Ingestion:ValidationFailed
Location: BatchUploader.uploadSurvey (line 376)
Validation Details:
  Errors: 2
  Warnings: 0
  Details:
    - [ERROR] GLAREL: GLAREL contains invalid value(s) not in GLARE lookup table: 9 (+1706 more rows) (rows [1;2;3;4;5])
    - [ERROR] GLARER: GLARER contains invalid value(s) not in GLARE lookup table: 9 (+1706 more rows) (rows [1;2;3;4;5])
--------------------------------------------------------------------------------

[29-Jun-2026 11:44:43] f004051
Type: Validation error
Error: Validation failed: 2 errors, 0 warnings (0 acknowledged, 0 new)
ID: Ingestion:ValidationFailed
Location: BatchUploader.uploadSurvey (line 376)
Validation Details:
  Errors: 2
  Warnings: 0
  Details:
    - [ERROR] GLAREL: GLAREL contains invalid value(s) not in GLARE lookup table: 9 (+2056 more rows) (rows [1;2;3;4;5])
    - [ERROR] GLARER: GLARER contains invalid value(s) not in GLARE lookup table: 9 (+2056 more rows) (rows [1;2;3;4;5])
--------------------------------------------------------------------------------

[29-Jun-2026 11:44:44] f004055
Type: Validation error
Error: Validation failed: 2 errors, 0 warnings (0 acknowledged, 0 new)
ID: Ingestion:ValidationFailed
Location: BatchUploader.uploadSurvey (line 376)
Validation Details:
  Errors: 2
  Warnings: 0
  Details:
    - [ERROR] GLAREL: GLAREL contains invalid value(s) not in GLARE lookup table: 9 (+1765 more rows) (rows [1;2;3;4;5])
    - [ERROR] GLARER: GLARER contains invalid value(s) not in GLARE lookup table: 9 (+1765 more rows) (rows [1;2;3;4;5])
--------------------------------------------------------------------------------

[29-Jun-2026 11:44:45] f004060
Type: Validation error
Error: Validation failed: 2 errors, 0 warnings (0 acknowledged, 0 new)
ID: Ingestion:ValidationFailed
Location: BatchUploader.uploadSurvey (line 376)
Validation Details:
  Errors: 2
  Warnings: 0
  Details:
    - [ERROR] GLAREL: GLAREL contains invalid value(s) not in GLARE lookup table: 9 (+2099 more rows) (rows [1;2;3;4;5])
    - [ERROR] GLARER: GLARER contains invalid value(s) not in GLARE lookup table: 9 (+2099 more rows) (rows [1;2;3;4;5])
--------------------------------------------------------------------------------

[29-Jun-2026 11:44:47] f004061
Type: Validation error
Error: Validation failed: 2 errors, 0 warnings (0 acknowledged, 0 new)
ID: Ingestion:ValidationFailed
Location: BatchUploader.uploadSurvey (line 376)
Validation Details:
  Errors: 2
  Warnings: 0
  Details:
    - [ERROR] GLAREL: GLAREL contains invalid value(s) not in GLARE lookup table: 9 (+2221 more rows) (rows [1;2;3;4;5])
    - [ERROR] GLARER: GLARER contains invalid value(s) not in GLARE lookup table: 9 (+2221 more rows) (rows [1;2;3;4;5])
--------------------------------------------------------------------------------

[29-Jun-2026 11:44:48] f004070
Type: Validation error
Error: Validation failed: 2 errors, 0 warnings (0 acknowledged, 0 new)
ID: Ingestion:ValidationFailed
Location: BatchUploader.uploadSurvey (line 376)
Validation Details:
  Errors: 2
  Warnings: 0
  Details:
    - [ERROR] GLAREL: GLAREL contains invalid value(s) not in GLARE lookup table: 9 (+1649 more rows) (rows [1;2;3;4;5])
    - [ERROR] GLARER: GLARER contains invalid value(s) not in GLARE lookup table: 9 (+1649 more rows) (rows [1;2;3;4;5])
--------------------------------------------------------------------------------

[29-Jun-2026 11:44:49] f004074
Type: Validation error
Error: Validation failed: 2 errors, 0 warnings (0 acknowledged, 0 new)
ID: Ingestion:ValidationFailed
Location: BatchUploader.uploadSurvey (line 376)
Validation Details:
  Errors: 2
  Warnings: 0
  Details:
    - [ERROR] GLAREL: GLAREL contains invalid value(s) not in GLARE lookup table: 9 (+2255 more rows) (rows [1;2;3;4;5])
    - [ERROR] GLARER: GLARER contains invalid value(s) not in GLARE lookup table: 9 (+2255 more rows) (rows [1;2;3;4;5])
--------------------------------------------------------------------------------

[29-Jun-2026 11:44:50] f004076
Type: Validation error
Error: Validation failed: 2 errors, 0 warnings (0 acknowledged, 0 new)
ID: Ingestion:ValidationFailed
Location: BatchUploader.uploadSurvey (line 376)
Validation Details:
  Errors: 2
  Warnings: 0
  Details:
    - [ERROR] GLAREL: GLAREL contains invalid value(s) not in GLARE lookup table: 9 (+746 more rows) (rows [1;2;3;4;5])
    - [ERROR] GLARER: GLARER contains invalid value(s) not in GLARE lookup table: 9 (+746 more rows) (rows [1;2;3;4;5])
--------------------------------------------------------------------------------

[29-Jun-2026 11:44:52] f004080
Type: Validation error
Error: Validation failed: 2 errors, 0 warnings (0 acknowledged, 0 new)
ID: Ingestion:ValidationFailed
Location: BatchUploader.uploadSurvey (line 376)
Validation Details:
  Errors: 2
  Warnings: 0
  Details:
    - [ERROR] GLAREL: GLAREL contains invalid value(s) not in GLARE lookup table: 9 (+2084 more rows) (rows [1;2;3;4;5])
    - [ERROR] GLARER: GLARER contains invalid value(s) not in GLARE lookup table: 9 (+2084 more rows) (rows [1;2;3;4;5])
--------------------------------------------------------------------------------

[29-Jun-2026 11:44:54] f004084
Type: Validation error
Error: Validation failed: 2 errors, 0 warnings (0 acknowledged, 0 new)
ID: Ingestion:ValidationFailed
Location: BatchUploader.uploadSurvey (line 376)
Validation Details:
  Errors: 2
  Warnings: 0
  Details:
    - [ERROR] GLAREL: GLAREL contains invalid value(s) not in GLARE lookup table: 9 (+2733 more rows) (rows [1;2;3;4;5])
    - [ERROR] GLARER: GLARER contains invalid value(s) not in GLARE lookup table: 9 (+2733 more rows) (rows [1;2;3;4;5])
--------------------------------------------------------------------------------

[29-Jun-2026 11:44:55] f004098
Type: Validation error
Error: Validation failed: 2 errors, 0 warnings (0 acknowledged, 0 new)
ID: Ingestion:ValidationFailed
Location: BatchUploader.uploadSurvey (line 376)
Validation Details:
  Errors: 2
  Warnings: 0
  Details:
    - [ERROR] GLAREL: GLAREL contains invalid value(s) not in GLARE lookup table: 9 (+2378 more rows) (rows [1;2;3;4;5])
    - [ERROR] GLARER: GLARER contains invalid value(s) not in GLARE lookup table: 9 (+2378 more rows) (rows [1;2;3;4;5])
--------------------------------------------------------------------------------

[29-Jun-2026 11:44:56] f004099
Type: Validation error
Error: Validation failed: 2 errors, 0 warnings (0 acknowledged, 0 new)
ID: Ingestion:ValidationFailed
Location: BatchUploader.uploadSurvey (line 376)
Validation Details:
  Errors: 2
  Warnings: 0
  Details:
    - [ERROR] GLAREL: GLAREL contains invalid value(s) not in GLARE lookup table: 9 (+1838 more rows) (rows [1;2;3;4;5])
    - [ERROR] GLARER: GLARER contains invalid value(s) not in GLARE lookup table: 9 (+1838 more rows) (rows [1;2;3;4;5])
--------------------------------------------------------------------------------

[29-Jun-2026 11:44:57] f004101
Type: Validation error
Error: Validation failed: 2 errors, 0 warnings (0 acknowledged, 0 new)
ID: Ingestion:ValidationFailed
Location: BatchUploader.uploadSurvey (line 376)
Validation Details:
  Errors: 2
  Warnings: 0
  Details:
    - [ERROR] GLAREL: GLAREL contains invalid value(s) not in GLARE lookup table: 9 (+1494 more rows) (rows [1;2;3;4;5])
    - [ERROR] GLARER: GLARER contains invalid value(s) not in GLARE lookup table: 9 (+1494 more rows) (rows [1;2;3;4;5])
--------------------------------------------------------------------------------

[29-Jun-2026 11:44:59] f004109
Type: Validation error
Error: Validation failed: 2 errors, 0 warnings (0 acknowledged, 0 new)
ID: Ingestion:ValidationFailed
Location: BatchUploader.uploadSurvey (line 376)
Validation Details:
  Errors: 2
  Warnings: 0
  Details:
    - [ERROR] GLAREL: GLAREL contains invalid value(s) not in GLARE lookup table: 9 (+2491 more rows) (rows [1;2;3;4;5])
    - [ERROR] GLARER: GLARER contains invalid value(s) not in GLARE lookup table: 9 (+2491 more rows) (rows [1;2;3;4;5])
--------------------------------------------------------------------------------

[29-Jun-2026 11:45:01] f004112
Type: Validation error
Error: Validation failed: 2 errors, 0 warnings (0 acknowledged, 0 new)
ID: Ingestion:ValidationFailed
Location: BatchUploader.uploadSurvey (line 376)
Validation Details:
  Errors: 2
  Warnings: 0
  Details:
    - [ERROR] GLAREL: GLAREL contains invalid value(s) not in GLARE lookup table: 9 (+2148 more rows) (rows [1;2;3;4;5])
    - [ERROR] GLARER: GLARER contains invalid value(s) not in GLARE lookup table: 9 (+2148 more rows) (rows [1;2;3;4;5])
--------------------------------------------------------------------------------

[29-Jun-2026 11:45:02] f004116
Type: Validation error
Error: Validation failed: 2 errors, 0 warnings (0 acknowledged, 0 new)
ID: Ingestion:ValidationFailed
Location: BatchUploader.uploadSurvey (line 376)
Validation Details:
  Errors: 2
  Warnings: 0
  Details:
    - [ERROR] GLAREL: GLAREL contains invalid value(s) not in GLARE lookup table: 9 (+1663 more rows) (rows [1;2;3;4;5])
    - [ERROR] GLARER: GLARER contains invalid value(s) not in GLARE lookup table: 9 (+1663 more rows) (rows [1;2;3;4;5])
--------------------------------------------------------------------------------

[29-Jun-2026 11:45:03] f004126
Type: Validation error
Error: Validation failed: 2 errors, 0 warnings (0 acknowledged, 0 new)
ID: Ingestion:ValidationFailed
Location: BatchUploader.uploadSurvey (line 376)
Validation Details:
  Errors: 2
  Warnings: 0
  Details:
    - [ERROR] GLAREL: GLAREL contains invalid value(s) not in GLARE lookup table: 9 (+1448 more rows) (rows [1;2;3;4;5])
    - [ERROR] GLARER: GLARER contains invalid value(s) not in GLARE lookup table: 9 (+1448 more rows) (rows [1;2;3;4;5])
--------------------------------------------------------------------------------

[29-Jun-2026 11:45:04] f004127
Type: Validation error
Error: Validation failed: 2 errors, 0 warnings (0 acknowledged, 0 new)
ID: Ingestion:ValidationFailed
Location: BatchUploader.uploadSurvey (line 376)
Validation Details:
  Errors: 2
  Warnings: 0
  Details:
    - [ERROR] GLAREL: GLAREL contains invalid value(s) not in GLARE lookup table: 9 (+1496 more rows) (rows [1;2;3;4;5])
    - [ERROR] GLARER: GLARER contains invalid value(s) not in GLARE lookup table: 9 (+1496 more rows) (rows [1;2;3;4;5])
--------------------------------------------------------------------------------

[29-Jun-2026 11:45:05] f004129
Type: Validation error
Error: Validation failed: 2 errors, 0 warnings (0 acknowledged, 0 new)
ID: Ingestion:ValidationFailed
Location: BatchUploader.uploadSurvey (line 376)
Validation Details:
  Errors: 2
  Warnings: 0
  Details:
    - [ERROR] GLAREL: GLAREL contains invalid value(s) not in GLARE lookup table: 9 (+807 more rows) (rows [1;2;3;4;5])
    - [ERROR] GLARER: GLARER contains invalid value(s) not in GLARE lookup table: 9 (+807 more rows) (rows [1;2;3;4;5])
--------------------------------------------------------------------------------

[29-Jun-2026 11:45:06] f004131
Type: Validation error
Error: Validation failed: 2 errors, 0 warnings (0 acknowledged, 0 new)
ID: Ingestion:ValidationFailed
Location: BatchUploader.uploadSurvey (line 376)
Validation Details:
  Errors: 2
  Warnings: 0
  Details:
    - [ERROR] GLAREL: GLAREL contains invalid value(s) not in GLARE lookup table: 9 (+1281 more rows) (rows [1;2;3;4;5])
    - [ERROR] GLARER: GLARER contains invalid value(s) not in GLARE lookup table: 9 (+1281 more rows) (rows [1;2;3;4;5])
--------------------------------------------------------------------------------

[29-Jun-2026 11:45:07] f004133
Type: Validation error
Error: Validation failed: 2 errors, 0 warnings (0 acknowledged, 0 new)
ID: Ingestion:ValidationFailed
Location: BatchUploader.uploadSurvey (line 376)
Validation Details:
  Errors: 2
  Warnings: 0
  Details:
    - [ERROR] GLAREL: GLAREL contains invalid value(s) not in GLARE lookup table: 9 (+575 more rows) (rows [1;2;3;4;5])
    - [ERROR] GLARER: GLARER contains invalid value(s) not in GLARE lookup table: 9 (+575 more rows) (rows [1;2;3;4;5])
--------------------------------------------------------------------------------

[29-Jun-2026 11:45:09] f007053
Type: Validation error
Error: Validation failed: 0 errors, 1 warnings (0 acknowledged, 1 new)
ID: Ingestion:ValidationFailed
Location: BatchUploader.uploadSurvey (line 376)
Validation Details:
  Errors: 0
  Warnings: 1
  Details:
    - [WARNING] BEHAV: Calf-associated behavior(s) [40 42] recorded but no calf present (rows 1644, EVENTNO=1788)
--------------------------------------------------------------------------------

[29-Jun-2026 11:45:11] f007082
Type: Validation error
Error: Validation failed: 0 errors, 1 warnings (0 acknowledged, 1 new)
ID: Ingestion:ValidationFailed
Location: BatchUploader.uploadSurvey (line 376)
Validation Details:
  Errors: 0
  Warnings: 1
  Details:
    - [WARNING] BEHAV: Calf-associated behavior(s) 42 recorded but no calf present (rows 76, EVENTNO=139)
--------------------------------------------------------------------------------

[29-Jun-2026 11:45:14] f007097
Type: Validation error
Error: Validation failed: 0 errors, 1 warnings (0 acknowledged, 1 new)
ID: Ingestion:ValidationFailed
Location: BatchUploader.uploadSurvey (line 376)
Validation Details:
  Errors: 0
  Warnings: 1
  Details:
    - [WARNING] BEHAV: Calf-associated behavior(s) 40 recorded but no calf present (rows 1824, EVENTNO=1943)
--------------------------------------------------------------------------------

[29-Jun-2026 11:45:16] f007115
Type: Validation error
Error: Validation failed: 0 errors, 1 warnings (0 acknowledged, 1 new)
ID: Ingestion:ValidationFailed
Location: BatchUploader.uploadSurvey (line 376)
Validation Details:
  Errors: 0
  Warnings: 1
  Details:
    - [WARNING] BEHAV: Calf-associated behavior(s) 40 recorded but no calf present (rows 470, EVENTNO=547)
--------------------------------------------------------------------------------

[29-Jun-2026 11:45:18] f007125
Type: Validation error
Error: Validation failed: 0 errors, 1 warnings (0 acknowledged, 1 new)
ID: Ingestion:ValidationFailed
Location: BatchUploader.uploadSurvey (line 376)
Validation Details:
  Errors: 0
  Warnings: 1
  Details:
    - [WARNING] BEHAV: Calf-associated behavior(s) 42 recorded but no calf present (rows 3459, EVENTNO=3970)
--------------------------------------------------------------------------------

[29-Jun-2026 11:45:19] f010092
Type: Validation error
Error: Validation failed: 0 errors, 1 warnings (0 acknowledged, 1 new)
ID: Ingestion:ValidationFailed
Location: BatchUploader.uploadSurvey (line 376)
Validation Details:
  Errors: 0
  Warnings: 1
  Details:
    - [WARNING] BEHAV: Calf-associated behavior(s) 40 recorded but no calf present (rows 329, EVENTNO=841)
--------------------------------------------------------------------------------

[29-Jun-2026 11:45:22] f011048
Type: Validation error
Error: Validation failed: 1 errors, 0 warnings (0 acknowledged, 0 new)
ID: Ingestion:ValidationFailed
Location: BatchUploader.uploadSurvey (line 376)
Validation Details:
  Errors: 1
  Warnings: 0
  Details:
    - [ERROR] ANHEAD: ANHEAD contains invalid value(s) not in ANHEAD lookup table: 25 (rows 3298)
--------------------------------------------------------------------------------

[29-Jun-2026 11:45:22] f023132
Type: Validation error
Error: Validation failed: 1 errors, 0 warnings (0 acknowledged, 0 new)
ID: Ingestion:ValidationFailed
Location: BatchUploader.uploadSurvey (line 376)
Validation Details:
  Errors: 1
  Warnings: 0
  Details:
    - [ERROR] BEHAV: Incompatible behaviors recorded: Dead/stranded animal cannot have active swimming behavior (rows 84)
--------------------------------------------------------------------------------

[29-Jun-2026 11:45:23] f101026
Type: Validation error
Error: Validation failed: 0 errors, 2 warnings (0 acknowledged, 2 new)
ID: Ingestion:ValidationFailed
Location: BatchUploader.uploadSurvey (line 376)
Validation Details:
  Errors: 0
  Warnings: 2
  Details:
    - [WARNING] NUMCALF: NUMCALF (1) is more than half of NUMBER (1) - verify count (rows 93, EVENTNO=75)
    - [WARNING] NUMCALF: NUMCALF (1) is more than half of NUMBER (1) - verify count (rows 124, EVENTNO=93)
--------------------------------------------------------------------------------

[29-Jun-2026 11:45:23] f101037
Type: Validation error
Error: Validation failed: 0 errors, 1 warnings (0 acknowledged, 1 new)
ID: Ingestion:ValidationFailed
Location: BatchUploader.uploadSurvey (line 376)
Validation Details:
  Errors: 0
  Warnings: 1
  Details:
    - [WARNING] NUMCALF: NUMCALF (1) is more than half of NUMBER (1) - verify count (rows 163, EVENTNO=101)
--------------------------------------------------------------------------------

[29-Jun-2026 11:45:24] f102073
Type: Validation error
Error: Validation failed: 0 errors, 1 warnings (0 acknowledged, 1 new)
ID: Ingestion:ValidationFailed
Location: BatchUploader.uploadSurvey (line 376)
Validation Details:
  Errors: 0
  Warnings: 1
  Details:
    - [WARNING] NUMCALF: NUMCALF (2) is more than half of NUMBER (3) - verify count (rows 164, EVENTNO=111)
--------------------------------------------------------------------------------

[29-Jun-2026 11:45:26] f103005
Type: Validation error
Error: Validation failed: 0 errors, 1 warnings (0 acknowledged, 1 new)
ID: Ingestion:ValidationFailed
Location: BatchUploader.uploadSurvey (line 376)
Validation Details:
  Errors: 0
  Warnings: 1
  Details:
    - [WARNING] NUMCALF: NUMCALF (1) is more than half of NUMBER (1) - verify count (rows 259, EVENTNO=259)
--------------------------------------------------------------------------------

[29-Jun-2026 11:45:27] f103013
Type: Validation error
Error: Validation failed: 1 errors, 2 warnings (0 acknowledged, 2 new)
ID: Ingestion:ValidationFailed
Location: BatchUploader.uploadSurvey (line 376)
Validation Details:
  Errors: 1
  Warnings: 2
  Details:
    - [ERROR] NUMCALF: NUMCALF (3) exceeds total NUMBER (1) (rows 869)
    - [WARNING] NUMCALF: NUMCALF=3 for non-mammal species (TAXCODE=5) (rows 869, EVENTNO=869)
    - [WARNING] NUMCALF: NUMCALF (3) is more than half of NUMBER (1) - verify count (rows 869, EVENTNO=869)
--------------------------------------------------------------------------------

[29-Jun-2026 11:45:28] f103352
Type: Validation error
Error: Validation failed: 0 errors, 1 warnings (0 acknowledged, 1 new)
ID: Ingestion:ValidationFailed
Location: BatchUploader.uploadSurvey (line 376)
Validation Details:
  Errors: 0
  Warnings: 1
  Details:
    - [WARNING] BEHAV: Calf-associated behavior(s) 40 recorded but no calf present (rows 54, EVENTNO=101)
--------------------------------------------------------------------------------

[29-Jun-2026 11:45:29] f105043
Type: Validation error
Error: Validation failed: 0 errors, 2 warnings (0 acknowledged, 2 new)
ID: Ingestion:ValidationFailed
Location: BatchUploader.uploadSurvey (line 376)
Validation Details:
  Errors: 0
  Warnings: 2
  Details:
    - [WARNING] BEHAV: Calf-associated behavior(s) 40 recorded but no calf present (rows 106, EVENTNO=132)
    - [WARNING] BEHAV: Calf-associated behavior(s) 40 recorded but no calf present (rows 157, EVENTNO=183)
--------------------------------------------------------------------------------

[29-Jun-2026 11:45:29] f106022A
Type: Validation error
Error: Validation failed: 0 errors, 1 warnings (0 acknowledged, 1 new)
ID: Ingestion:ValidationFailed
Location: BatchUploader.uploadSurvey (line 376)
Validation Details:
  Errors: 0
  Warnings: 1
  Details:
    - [WARNING] NUMCALF: NUMCALF (1) is more than half of NUMBER (1) - verify count (rows 50, EVENTNO=71)
--------------------------------------------------------------------------------

[29-Jun-2026 11:45:30] f106351
Type: Validation error
Error: Validation failed: 0 errors, 1 warnings (0 acknowledged, 1 new)
ID: Ingestion:ValidationFailed
Location: BatchUploader.uploadSurvey (line 376)
Validation Details:
  Errors: 0
  Warnings: 1
  Details:
    - [WARNING] BEHAV: Calf-associated behavior(s) 40 recorded but no calf present (rows 203, EVENTNO=225)
--------------------------------------------------------------------------------

[29-Jun-2026 11:45:31] f106353
Type: Validation error
Error: Validation failed: 0 errors, 2 warnings (0 acknowledged, 2 new)
ID: Ingestion:ValidationFailed
Location: BatchUploader.uploadSurvey (line 376)
Validation Details:
  Errors: 0
  Warnings: 2
  Details:
    - [WARNING] BEHAV: Calf-associated behavior(s) 40 recorded but no calf present (rows 4, EVENTNO=25)
    - [WARNING] BEHAV: Calf-associated behavior(s) 40 recorded but no calf present (rows 274, EVENTNO=295)
--------------------------------------------------------------------------------

[29-Jun-2026 11:45:32] f107012
Type: Validation error
Error: Validation failed: 0 errors, 1 warnings (0 acknowledged, 1 new)
ID: Ingestion:ValidationFailed
Location: BatchUploader.uploadSurvey (line 376)
Validation Details:
  Errors: 0
  Warnings: 1
  Details:
    - [WARNING] BEHAV: Calf-associated behavior(s) 40 recorded but no calf present (rows 469, EVENTNO=498)
--------------------------------------------------------------------------------

[29-Jun-2026 11:45:33] f107016
Type: Validation error
Error: Validation failed: 0 errors, 1 warnings (0 acknowledged, 1 new)
ID: Ingestion:ValidationFailed
Location: BatchUploader.uploadSurvey (line 376)
Validation Details:
  Errors: 0
  Warnings: 1
  Details:
    - [WARNING] BEHAV: Calf-associated behavior(s) 40 recorded but no calf present (rows 420, EVENTNO=460)
--------------------------------------------------------------------------------

[29-Jun-2026 11:45:34] f107353
Type: Validation error
Error: Validation failed: 0 errors, 1 warnings (0 acknowledged, 1 new)
ID: Ingestion:ValidationFailed
Location: BatchUploader.uploadSurvey (line 376)
Validation Details:
  Errors: 0
  Warnings: 1
  Details:
    - [WARNING] BEHAV: Calf-associated behavior(s) [40 42] recorded but no calf present (rows 164, EVENTNO=181)
--------------------------------------------------------------------------------

[29-Jun-2026 11:45:34] f107364
Type: Validation error
Error: Validation failed: 0 errors, 1 warnings (0 acknowledged, 1 new)
ID: Ingestion:ValidationFailed
Location: BatchUploader.uploadSurvey (line 376)
Validation Details:
  Errors: 0
  Warnings: 1
  Details:
    - [WARNING] BEHAV: Calf-associated behavior(s) 40 recorded but no calf present (rows 170, EVENTNO=181)
--------------------------------------------------------------------------------

[29-Jun-2026 11:45:35] f109048
Type: Validation error
Error: Validation failed: 0 errors, 1 warnings (0 acknowledged, 1 new)
ID: Ingestion:ValidationFailed
Location: BatchUploader.uploadSurvey (line 376)
Validation Details:
  Errors: 0
  Warnings: 1
  Details:
    - [WARNING] NUMCALF: NUMCALF (1) is more than half of NUMBER (1) - verify count (rows 359, EVENTNO=376)
--------------------------------------------------------------------------------

[29-Jun-2026 11:45:36] f110014
Type: Validation error
Error: Validation failed: 0 errors, 1 warnings (0 acknowledged, 1 new)
ID: Ingestion:ValidationFailed
Location: BatchUploader.uploadSurvey (line 376)
Validation Details:
  Errors: 0
  Warnings: 1
  Details:
    - [WARNING] BEHAV: Calf-associated behavior(s) 40 recorded but no calf present (rows 1509, EVENTNO=1737)
--------------------------------------------------------------------------------

[29-Jun-2026 11:45:37] f202050
Type: Validation error
Error: Validation failed: 0 errors, 1 warnings (0 acknowledged, 1 new)
ID: Ingestion:ValidationFailed
Location: BatchUploader.uploadSurvey (line 376)
Validation Details:
  Errors: 0
  Warnings: 1
  Details:
    - [WARNING] BEHAV: Calf-associated behavior(s) 40 recorded but no calf present (rows 5, EVENTNO=5)
--------------------------------------------------------------------------------

[29-Jun-2026 11:45:37] f202052
Type: Validation error
Error: Validation failed: 0 errors, 2 warnings (0 acknowledged, 2 new)
ID: Ingestion:ValidationFailed
Location: BatchUploader.uploadSurvey (line 376)
Validation Details:
  Errors: 0
  Warnings: 2
  Details:
    - [WARNING] BEHAV: Calf-associated behavior(s) 40 recorded but no calf present (rows 42, EVENTNO=42)
    - [WARNING] BEHAV: Calf-associated behavior(s) 40 recorded but no calf present (rows 152, EVENTNO=152)
--------------------------------------------------------------------------------

[29-Jun-2026 11:45:39] f202362
Type: Validation error
Error: Validation failed: 0 errors, 1 warnings (0 acknowledged, 1 new)
ID: Ingestion:ValidationFailed
Location: BatchUploader.uploadSurvey (line 376)
Validation Details:
  Errors: 0
  Warnings: 1
  Details:
    - [WARNING] BEHAV: Calf-associated behavior(s) 42 recorded but no calf present (rows 1522, EVENTNO=1682)
--------------------------------------------------------------------------------

[29-Jun-2026 11:45:41] f203016
Type: Validation error
Error: Validation failed: 0 errors, 1 warnings (0 acknowledged, 1 new)
ID: Ingestion:ValidationFailed
Location: BatchUploader.uploadSurvey (line 376)
Validation Details:
  Errors: 0
  Warnings: 1
  Details:
    - [WARNING] NUMCALF: NUMCALF (1) is more than half of NUMBER (1) - verify count (rows 974, EVENTNO=1039)
--------------------------------------------------------------------------------

[29-Jun-2026 11:45:42] f203025
Type: Validation error
Error: Validation failed: 0 errors, 1 warnings (0 acknowledged, 1 new)
ID: Ingestion:ValidationFailed
Location: BatchUploader.uploadSurvey (line 376)
Validation Details:
  Errors: 0
  Warnings: 1
  Details:
    - [WARNING] NUMCALF: NUMCALF (1) is more than half of NUMBER (1) - verify count (rows 1506, EVENTNO=1578)
--------------------------------------------------------------------------------

[29-Jun-2026 11:45:43] f203360
Type: Validation error
Error: Validation failed: 1 errors, 0 warnings (0 acknowledged, 0 new)
ID: Ingestion:ValidationFailed
Location: BatchUploader.uploadSurvey (line 376)
Validation Details:
  Errors: 1
  Warnings: 0
  Details:
    - [ERROR] ANHEAD: ANHEAD contains invalid value(s) not in ANHEAD lookup table: 24 (rows 1250)
--------------------------------------------------------------------------------

[29-Jun-2026 11:45:45] f203363
Type: Validation error
Error: Validation failed: 0 errors, 1 warnings (0 acknowledged, 1 new)
ID: Ingestion:ValidationFailed
Location: BatchUploader.uploadSurvey (line 376)
Validation Details:
  Errors: 0
  Warnings: 1
  Details:
    - [WARNING] NUMCALF: NUMCALF=1 for non-mammal species (TAXCODE=5) (rows 1269, EVENTNO=1369)
--------------------------------------------------------------------------------

[29-Jun-2026 11:45:46] f204029
Type: Validation error
Error: Validation failed: 0 errors, 1 warnings (0 acknowledged, 1 new)
ID: Ingestion:ValidationFailed
Location: BatchUploader.uploadSurvey (line 376)
Validation Details:
  Errors: 0
  Warnings: 1
  Details:
    - [WARNING] NUMCALF: NUMCALF (2) is more than half of NUMBER (2) - verify count (rows 592, EVENTNO=647)
--------------------------------------------------------------------------------

[29-Jun-2026 11:45:47] f206019
Type: Validation error
Error: Validation failed: 0 errors, 1 warnings (0 acknowledged, 1 new)
ID: Ingestion:ValidationFailed
Location: BatchUploader.uploadSurvey (line 376)
Validation Details:
  Errors: 0
  Warnings: 1
  Details:
    - [WARNING] BEHAV: Calf-associated behavior(s) 40 recorded but no calf present (rows 198, EVENTNO=240)
--------------------------------------------------------------------------------

[29-Jun-2026 11:45:48] f206020
Type: Validation error
Error: Validation failed: 0 errors, 1 warnings (0 acknowledged, 1 new)
ID: Ingestion:ValidationFailed
Location: BatchUploader.uploadSurvey (line 376)
Validation Details:
  Errors: 0
  Warnings: 1
  Details:
    - [WARNING] BEHAV: Calf-associated behavior(s) 40 recorded but no calf present (rows 382, EVENTNO=409)
--------------------------------------------------------------------------------

[29-Jun-2026 11:45:49] f206021
Type: Validation error
Error: Validation failed: 0 errors, 1 warnings (0 acknowledged, 1 new)
ID: Ingestion:ValidationFailed
Location: BatchUploader.uploadSurvey (line 376)
Validation Details:
  Errors: 0
  Warnings: 1
  Details:
    - [WARNING] BEHAV: Calf-associated behavior(s) 42 recorded but no calf present (rows 348, EVENTNO=369)
--------------------------------------------------------------------------------

[29-Jun-2026 11:45:49] f206032
Type: Validation error
Error: Validation failed: 0 errors, 1 warnings (0 acknowledged, 1 new)
ID: Ingestion:ValidationFailed
Location: BatchUploader.uploadSurvey (line 376)
Validation Details:
  Errors: 0
  Warnings: 1
  Details:
    - [WARNING] NUMCALF: NUMCALF (2) is more than half of NUMBER (3) - verify count (rows 771, EVENTNO=801)
--------------------------------------------------------------------------------

[29-Jun-2026 11:45:50] f207059
Type: Validation error
Error: Validation failed: 0 errors, 1 warnings (0 acknowledged, 1 new)
ID: Ingestion:ValidationFailed
Location: BatchUploader.uploadSurvey (line 376)
Validation Details:
  Errors: 0
  Warnings: 1
  Details:
    - [WARNING] NUMCALF: NUMCALF (2) is more than half of NUMBER (3) - verify count (rows 473, EVENTNO=512)
--------------------------------------------------------------------------------

[29-Jun-2026 11:45:52] f210359
Type: Validation error
Error: Validation failed: 0 errors, 1 warnings (0 acknowledged, 1 new)
ID: Ingestion:ValidationFailed
Location: BatchUploader.uploadSurvey (line 376)
Validation Details:
  Errors: 0
  Warnings: 1
  Details:
    - [WARNING] NUMCALF: NUMCALF (1) is more than half of NUMBER (1) - verify count (rows 1010, EVENTNO=1072)
--------------------------------------------------------------------------------

[29-Jun-2026 11:46:13] f301261
Type: Validation error
Error: Validation failed: 0 errors, 1 warnings (0 acknowledged, 1 new)
ID: Ingestion:ValidationFailed
Location: BatchUploader.uploadSurvey (line 376)
Validation Details:
  Errors: 0
  Warnings: 1
  Details:
    - [WARNING] BEHAV: Calf-associated behavior(s) 40 recorded but no calf present (rows 8, EVENTNO=9)
--------------------------------------------------------------------------------

[29-Jun-2026 11:46:14] f305013
Type: Validation error
Error: Validation failed: 1 errors, 0 warnings (0 acknowledged, 0 new)
ID: Ingestion:ValidationFailed
Location: BatchUploader.uploadSurvey (line 376)
Validation Details:
  Errors: 1
  Warnings: 0
  Details:
    - [ERROR] PHOTOS: PHOTOS contains invalid value(s) not in PHOTOS lookup table: 0 (rows [380;411])
--------------------------------------------------------------------------------

[29-Jun-2026 11:46:31] f400147
Type: Validation error
Error: Validation failed: 0 errors, 1 warnings (0 acknowledged, 1 new)
ID: Ingestion:ValidationFailed
Location: BatchUploader.uploadSurvey (line 376)
Validation Details:
  Errors: 0
  Warnings: 1
  Details:
    - [WARNING] NUMCALF: NUMCALF (1) is more than half of NUMBER (1) - verify count (rows 92, EVENTNO=92)
--------------------------------------------------------------------------------

[29-Jun-2026 11:46:32] f400152
Type: Validation error
Error: Validation failed: 0 errors, 1 warnings (0 acknowledged, 1 new)
ID: Ingestion:ValidationFailed
Location: BatchUploader.uploadSurvey (line 376)
Validation Details:
  Errors: 0
  Warnings: 1
  Details:
    - [WARNING] NUMCALF: NUMCALF (1) is more than half of NUMBER (1) - verify count (rows 227, EVENTNO=227)
--------------------------------------------------------------------------------

[29-Jun-2026 11:46:33] f401162
Type: Validation error
Error: Validation failed: 0 errors, 1 warnings (0 acknowledged, 1 new)
ID: Ingestion:ValidationFailed
Location: BatchUploader.uploadSurvey (line 376)
Validation Details:
  Errors: 0
  Warnings: 1
  Details:
    - [WARNING] NUMCALF: NUMCALF (1) is more than half of NUMBER (1) - verify count (rows 318, EVENTNO=326)
--------------------------------------------------------------------------------

[29-Jun-2026 11:46:33] f401179
Type: Validation error
Error: Validation failed: 0 errors, 1 warnings (0 acknowledged, 1 new)
ID: Ingestion:ValidationFailed
Location: BatchUploader.uploadSurvey (line 376)
Validation Details:
  Errors: 0
  Warnings: 1
  Details:
    - [WARNING] NUMCALF: NUMCALF (1) is more than half of NUMBER (1) - verify count (rows 38, EVENTNO=42)
--------------------------------------------------------------------------------

[29-Jun-2026 11:46:34] f401196
Type: Validation error
Error: Validation failed: 0 errors, 1 warnings (0 acknowledged, 1 new)
ID: Ingestion:ValidationFailed
Location: BatchUploader.uploadSurvey (line 376)
Validation Details:
  Errors: 0
  Warnings: 1
  Details:
    - [WARNING] NUMCALF: NUMCALF (1) is more than half of NUMBER (1) - verify count (rows 70, EVENTNO=73)
--------------------------------------------------------------------------------

[29-Jun-2026 11:46:35] f402114
Type: Validation error
Error: Validation failed: 0 errors, 1 warnings (0 acknowledged, 1 new)
ID: Ingestion:ValidationFailed
Location: BatchUploader.uploadSurvey (line 376)
Validation Details:
  Errors: 0
  Warnings: 1
  Details:
    - [WARNING] BEHAV: Calf-associated behavior(s) 40 recorded but no calf present (rows 4, EVENTNO=4)
--------------------------------------------------------------------------------

[29-Jun-2026 11:46:36] f402162
Type: Validation error
Error: Validation failed: 0 errors, 1 warnings (0 acknowledged, 1 new)
ID: Ingestion:ValidationFailed
Location: BatchUploader.uploadSurvey (line 376)
Validation Details:
  Errors: 0
  Warnings: 1
  Details:
    - [WARNING] NUMCALF: NUMCALF (1) is more than half of NUMBER (1) - verify count (rows 4, EVENTNO=3)
--------------------------------------------------------------------------------

[29-Jun-2026 11:46:37] f403111
Type: Validation error
Error: Validation failed: 0 errors, 7 warnings (0 acknowledged, 7 new)
ID: Ingestion:ValidationFailed
Location: BatchUploader.uploadSurvey (line 376)
Validation Details:
  Errors: 0
  Warnings: 7
  Details:
    - [WARNING] SURFTEMP: SURFTEMP <-2°C - below typical ocean minimum (rows 152, EVENTNO=152)
    - [WARNING] SURFTEMP: SURFTEMP <-2°C - below typical ocean minimum (rows 153, EVENTNO=153)
    - [WARNING] SURFTEMP: SURFTEMP <-2°C - below typical ocean minimum (rows 154, EVENTNO=154)
    - [WARNING] SURFTEMP: SURFTEMP <-2°C - below typical ocean minimum (rows 155, EVENTNO=155)
    - [WARNING] SURFTEMP: SURFTEMP <-2°C - below typical ocean minimum (rows 156, EVENTNO=156)
    - [WARNING] SURFTEMP: SURFTEMP <-2°C - below typical ocean minimum (rows 157, EVENTNO=157)
    - [WARNING] SURFTEMP: SURFTEMP <-2°C - below typical ocean minimum (rows 158, EVENTNO=158)
--------------------------------------------------------------------------------

[29-Jun-2026 11:46:37] f403158
Type: Validation error
Error: Validation failed: 1 errors, 0 warnings (0 acknowledged, 0 new)
ID: Ingestion:ValidationFailed
Location: BatchUploader.uploadSurvey (line 376)
Validation Details:
  Errors: 1
  Warnings: 0
  Details:
    - [ERROR] GLARER: GLARER contains invalid value(s) not in GLARE lookup table: 7 (rows [96;103])
--------------------------------------------------------------------------------

[29-Jun-2026 11:46:38] f403179
Type: Validation error
Error: Validation failed: 0 errors, 1 warnings (0 acknowledged, 1 new)
ID: Ingestion:ValidationFailed
Location: BatchUploader.uploadSurvey (line 376)
Validation Details:
  Errors: 0
  Warnings: 1
  Details:
    - [WARNING] BEHAV: Calf-associated behavior(s) [40 42] recorded but no calf present (rows 295, EVENTNO=295)
--------------------------------------------------------------------------------

[29-Jun-2026 11:46:38] f404125
Type: Validation error
Error: Validation failed: 0 errors, 1 warnings (0 acknowledged, 1 new)
ID: Ingestion:ValidationFailed
Location: BatchUploader.uploadSurvey (line 376)
Validation Details:
  Errors: 0
  Warnings: 1
  Details:
    - [WARNING] NUMCALF: NUMCALF (1) is more than half of NUMBER (1) - verify count (rows 123, EVENTNO=123)
--------------------------------------------------------------------------------

[29-Jun-2026 11:46:39] f404169
Type: Validation error
Error: Validation failed: 0 errors, 1 warnings (0 acknowledged, 1 new)
ID: Ingestion:ValidationFailed
Location: BatchUploader.uploadSurvey (line 376)
Validation Details:
  Errors: 0
  Warnings: 1
  Details:
    - [WARNING] NUMCALF: NUMCALF (1) is more than half of NUMBER (1) - verify count (rows 188, EVENTNO=188)
--------------------------------------------------------------------------------

[29-Jun-2026 11:46:40] f405125
Type: Validation error
Error: Validation failed: 0 errors, 1 warnings (0 acknowledged, 1 new)
ID: Ingestion:ValidationFailed
Location: BatchUploader.uploadSurvey (line 376)
Validation Details:
  Errors: 0
  Warnings: 1
  Details:
    - [WARNING] NUMCALF: NUMCALF (1) is more than half of NUMBER (1) - verify count (rows 207, EVENTNO=207)
--------------------------------------------------------------------------------

[29-Jun-2026 11:46:41] f405184
Type: Validation error
Error: Validation failed: 0 errors, 1 warnings (0 acknowledged, 1 new)
ID: Ingestion:ValidationFailed
Location: BatchUploader.uploadSurvey (line 376)
Validation Details:
  Errors: 0
  Warnings: 1
  Details:
    - [WARNING] NUMCALF: NUMCALF (1) is more than half of NUMBER (1) - verify count (rows 61, EVENTNO=61)
--------------------------------------------------------------------------------

[29-Jun-2026 11:46:42] f405194
Type: Validation error
Error: Validation failed: 0 errors, 2 warnings (0 acknowledged, 2 new)
ID: Ingestion:ValidationFailed
Location: BatchUploader.uploadSurvey (line 376)
Validation Details:
  Errors: 0
  Warnings: 2
  Details:
    - [WARNING] NUMBER: NUMBER=100 exceeds threshold 50 for SPECCODE=RIWH (source: TAXCODE 1 default). Verify count. (rows 140, EVENTNO=140)
    - [WARNING] NUMBER: Right whale group size (100) unusually large - verify count (rows 140, EVENTNO=140)
--------------------------------------------------------------------------------

[29-Jun-2026 11:46:43] f405195
Type: Validation error
Error: Validation failed: 0 errors, 2 warnings (0 acknowledged, 2 new)
ID: Ingestion:ValidationFailed
Location: BatchUploader.uploadSurvey (line 376)
Validation Details:
  Errors: 0
  Warnings: 2
  Details:
    - [WARNING] NUMBER: NUMBER=53 exceeds threshold 50 for SPECCODE=RIWH (source: TAXCODE 1 default). Verify count. (rows 50, EVENTNO=50)
    - [WARNING] NUMBER: Right whale group size (53) unusually large - verify count (rows 50, EVENTNO=50)
--------------------------------------------------------------------------------

[29-Jun-2026 11:46:43] f406340
Type: Validation error
Error: Validation failed: 0 errors, 1 warnings (0 acknowledged, 1 new)
ID: Ingestion:ValidationFailed
Location: BatchUploader.uploadSurvey (line 376)
Validation Details:
  Errors: 0
  Warnings: 1
  Details:
    - [WARNING] NUMCALF: NUMCALF (1) is more than half of NUMBER (1) - verify count (rows 206, EVENTNO=206)
--------------------------------------------------------------------------------

[29-Jun-2026 11:46:44] f407058
Type: Validation error
Error: Validation failed: 0 errors, 1 warnings (0 acknowledged, 1 new)
ID: Ingestion:ValidationFailed
Location: BatchUploader.uploadSurvey (line 376)
Validation Details:
  Errors: 0
  Warnings: 1
  Details:
    - [WARNING] SURFTEMP: SURFTEMP >35°C - above typical ocean maximum (rows 68, EVENTNO=68)
--------------------------------------------------------------------------------

[29-Jun-2026 11:46:45] f407101
Type: Validation error
Error: Validation failed: 0 errors, 1 warnings (0 acknowledged, 1 new)
ID: Ingestion:ValidationFailed
Location: BatchUploader.uploadSurvey (line 376)
Validation Details:
  Errors: 0
  Warnings: 1
  Details:
    - [WARNING] NUMCALF: NUMCALF (1) is more than half of NUMBER (1) - verify count (rows 341, EVENTNO=341)
--------------------------------------------------------------------------------

[29-Jun-2026 11:46:46] f407124
Type: Validation error
Error: Validation failed: 0 errors, 1 warnings (0 acknowledged, 1 new)
ID: Ingestion:ValidationFailed
Location: BatchUploader.uploadSurvey (line 376)
Validation Details:
  Errors: 0
  Warnings: 1
  Details:
    - [WARNING] BEHAV: Calf-associated behavior(s) 40 recorded but no calf present (rows 77, EVENTNO=77)
--------------------------------------------------------------------------------

[29-Jun-2026 11:46:47] f407150
Type: Validation error
Error: Validation failed: 0 errors, 1 warnings (0 acknowledged, 1 new)
ID: Ingestion:ValidationFailed
Location: BatchUploader.uploadSurvey (line 376)
Validation Details:
  Errors: 0
  Warnings: 1
  Details:
    - [WARNING] NUMCALF: NUMCALF (1) is more than half of NUMBER (1) - verify count (rows 562, EVENTNO=562)
--------------------------------------------------------------------------------

[29-Jun-2026 11:46:47] f409126
Type: Validation error
Error: Validation failed: 0 errors, 1 warnings (0 acknowledged, 1 new)
ID: Ingestion:ValidationFailed
Location: BatchUploader.uploadSurvey (line 376)
Validation Details:
  Errors: 0
  Warnings: 1
  Details:
    - [WARNING] NUMCALF: NUMCALF (1) is more than half of NUMBER (1) - verify count (rows 32, EVENTNO=32)
--------------------------------------------------------------------------------

[29-Jun-2026 11:46:48] f409131
Type: Validation error
Error: Validation failed: 0 errors, 1 warnings (0 acknowledged, 1 new)
ID: Ingestion:ValidationFailed
Location: BatchUploader.uploadSurvey (line 376)
Validation Details:
  Errors: 0
  Warnings: 1
  Details:
    - [WARNING] BEHAV: Calf-associated behavior(s) 40 recorded but no calf present (rows 141, EVENTNO=144)
--------------------------------------------------------------------------------

[29-Jun-2026 11:46:49] f409151
Type: Validation error
Error: Validation failed: 0 errors, 1 warnings (0 acknowledged, 1 new)
ID: Ingestion:ValidationFailed
Location: BatchUploader.uploadSurvey (line 376)
Validation Details:
  Errors: 0
  Warnings: 1
  Details:
    - [WARNING] BEHAV: Calf-associated behavior(s) 40 recorded but no calf present (rows 279, EVENTNO=305)
--------------------------------------------------------------------------------

[29-Jun-2026 11:46:50] f409168
Type: Validation error
Error: Validation failed: 0 errors, 1 warnings (0 acknowledged, 1 new)
ID: Ingestion:ValidationFailed
Location: BatchUploader.uploadSurvey (line 376)
Validation Details:
  Errors: 0
  Warnings: 1
  Details:
    - [WARNING] NUMCALF: NUMCALF (1) is more than half of NUMBER (1) - verify count (rows 296, EVENTNO=318)
--------------------------------------------------------------------------------

[29-Jun-2026 11:46:51] f410133
Type: Validation error
Error: Validation failed: 0 errors, 1 warnings (0 acknowledged, 1 new)
ID: Ingestion:ValidationFailed
Location: BatchUploader.uploadSurvey (line 376)
Validation Details:
  Errors: 0
  Warnings: 1
  Details:
    - [WARNING] NUMCALF: NUMCALF (1) is more than half of NUMBER (1) - verify count (rows 123, EVENTNO=144)
--------------------------------------------------------------------------------

[29-Jun-2026 11:46:52] f410148
Type: Validation error
Error: Validation failed: 0 errors, 1 warnings (0 acknowledged, 1 new)
ID: Ingestion:ValidationFailed
Location: BatchUploader.uploadSurvey (line 376)
Validation Details:
  Errors: 0
  Warnings: 1
  Details:
    - [WARNING] BEHAV: Calf-associated behavior(s) 40 recorded but no calf present (rows 151, EVENTNO=156)
--------------------------------------------------------------------------------

[29-Jun-2026 11:46:53] f412116
Type: Validation error
Error: Validation failed: 0 errors, 1 warnings (0 acknowledged, 1 new)
ID: Ingestion:ValidationFailed
Location: BatchUploader.uploadSurvey (line 376)
Validation Details:
  Errors: 0
  Warnings: 1
  Details:
    - [WARNING] NUMCALF: NUMCALF (1) is more than half of NUMBER (1) - verify count (rows 76, EVENTNO=76)
--------------------------------------------------------------------------------

[29-Jun-2026 11:46:54] f413125
Type: Validation error
Error: Validation failed: 0 errors, 1 warnings (0 acknowledged, 1 new)
ID: Ingestion:ValidationFailed
Location: BatchUploader.uploadSurvey (line 376)
Validation Details:
  Errors: 0
  Warnings: 1
  Details:
    - [WARNING] NUMCALF: NUMCALF (1) is more than half of NUMBER (1) - verify count (rows 41, EVENTNO=41)
--------------------------------------------------------------------------------

[29-Jun-2026 11:46:55] f413147
Type: Validation error
Error: Validation failed: 0 errors, 1 warnings (0 acknowledged, 1 new)
ID: Ingestion:ValidationFailed
Location: BatchUploader.uploadSurvey (line 376)
Validation Details:
  Errors: 0
  Warnings: 1
  Details:
    - [WARNING] NUMCALF: NUMCALF (1) is more than half of NUMBER (1) - verify count (rows 486, EVENTNO=489)
--------------------------------------------------------------------------------

[29-Jun-2026 11:46:57] f414157
Type: Validation error
Error: Validation failed: 0 errors, 1 warnings (0 acknowledged, 1 new)
ID: Ingestion:ValidationFailed
Location: BatchUploader.uploadSurvey (line 376)
Validation Details:
  Errors: 0
  Warnings: 1
  Details:
    - [WARNING] BEHAV: Calf-associated behavior(s) [40 42] recorded but no calf present (rows 1514, EVENTNO=1548)
--------------------------------------------------------------------------------

[29-Jun-2026 11:46:58] f414159
Type: Validation error
Error: Validation failed: 0 errors, 1 warnings (0 acknowledged, 1 new)
ID: Ingestion:ValidationFailed
Location: BatchUploader.uploadSurvey (line 376)
Validation Details:
  Errors: 0
  Warnings: 1
  Details:
    - [WARNING] BEHAV: Calf-associated behavior(s) 40 recorded but no calf present (rows 938, EVENTNO=941)
--------------------------------------------------------------------------------

[29-Jun-2026 11:46:59] f414160
Type: Validation error
Error: Validation failed: 0 errors, 1 warnings (0 acknowledged, 1 new)
ID: Ingestion:ValidationFailed
Location: BatchUploader.uploadSurvey (line 376)
Validation Details:
  Errors: 0
  Warnings: 1
  Details:
    - [WARNING] NUMCALF: NUMCALF (1) is more than half of NUMBER (1) - verify count (rows 100, EVENTNO=100)
--------------------------------------------------------------------------------

[29-Jun-2026 11:47:01] f414179
Type: Validation error
Error: Validation failed: 0 errors, 1 warnings (0 acknowledged, 1 new)
ID: Ingestion:ValidationFailed
Location: BatchUploader.uploadSurvey (line 376)
Validation Details:
  Errors: 0
  Warnings: 1
  Details:
    - [WARNING] NUMCALF: NUMCALF (1) is more than half of NUMBER (1) - verify count (rows 718, EVENTNO=725)
--------------------------------------------------------------------------------

[29-Jun-2026 11:47:02] f415127
Type: Validation error
Error: Validation failed: 0 errors, 1 warnings (0 acknowledged, 1 new)
ID: Ingestion:ValidationFailed
Location: BatchUploader.uploadSurvey (line 376)
Validation Details:
  Errors: 0
  Warnings: 1
  Details:
    - [WARNING] NUMCALF: NUMCALF (1) is more than half of NUMBER (1) - verify count (rows 377, EVENTNO=379)
--------------------------------------------------------------------------------

[29-Jun-2026 11:47:03] f417120
Type: Validation error
Error: Validation failed: 0 errors, 1 warnings (0 acknowledged, 1 new)
ID: Ingestion:ValidationFailed
Location: BatchUploader.uploadSurvey (line 376)
Validation Details:
  Errors: 0
  Warnings: 1
  Details:
    - [WARNING] BEHAV: Calf-associated behavior(s) [40 42] recorded but no calf present (rows 1364, EVENTNO=1377)
--------------------------------------------------------------------------------

[29-Jun-2026 11:47:04] f417130
Type: Validation error
Error: Validation failed: 0 errors, 1 warnings (0 acknowledged, 1 new)
ID: Ingestion:ValidationFailed
Location: BatchUploader.uploadSurvey (line 376)
Validation Details:
  Errors: 0
  Warnings: 1
  Details:
    - [WARNING] BEHAV: Calf-associated behavior(s) 40 recorded but no calf present (rows 1271, EVENTNO=1287)
--------------------------------------------------------------------------------

[29-Jun-2026 11:47:05] f417136
Type: Validation error
Error: Validation failed: 0 errors, 1 warnings (0 acknowledged, 1 new)
ID: Ingestion:ValidationFailed
Location: BatchUploader.uploadSurvey (line 376)
Validation Details:
  Errors: 0
  Warnings: 1
  Details:
    - [WARNING] NUMCALF: NUMCALF (1) is more than half of NUMBER (1) - verify count (rows 1600, EVENTNO=1612)
--------------------------------------------------------------------------------

[29-Jun-2026 11:47:07] f418162
Type: Validation error
Error: Validation failed: 0 errors, 2 warnings (0 acknowledged, 2 new)
ID: Ingestion:ValidationFailed
Location: BatchUploader.uploadSurvey (line 376)
Validation Details:
  Errors: 0
  Warnings: 2
  Details:
    - [WARNING] NUMBER: NUMBER=58 exceeds threshold 50 for SPECCODE=RIWH (source: TAXCODE 1 default). Verify count. (rows 327, EVENTNO=328)
    - [WARNING] NUMBER: Right whale group size (58) unusually large - verify count (rows 327, EVENTNO=328)
--------------------------------------------------------------------------------

[29-Jun-2026 11:47:09] f419015
Type: Validation error
Error: Validation failed: 0 errors, 2 warnings (0 acknowledged, 2 new)
ID: Ingestion:ValidationFailed
Location: BatchUploader.uploadSurvey (line 376)
Validation Details:
  Errors: 0
  Warnings: 2
  Details:
    - [WARNING] NUMBER: NUMBER=80 exceeds threshold 50 for SPECCODE=RIWH (source: TAXCODE 1 default). Verify count. (rows 307, EVENTNO=3140)
    - [WARNING] NUMBER: Right whale group size (80) unusually large - verify count (rows 307, EVENTNO=3140)
--------------------------------------------------------------------------------

[29-Jun-2026 11:47:10] f419197
Type: Validation error
Error: Validation failed: 0 errors, 2 warnings (0 acknowledged, 2 new)
ID: Ingestion:ValidationFailed
Location: BatchUploader.uploadSurvey (line 376)
Validation Details:
  Errors: 0
  Warnings: 2
  Details:
    - [WARNING] NUMBER: NUMBER=57 exceeds threshold 50 for SPECCODE=RIWH (source: TAXCODE 1 default). Verify count. (rows 28, EVENTNO=280)
    - [WARNING] NUMBER: Right whale group size (57) unusually large - verify count (rows 28, EVENTNO=280)
--------------------------------------------------------------------------------

[29-Jun-2026 11:47:11] f419226
Type: Validation error
Error: Validation failed: 0 errors, 2 warnings (0 acknowledged, 2 new)
ID: Ingestion:ValidationFailed
Location: BatchUploader.uploadSurvey (line 376)
Validation Details:
  Errors: 0
  Warnings: 2
  Details:
    - [WARNING] NUMBER: NUMBER=60 exceeds threshold 50 for SPECCODE=RIWH (source: TAXCODE 1 default). Verify count. (rows 881, EVENTNO=8910)
    - [WARNING] NUMBER: Right whale group size (60) unusually large - verify count (rows 881, EVENTNO=8910)
--------------------------------------------------------------------------------

[29-Jun-2026 11:47:12] f419227
Type: Validation error
Error: Validation failed: 0 errors, 2 warnings (0 acknowledged, 2 new)
ID: Ingestion:ValidationFailed
Location: BatchUploader.uploadSurvey (line 376)
Validation Details:
  Errors: 0
  Warnings: 2
  Details:
    - [WARNING] NUMBER: NUMBER=65 exceeds threshold 50 for SPECCODE=RIWH (source: TAXCODE 1 default). Verify count. (rows 203, EVENTNO=2060)
    - [WARNING] NUMBER: Right whale group size (65) unusually large - verify count (rows 203, EVENTNO=2060)
--------------------------------------------------------------------------------

[29-Jun-2026 11:47:14] f419237
Type: Validation error
Error: Validation failed: 0 errors, 2 warnings (0 acknowledged, 2 new)
ID: Ingestion:ValidationFailed
Location: BatchUploader.uploadSurvey (line 376)
Validation Details:
  Errors: 0
  Warnings: 2
  Details:
    - [WARNING] NUMBER: NUMBER=53 exceeds threshold 50 for SPECCODE=RIWH (source: TAXCODE 1 default). Verify count. (rows 353, EVENTNO=3560)
    - [WARNING] NUMBER: Right whale group size (53) unusually large - verify count (rows 353, EVENTNO=3560)
--------------------------------------------------------------------------------

[29-Jun-2026 11:47:15] f423173
Type: Validation error
Error: Validation failed: 0 errors, 1 warnings (0 acknowledged, 1 new)
ID: Ingestion:ValidationFailed
Location: BatchUploader.uploadSurvey (line 376)
Validation Details:
  Errors: 0
  Warnings: 1
  Details:
    - [WARNING] NUMCALF: NUMCALF (1) is more than half of NUMBER (1) - verify count (rows 748, EVENTNO=7680)
--------------------------------------------------------------------------------

[29-Jun-2026 11:47:16] f500138
Type: Validation error
Error: Validation failed: 0 errors, 1 warnings (0 acknowledged, 1 new)
ID: Ingestion:ValidationFailed
Location: BatchUploader.uploadSurvey (line 376)
Validation Details:
  Errors: 0
  Warnings: 1
  Details:
    - [WARNING] NUMCALF: NUMCALF (1) is more than half of NUMBER (1) - verify count (rows 145, EVENTNO=145)
--------------------------------------------------------------------------------

[29-Jun-2026 11:47:16] f501120
Type: Validation error
Error: Validation failed: 0 errors, 2 warnings (0 acknowledged, 2 new)
ID: Ingestion:ValidationFailed
Location: BatchUploader.uploadSurvey (line 376)
Validation Details:
  Errors: 0
  Warnings: 2
  Details:
    - [WARNING] NUMCALF: NUMCALF (1) is more than half of NUMBER (1) - verify count (rows 286, EVENTNO=286)
    - [WARNING] BEHAV: Calf-associated behavior(s) 40 recorded but no calf present (rows 284, EVENTNO=284)
--------------------------------------------------------------------------------

[29-Jun-2026 11:47:17] f501128
Type: Validation error
Error: Validation failed: 0 errors, 1 warnings (0 acknowledged, 1 new)
ID: Ingestion:ValidationFailed
Location: BatchUploader.uploadSurvey (line 376)
Validation Details:
  Errors: 0
  Warnings: 1
  Details:
    - [WARNING] BEHAV: Calf-associated behavior(s) 40 recorded but no calf present (rows 407, EVENTNO=407)
--------------------------------------------------------------------------------

[29-Jun-2026 11:47:18] f502161
Type: Validation error
Error: Validation failed: 0 errors, 1 warnings (0 acknowledged, 1 new)
ID: Ingestion:ValidationFailed
Location: BatchUploader.uploadSurvey (line 376)
Validation Details:
  Errors: 0
  Warnings: 1
  Details:
    - [WARNING] NUMCALF: NUMCALF (1) is more than half of NUMBER (1) - verify count (rows 75, EVENTNO=74)
--------------------------------------------------------------------------------

[29-Jun-2026 11:47:19] f503168
Type: Validation error
Error: Validation failed: 0 errors, 5 warnings (0 acknowledged, 5 new)
ID: Ingestion:ValidationFailed
Location: BatchUploader.uploadSurvey (line 376)
Validation Details:
  Errors: 0
  Warnings: 5
  Details:
    - [WARNING] NUMCALF: NUMCALF=1 for non-mammal species (TAXCODE=0) (rows 551, EVENTNO=551)
    - [WARNING] NUMCALF: NUMCALF (1) is more than half of NUMBER (1) - verify count (rows 551, EVENTNO=551)
    - [WARNING] NUMCALF: NUMCALF (1) is more than half of NUMBER (1) - verify count (rows 554, EVENTNO=554)
    - [WARNING] NUMCALF: NUMCALF (1) is more than half of NUMBER (1) - verify count (rows 555, EVENTNO=555)
    - [WARNING] NUMCALF: NUMCALF (1) is more than half of NUMBER (1) - verify count (rows 556, EVENTNO=556)
--------------------------------------------------------------------------------

[29-Jun-2026 11:47:19] f600008
Type: Validation error
Error: Validation failed: 0 errors, 1 warnings (0 acknowledged, 1 new)
ID: Ingestion:ValidationFailed
Location: BatchUploader.uploadSurvey (line 376)
Validation Details:
  Errors: 0
  Warnings: 1
  Details:
    - [WARNING] NUMCALF: NUMCALF (1) is more than half of NUMBER (1) - verify count (rows 55, EVENTNO=55)
--------------------------------------------------------------------------------

[29-Jun-2026 11:47:20] f600034
Type: Validation error
Error: Validation failed: 0 errors, 1 warnings (0 acknowledged, 1 new)
ID: Ingestion:ValidationFailed
Location: BatchUploader.uploadSurvey (line 376)
Validation Details:
  Errors: 0
  Warnings: 1
  Details:
    - [WARNING] BEHAV: Calf-associated behavior(s) 40 recorded but no calf present (rows 36, EVENTNO=34)
--------------------------------------------------------------------------------

[29-Jun-2026 11:47:21] f600049
Type: Validation error
Error: Validation failed: 0 errors, 2 warnings (0 acknowledged, 2 new)
ID: Ingestion:ValidationFailed
Location: BatchUploader.uploadSurvey (line 376)
Validation Details:
  Errors: 0
  Warnings: 2
  Details:
    - [WARNING] NUMCALF: NUMCALF=1 for non-mammal species (TAXCODE=5) (rows 25, EVENTNO=17)
    - [WARNING] NUMCALF: NUMCALF (1) is more than half of NUMBER (1) - verify count (rows 25, EVENTNO=17)
--------------------------------------------------------------------------------

[29-Jun-2026 11:47:22] f600057
Type: Validation error
Error: Validation failed: 0 errors, 1 warnings (0 acknowledged, 1 new)
ID: Ingestion:ValidationFailed
Location: BatchUploader.uploadSurvey (line 376)
Validation Details:
  Errors: 0
  Warnings: 1
  Details:
    - [WARNING] NUMCALF: NUMCALF (1) is more than half of NUMBER (1) - verify count (rows 12, EVENTNO=9)
--------------------------------------------------------------------------------

[29-Jun-2026 11:47:22] f601055
Type: Validation error
Error: Validation failed: 0 errors, 1 warnings (0 acknowledged, 1 new)
ID: Ingestion:ValidationFailed
Location: BatchUploader.uploadSurvey (line 376)
Validation Details:
  Errors: 0
  Warnings: 1
  Details:
    - [WARNING] NUMCALF: NUMCALF (2) is more than half of NUMBER (2) - verify count (rows 48, EVENTNO=48)
--------------------------------------------------------------------------------

[29-Jun-2026 11:47:23] f601353
Type: Validation error
Error: Validation failed: 0 errors, 2 warnings (0 acknowledged, 2 new)
ID: Ingestion:ValidationFailed
Location: BatchUploader.uploadSurvey (line 376)
Validation Details:
  Errors: 0
  Warnings: 2
  Details:
    - [WARNING] NUMCALF: NUMCALF=2 for non-mammal species (TAXCODE=0) (rows 96, EVENTNO=100)
    - [WARNING] NUMCALF: NUMCALF (2) is more than half of NUMBER (2) - verify count (rows 96, EVENTNO=100)
--------------------------------------------------------------------------------

[29-Jun-2026 11:47:23] f602008
Type: Validation error
Error: Validation failed: 0 errors, 1 warnings (0 acknowledged, 1 new)
ID: Ingestion:ValidationFailed
Location: BatchUploader.uploadSurvey (line 376)
Validation Details:
  Errors: 0
  Warnings: 1
  Details:
    - [WARNING] NUMCALF: NUMCALF=1 for non-mammal species (TAXCODE=0) (rows 219, EVENTNO=222)
--------------------------------------------------------------------------------

[29-Jun-2026 11:47:24] f602017
Type: Validation error
Error: Validation failed: 0 errors, 2 warnings (0 acknowledged, 2 new)
ID: Ingestion:ValidationFailed
Location: BatchUploader.uploadSurvey (line 376)
Validation Details:
  Errors: 0
  Warnings: 2
  Details:
    - [WARNING] NUMCALF: NUMCALF=1 for non-mammal species (TAXCODE=0) (rows 489, EVENTNO=498)
    - [WARNING] NUMCALF: NUMCALF (1) is more than half of NUMBER (1) - verify count (rows 489, EVENTNO=498)
--------------------------------------------------------------------------------

[29-Jun-2026 11:47:25] f602018
Type: Validation error
Error: Validation failed: 0 errors, 2 warnings (0 acknowledged, 2 new)
ID: Ingestion:ValidationFailed
Location: BatchUploader.uploadSurvey (line 376)
Validation Details:
  Errors: 0
  Warnings: 2
  Details:
    - [WARNING] NUMCALF: NUMCALF=1 for non-mammal species (TAXCODE=0) (rows 440, EVENTNO=459)
    - [WARNING] NUMCALF: NUMCALF (1) is more than half of NUMBER (1) - verify count (rows 440, EVENTNO=459)
--------------------------------------------------------------------------------

[29-Jun-2026 11:47:26] f602020
Type: Validation error
Error: Validation failed: 0 errors, 1 warnings (0 acknowledged, 1 new)
ID: Ingestion:ValidationFailed
Location: BatchUploader.uploadSurvey (line 376)
Validation Details:
  Errors: 0
  Warnings: 1
  Details:
    - [WARNING] NUMCALF: NUMCALF=1 for non-mammal species (TAXCODE=0) (rows 375, EVENTNO=381)
--------------------------------------------------------------------------------

[29-Jun-2026 11:47:27] f602023
Type: Validation error
Error: Validation failed: 0 errors, 2 warnings (0 acknowledged, 2 new)
ID: Ingestion:ValidationFailed
Location: BatchUploader.uploadSurvey (line 376)
Validation Details:
  Errors: 0
  Warnings: 2
  Details:
    - [WARNING] NUMCALF: NUMCALF=1 for non-mammal species (TAXCODE=0) (rows 126, EVENTNO=132)
    - [WARNING] NUMCALF: NUMCALF (1) is more than half of NUMBER (1) - verify count (rows 126, EVENTNO=132)
--------------------------------------------------------------------------------

[29-Jun-2026 11:47:28] f602024
Type: Validation error
Error: Validation failed: 0 errors, 2 warnings (0 acknowledged, 2 new)
ID: Ingestion:ValidationFailed
Location: BatchUploader.uploadSurvey (line 376)
Validation Details:
  Errors: 0
  Warnings: 2
  Details:
    - [WARNING] NUMCALF: NUMCALF=1 for non-mammal species (TAXCODE=0) (rows 74, EVENTNO=82)
    - [WARNING] NUMCALF: NUMCALF (1) is more than half of NUMBER (1) - verify count (rows 74, EVENTNO=82)
--------------------------------------------------------------------------------

[29-Jun-2026 11:47:29] f602059
Type: Validation error
Error: Validation failed: 0 errors, 2 warnings (0 acknowledged, 2 new)
ID: Ingestion:ValidationFailed
Location: BatchUploader.uploadSurvey (line 376)
Validation Details:
  Errors: 0
  Warnings: 2
  Details:
    - [WARNING] NUMCALF: NUMCALF=1 for non-mammal species (TAXCODE=0) (rows 242, EVENTNO=247)
    - [WARNING] NUMCALF: NUMCALF (1) is more than half of NUMBER (1) - verify count (rows 242, EVENTNO=247)
--------------------------------------------------------------------------------

[29-Jun-2026 11:47:30] f602075
Type: Validation error
Error: Validation failed: 0 errors, 1 warnings (0 acknowledged, 1 new)
ID: Ingestion:ValidationFailed
Location: BatchUploader.uploadSurvey (line 376)
Validation Details:
  Errors: 0
  Warnings: 1
  Details:
    - [WARNING] BEHAV: Calf-associated behavior(s) 40 recorded but no calf present (rows 352, EVENTNO=359)
--------------------------------------------------------------------------------

[29-Jun-2026 11:47:31] f602077
Type: Validation error
Error: Validation failed: 0 errors, 1 warnings (0 acknowledged, 1 new)
ID: Ingestion:ValidationFailed
Location: BatchUploader.uploadSurvey (line 376)
Validation Details:
  Errors: 0
  Warnings: 1
  Details:
    - [WARNING] NUMCALF: NUMCALF=1 for non-mammal species (TAXCODE=5) (rows 803, EVENTNO=810)
--------------------------------------------------------------------------------

[29-Jun-2026 11:47:32] f602083
Type: Validation error
Error: Validation failed: 0 errors, 1 warnings (0 acknowledged, 1 new)
ID: Ingestion:ValidationFailed
Location: BatchUploader.uploadSurvey (line 376)
Validation Details:
  Errors: 0
  Warnings: 1
  Details:
    - [WARNING] NUMCALF: NUMCALF=1 for non-mammal species (TAXCODE=0) (rows 594, EVENTNO=598)
--------------------------------------------------------------------------------

[29-Jun-2026 11:47:33] f602362
Type: Validation error
Error: Validation failed: 0 errors, 8 warnings (0 acknowledged, 8 new)
ID: Ingestion:ValidationFailed
Location: BatchUploader.uploadSurvey (line 376)
Validation Details:
  Errors: 0
  Warnings: 8
  Details:
    - [WARNING] NUMCALF: NUMCALF=1 for non-mammal species (TAXCODE=5) (rows 162, EVENTNO=177)
    - [WARNING] NUMCALF: NUMCALF=1 for non-mammal species (TAXCODE=5) (rows 166, EVENTNO=181)
    - [WARNING] NUMCALF: NUMCALF=1 for non-mammal species (TAXCODE=5) (rows 181, EVENTNO=195)
    - [WARNING] NUMCALF: NUMCALF=1 for non-mammal species (TAXCODE=5) (rows 192, EVENTNO=206)
    - [WARNING] NUMCALF: NUMCALF (1) is more than half of NUMBER (1) - verify count (rows 162, EVENTNO=177)
    - [WARNING] NUMCALF: NUMCALF (1) is more than half of NUMBER (1) - verify count (rows 166, EVENTNO=181)
    - [WARNING] NUMCALF: NUMCALF (1) is more than half of NUMBER (1) - verify count (rows 181, EVENTNO=195)
    - [WARNING] NUMCALF: NUMCALF (1) is more than half of NUMBER (1) - verify count (rows 192, EVENTNO=206)
--------------------------------------------------------------------------------

[29-Jun-2026 11:47:34] f602363
Type: Validation error
Error: Validation failed: 0 errors, 1 warnings (0 acknowledged, 1 new)
ID: Ingestion:ValidationFailed
Location: BatchUploader.uploadSurvey (line 376)
Validation Details:
  Errors: 0
  Warnings: 1
  Details:
    - [WARNING] NUMCALF: NUMCALF (1) is more than half of NUMBER (1) - verify count (rows 274, EVENTNO=284)
--------------------------------------------------------------------------------

[29-Jun-2026 11:47:36] f603016
Type: Validation error
Error: Validation failed: 0 errors, 1 warnings (0 acknowledged, 1 new)
ID: Ingestion:ValidationFailed
Location: BatchUploader.uploadSurvey (line 376)
Validation Details:
  Errors: 0
  Warnings: 1
  Details:
    - [WARNING] NUMCALF: NUMCALF=1 for non-mammal species (TAXCODE=6) (rows 1531, EVENTNO=1575)
--------------------------------------------------------------------------------

[29-Jun-2026 11:47:37] f603045
Type: Validation error
Error: Validation failed: 0 errors, 1 warnings (0 acknowledged, 1 new)
ID: Ingestion:ValidationFailed
Location: BatchUploader.uploadSurvey (line 376)
Validation Details:
  Errors: 0
  Warnings: 1
  Details:
    - [WARNING] NUMCALF: NUMCALF (1) is more than half of NUMBER (1) - verify count (rows 857, EVENTNO=860)
--------------------------------------------------------------------------------

[29-Jun-2026 11:47:38] f603064
Type: Validation error
Error: Validation failed: 0 errors, 1 warnings (0 acknowledged, 1 new)
ID: Ingestion:ValidationFailed
Location: BatchUploader.uploadSurvey (line 376)
Validation Details:
  Errors: 0
  Warnings: 1
  Details:
    - [WARNING] NUMCALF: NUMCALF (1) is more than half of NUMBER (1) - verify count (rows 261, EVENTNO=453)
--------------------------------------------------------------------------------

[29-Jun-2026 11:47:39] f603349
Type: Validation error
Error: Validation failed: 0 errors, 1 warnings (0 acknowledged, 1 new)
ID: Ingestion:ValidationFailed
Location: BatchUploader.uploadSurvey (line 376)
Validation Details:
  Errors: 0
  Warnings: 1
  Details:
    - [WARNING] BEHAV: Calf-associated behavior(s) 40 recorded but no calf present (rows 534, EVENTNO=571)
--------------------------------------------------------------------------------

[29-Jun-2026 11:47:41] f603350
Type: Validation error
Error: Validation failed: 0 errors, 1 warnings (0 acknowledged, 1 new)
ID: Ingestion:ValidationFailed
Location: BatchUploader.uploadSurvey (line 376)
Validation Details:
  Errors: 0
  Warnings: 1
  Details:
    - [WARNING] BEHAV: Calf-associated behavior(s) 40 recorded but no calf present (rows 1126, EVENTNO=1159)
--------------------------------------------------------------------------------

[29-Jun-2026 11:47:43] f604020
Type: Validation error
Error: Validation failed: 0 errors, 2 warnings (0 acknowledged, 2 new)
ID: Ingestion:ValidationFailed
Location: BatchUploader.uploadSurvey (line 376)
Validation Details:
  Errors: 0
  Warnings: 2
  Details:
    - [WARNING] NUMCALF: NUMCALF=1 for non-mammal species (TAXCODE=0) (rows 688, EVENTNO=775)
    - [WARNING] NUMCALF: NUMCALF (1) is more than half of NUMBER (1) - verify count (rows 688, EVENTNO=775)
--------------------------------------------------------------------------------

[29-Jun-2026 11:47:43] f605065
Type: Validation error
Error: Validation failed: 0 errors, 1 warnings (0 acknowledged, 1 new)
ID: Ingestion:ValidationFailed
Location: BatchUploader.uploadSurvey (line 376)
Validation Details:
  Errors: 0
  Warnings: 1
  Details:
    - [WARNING] BEHAV: Calf-associated behavior(s) 42 recorded but no calf present (rows 637, EVENTNO=700)
--------------------------------------------------------------------------------

[29-Jun-2026 11:47:44] f606010
Type: Validation error
Error: Validation failed: 0 errors, 1 warnings (0 acknowledged, 1 new)
ID: Ingestion:ValidationFailed
Location: BatchUploader.uploadSurvey (line 376)
Validation Details:
  Errors: 0
  Warnings: 1
  Details:
    - [WARNING] NUMCALF: NUMCALF (1) is more than half of NUMBER (1) - verify count (rows 14, EVENTNO=31)
--------------------------------------------------------------------------------

[29-Jun-2026 11:47:45] f607006
Type: Validation error
Error: Validation failed: 0 errors, 1 warnings (0 acknowledged, 1 new)
ID: Ingestion:ValidationFailed
Location: BatchUploader.uploadSurvey (line 376)
Validation Details:
  Errors: 0
  Warnings: 1
  Details:
    - [WARNING] BEHAV: Calf-associated behavior(s) 42 recorded but no calf present (rows 263, EVENTNO=1678)
--------------------------------------------------------------------------------

[29-Jun-2026 11:47:45] f607025
Type: Validation error
Error: Validation failed: 0 errors, 1 warnings (0 acknowledged, 1 new)
ID: Ingestion:ValidationFailed
Location: BatchUploader.uploadSurvey (line 376)
Validation Details:
  Errors: 0
  Warnings: 1
  Details:
    - [WARNING] NUMCALF: NUMCALF (1) is more than half of NUMBER (1) - verify count (rows 51, EVENTNO=332)
--------------------------------------------------------------------------------

[29-Jun-2026 11:47:46] f607053
Type: Validation error
Error: Validation failed: 1 errors, 0 warnings (0 acknowledged, 0 new)
ID: Ingestion:ValidationFailed
Location: BatchUploader.uploadSurvey (line 376)
Validation Details:
  Errors: 1
  Warnings: 0
  Details:
    - [ERROR] ANHEAD: ANHEAD contains invalid value(s) not in ANHEAD lookup table: 44 (rows 311)
--------------------------------------------------------------------------------

[29-Jun-2026 11:47:46] f607070
Type: Validation error
Error: Validation failed: 0 errors, 1 warnings (0 acknowledged, 1 new)
ID: Ingestion:ValidationFailed
Location: BatchUploader.uploadSurvey (line 376)
Validation Details:
  Errors: 0
  Warnings: 1
  Details:
    - [WARNING] BEHAV: Calf-associated behavior(s) 42 recorded but no calf present (rows 314, EVENTNO=1857)
--------------------------------------------------------------------------------

[29-Jun-2026 11:47:47] f607348
Type: Validation error
Error: Validation failed: 0 errors, 1 warnings (0 acknowledged, 1 new)
ID: Ingestion:ValidationFailed
Location: BatchUploader.uploadSurvey (line 376)
Validation Details:
  Errors: 0
  Warnings: 1
  Details:
    - [WARNING] BEHAV: Calf-associated behavior(s) 42 recorded but no calf present (rows 274, EVENTNO=1656)
--------------------------------------------------------------------------------

[29-Jun-2026 11:47:48] f608034
Type: Validation error
Error: Validation failed: 1 errors, 0 warnings (0 acknowledged, 0 new)
ID: Ingestion:ValidationFailed
Location: BatchUploader.uploadSurvey (line 376)
Validation Details:
  Errors: 1
  Warnings: 0
  Details:
    - [ERROR] ANHEAD: ANHEAD contains invalid value(s) not in ANHEAD lookup table: 44 (rows 340)
--------------------------------------------------------------------------------

[29-Jun-2026 11:47:49] f609022
Type: Validation error
Error: Validation failed: 0 errors, 1 warnings (0 acknowledged, 1 new)
ID: Ingestion:ValidationFailed
Location: BatchUploader.uploadSurvey (line 376)
Validation Details:
  Errors: 0
  Warnings: 1
  Details:
    - [WARNING] NUMCALF: NUMCALF (1) is more than half of NUMBER (1) - verify count (rows 605, EVENTNO=1887)
--------------------------------------------------------------------------------

[29-Jun-2026 11:47:51] f617088
Type: Validation error
Error: Validation failed: 1 errors, 0 warnings (0 acknowledged, 0 new)
ID: Ingestion:ValidationFailed
Location: BatchUploader.uploadSurvey (line 376)
Validation Details:
  Errors: 1
  Warnings: 0
  Details:
    - [ERROR] TAXCODE: TAXCODE mismatch: got 4, expected 9 for SPECCODE "UNCE" (rows 382)
--------------------------------------------------------------------------------

[29-Jun-2026 11:47:52] f620088
Type: Validation error
Error: Validation failed: 1 errors, 0 warnings (0 acknowledged, 0 new)
ID: Ingestion:ValidationFailed
Location: BatchUploader.uploadSurvey (line 376)
Validation Details:
  Errors: 1
  Warnings: 0
  Details:
    - [ERROR] TAXCODE: TAXCODE mismatch: got 4, expected 9 for SPECCODE "UNMM" (rows 1277)
--------------------------------------------------------------------------------

[29-Jun-2026 11:48:26] f700034
Type: Validation error
Error: Validation failed: 0 errors, 2 warnings (0 acknowledged, 2 new)
ID: Ingestion:ValidationFailed
Location: BatchUploader.uploadSurvey (line 376)
Validation Details:
  Errors: 0
  Warnings: 2
  Details:
    - [WARNING] NUMCALF: NUMCALF=1 for non-mammal species (TAXCODE=5) (rows 22, EVENTNO=22)
    - [WARNING] NUMCALF: NUMCALF (1) is more than half of NUMBER (1) - verify count (rows 22, EVENTNO=22)
--------------------------------------------------------------------------------

[29-Jun-2026 11:48:26] f700056
Type: Validation error
Error: Validation failed: 0 errors, 1 warnings (0 acknowledged, 1 new)
ID: Ingestion:ValidationFailed
Location: BatchUploader.uploadSurvey (line 376)
Validation Details:
  Errors: 0
  Warnings: 1
  Details:
    - [WARNING] NUMCALF: NUMCALF (2) is more than half of NUMBER (3) - verify count (rows 259, EVENTNO=241)
--------------------------------------------------------------------------------

[29-Jun-2026 11:48:27] f701012
Type: Validation error
Error: Validation failed: 0 errors, 1 warnings (0 acknowledged, 1 new)
ID: Ingestion:ValidationFailed
Location: BatchUploader.uploadSurvey (line 376)
Validation Details:
  Errors: 0
  Warnings: 1
  Details:
    - [WARNING] NUMCALF: NUMCALF (1) is more than half of NUMBER (1) - verify count (rows 10, EVENTNO=10)
--------------------------------------------------------------------------------

[29-Jun-2026 11:48:28] f701038
Type: Validation error
Error: Validation failed: 0 errors, 2 warnings (0 acknowledged, 2 new)
ID: Ingestion:ValidationFailed
Location: BatchUploader.uploadSurvey (line 376)
Validation Details:
  Errors: 0
  Warnings: 2
  Details:
    - [WARNING] NUMCALF: NUMCALF=1 for non-mammal species (TAXCODE=5) (rows 71, EVENTNO=64)
    - [WARNING] NUMCALF: NUMCALF (1) is more than half of NUMBER (1) - verify count (rows 71, EVENTNO=64)
--------------------------------------------------------------------------------

[29-Jun-2026 11:48:29] f701051
Type: Validation error
Error: Validation failed: 0 errors, 1 warnings (0 acknowledged, 1 new)
ID: Ingestion:ValidationFailed
Location: BatchUploader.uploadSurvey (line 376)
Validation Details:
  Errors: 0
  Warnings: 1
  Details:
    - [WARNING] NUMCALF: NUMCALF (2) is more than half of NUMBER (3) - verify count (rows 393, EVENTNO=301)
--------------------------------------------------------------------------------

[29-Jun-2026 11:48:30] f702343
Type: Validation error
Error: Validation failed: 0 errors, 1 warnings (0 acknowledged, 1 new)
ID: Ingestion:ValidationFailed
Location: BatchUploader.uploadSurvey (line 376)
Validation Details:
  Errors: 0
  Warnings: 1
  Details:
    - [WARNING] NUMCALF: NUMCALF (1) is more than half of NUMBER (1) - verify count (rows 113, EVENTNO=115)
--------------------------------------------------------------------------------

[29-Jun-2026 11:48:31] f723003
Type: Validation error
Error: Validation failed: 0 errors, 1 warnings (0 acknowledged, 1 new)
ID: Ingestion:ValidationFailed
Location: BatchUploader.uploadSurvey (line 376)
Validation Details:
  Errors: 0
  Warnings: 1
  Details:
    - [WARNING] NUMCALF: NUMCALF (1) is more than half of NUMBER (1) - verify count (rows 324, EVENTNO=411)
--------------------------------------------------------------------------------

[29-Jun-2026 11:48:32] f800032
Type: Validation error
Error: Validation failed: 0 errors, 1 warnings (0 acknowledged, 1 new)
ID: Ingestion:ValidationFailed
Location: BatchUploader.uploadSurvey (line 376)
Validation Details:
  Errors: 0
  Warnings: 1
  Details:
    - [WARNING] NUMCALF: NUMCALF (1) is more than half of NUMBER (1) - verify count (rows 64, EVENTNO=65)
--------------------------------------------------------------------------------

[29-Jun-2026 11:48:32] f801037
Type: Validation error
Error: Validation failed: 0 errors, 1 warnings (0 acknowledged, 1 new)
ID: Ingestion:ValidationFailed
Location: BatchUploader.uploadSurvey (line 376)
Validation Details:
  Errors: 0
  Warnings: 1
  Details:
    - [WARNING] BEHAV: Calf-associated behavior(s) 40 recorded but no calf present (rows 55, EVENTNO=55)
--------------------------------------------------------------------------------

[29-Jun-2026 11:48:33] f801038
Type: Validation error
Error: Validation failed: 0 errors, 12 warnings (0 acknowledged, 12 new)
ID: Ingestion:ValidationFailed
Location: BatchUploader.uploadSurvey (line 376)
Validation Details:
  Errors: 0
  Warnings: 12
  Details:
    - [WARNING] BEHAV: Calf-associated behavior(s) 40 recorded but no calf present (rows 6, EVENTNO=6)
    - [WARNING] BEHAV: Calf-associated behavior(s) 40 recorded but no calf present (rows 7, EVENTNO=7)
    - [WARNING] BEHAV: Calf-associated behavior(s) 40 recorded but no calf present (rows 8, EVENTNO=8)
    - [WARNING] BEHAV: Calf-associated behavior(s) 40 recorded but no calf present (rows 9, EVENTNO=9)
    - [WARNING] BEHAV: Calf-associated behavior(s) 40 recorded but no calf present (rows 10, EVENTNO=10)
    - [WARNING] BEHAV: Calf-associated behavior(s) 40 recorded but no calf present (rows 11, EVENTNO=11)
    - [WARNING] BEHAV: Calf-associated behavior(s) 40 recorded but no calf present (rows 13, EVENTNO=13)
    - [WARNING] BEHAV: Calf-associated behavior(s) 40 recorded but no calf present (rows 14, EVENTNO=14)
    - [WARNING] BEHAV: Calf-associated behavior(s) 40 recorded but no calf present (rows 20, EVENTNO=20)
    - [WARNING] BEHAV: Calf-associated behavior(s) 40 recorded but no calf present (rows 24, EVENTNO=24)
    - [WARNING] BEHAV: Calf-associated behavior(s) 40 recorded but no calf present (rows 44, EVENTNO=44)
    - [WARNING] BEHAV: Calf-associated behavior(s) 40 recorded but no calf present (rows 50, EVENTNO=50)
--------------------------------------------------------------------------------

[29-Jun-2026 11:48:33] f801039
Type: Validation error
Error: Validation failed: 0 errors, 1 warnings (0 acknowledged, 1 new)
ID: Ingestion:ValidationFailed
Location: BatchUploader.uploadSurvey (line 376)
Validation Details:
  Errors: 0
  Warnings: 1
  Details:
    - [WARNING] BEHAV: Calf-associated behavior(s) 40 recorded but no calf present (rows 51, EVENTNO=51)
--------------------------------------------------------------------------------

[29-Jun-2026 11:48:34] f801040
Type: Validation error
Error: Validation failed: 0 errors, 6 warnings (0 acknowledged, 6 new)
ID: Ingestion:ValidationFailed
Location: BatchUploader.uploadSurvey (line 376)
Validation Details:
  Errors: 0
  Warnings: 6
  Details:
    - [WARNING] BEHAV: Calf-associated behavior(s) 40 recorded but no calf present (rows 26, EVENTNO=26)
    - [WARNING] BEHAV: Calf-associated behavior(s) 40 recorded but no calf present (rows 34, EVENTNO=34)
    - [WARNING] BEHAV: Calf-associated behavior(s) 40 recorded but no calf present (rows 42, EVENTNO=42)
    - [WARNING] BEHAV: Calf-associated behavior(s) 40 recorded but no calf present (rows 48, EVENTNO=48)
    - [WARNING] BEHAV: Calf-associated behavior(s) 40 recorded but no calf present (rows 49, EVENTNO=49)
    - [WARNING] BEHAV: Calf-associated behavior(s) 40 recorded but no calf present (rows 54, EVENTNO=54)
--------------------------------------------------------------------------------

[29-Jun-2026 11:48:34] f801046
Type: Validation error
Error: Validation failed: 0 errors, 2 warnings (0 acknowledged, 2 new)
ID: Ingestion:ValidationFailed
Location: BatchUploader.uploadSurvey (line 376)
Validation Details:
  Errors: 0
  Warnings: 2
  Details:
    - [WARNING] BEHAV: Calf-associated behavior(s) 40 recorded but no calf present (rows 25, EVENTNO=25)
    - [WARNING] BEHAV: Calf-associated behavior(s) 40 recorded but no calf present (rows 33, EVENTNO=33)
--------------------------------------------------------------------------------

[29-Jun-2026 11:48:35] f801047
Type: Validation error
Error: Validation failed: 0 errors, 1 warnings (0 acknowledged, 1 new)
ID: Ingestion:ValidationFailed
Location: BatchUploader.uploadSurvey (line 376)
Validation Details:
  Errors: 0
  Warnings: 1
  Details:
    - [WARNING] BEHAV: Calf-associated behavior(s) 40 recorded but no calf present (rows 38, EVENTNO=38)
--------------------------------------------------------------------------------

[29-Jun-2026 11:48:35] f801049
Type: Validation error
Error: Validation failed: 0 errors, 2 warnings (0 acknowledged, 2 new)
ID: Ingestion:ValidationFailed
Location: BatchUploader.uploadSurvey (line 376)
Validation Details:
  Errors: 0
  Warnings: 2
  Details:
    - [WARNING] BEHAV: Calf-associated behavior(s) 40 recorded but no calf present (rows 35, EVENTNO=35)
    - [WARNING] BEHAV: Calf-associated behavior(s) 40 recorded but no calf present (rows 79, EVENTNO=79)
--------------------------------------------------------------------------------

[29-Jun-2026 11:48:36] f801050
Type: Validation error
Error: Validation failed: 0 errors, 21 warnings (0 acknowledged, 21 new)
ID: Ingestion:ValidationFailed
Location: BatchUploader.uploadSurvey (line 376)
Validation Details:
  Errors: 0
  Warnings: 21
  Details:
    - [WARNING] BEHAV: Calf-associated behavior(s) 40 recorded but no calf present (rows 4, EVENTNO=4)
    - [WARNING] BEHAV: Calf-associated behavior(s) 40 recorded but no calf present (rows 17, EVENTNO=17)
    - [WARNING] BEHAV: Calf-associated behavior(s) 40 recorded but no calf present (rows 31, EVENTNO=31)
    - [WARNING] BEHAV: Calf-associated behavior(s) 40 recorded but no calf present (rows 39, EVENTNO=39)
    - [WARNING] BEHAV: Calf-associated behavior(s) 40 recorded but no calf present (rows 40, EVENTNO=40)
    - [WARNING] BEHAV: Calf-associated behavior(s) 40 recorded but no calf present (rows 41, EVENTNO=41)
    - [WARNING] BEHAV: Calf-associated behavior(s) 40 recorded but no calf present (rows 42, EVENTNO=42)
    - [WARNING] BEHAV: Calf-associated behavior(s) 40 recorded but no calf present (rows 48, EVENTNO=48)
    - [WARNING] BEHAV: Calf-associated behavior(s) 40 recorded but no calf present (rows 50, EVENTNO=50)
    - [WARNING] BEHAV: Calf-associated behavior(s) 40 recorded but no calf present (rows 51, EVENTNO=51)
    - [WARNING] BEHAV: Calf-associated behavior(s) 40 recorded but no calf present (rows 52, EVENTNO=52)
    - [WARNING] BEHAV: Calf-associated behavior(s) 40 recorded but no calf present (rows 53, EVENTNO=53)
    - [WARNING] BEHAV: Calf-associated behavior(s) 40 recorded but no calf present (rows 59, EVENTNO=59)
    - [WARNING] BEHAV: Calf-associated behavior(s) 40 recorded but no calf present (rows 60, EVENTNO=60)
    - [WARNING] BEHAV: Calf-associated behavior(s) 40 recorded but no calf present (rows 64, EVENTNO=64)
    - [WARNING] BEHAV: Calf-associated behavior(s) 40 recorded but no calf present (rows 90, EVENTNO=90)
    - [WARNING] BEHAV: Calf-associated behavior(s) 40 recorded but no calf present (rows 91, EVENTNO=91)
    - [WARNING] BEHAV: Calf-associated behavior(s) 40 recorded but no calf present (rows 92, EVENTNO=92)
    - [WARNING] BEHAV: Calf-associated behavior(s) 40 recorded but no calf present (rows 94, EVENTNO=94)
    - [WARNING] BEHAV: Calf-associated behavior(s) 40 recorded but no calf present (rows 103, EVENTNO=103)
    - [WARNING] BEHAV: Calf-associated behavior(s) 40 recorded but no calf present (rows 112, EVENTNO=112)
--------------------------------------------------------------------------------

[29-Jun-2026 11:48:36] f801051
Type: Validation error
Error: Validation failed: 0 errors, 14 warnings (0 acknowledged, 14 new)
ID: Ingestion:ValidationFailed
Location: BatchUploader.uploadSurvey (line 376)
Validation Details:
  Errors: 0
  Warnings: 14
  Details:
    - [WARNING] BEHAV: Calf-associated behavior(s) 40 recorded but no calf present (rows 26, EVENTNO=26)
    - [WARNING] BEHAV: Calf-associated behavior(s) 40 recorded but no calf present (rows 27, EVENTNO=27)
    - [WARNING] BEHAV: Calf-associated behavior(s) 40 recorded but no calf present (rows 32, EVENTNO=32)
    - [WARNING] BEHAV: Calf-associated behavior(s) 40 recorded but no calf present (rows 39, EVENTNO=39)
    - [WARNING] BEHAV: Calf-associated behavior(s) 40 recorded but no calf present (rows 42, EVENTNO=42)
    - [WARNING] BEHAV: Calf-associated behavior(s) 40 recorded but no calf present (rows 50, EVENTNO=50)
    - [WARNING] BEHAV: Calf-associated behavior(s) 40 recorded but no calf present (rows 56, EVENTNO=56)
    - [WARNING] BEHAV: Calf-associated behavior(s) 40 recorded but no calf present (rows 58, EVENTNO=58)
    - [WARNING] BEHAV: Calf-associated behavior(s) 40 recorded but no calf present (rows 64, EVENTNO=64)
    - [WARNING] BEHAV: Calf-associated behavior(s) 40 recorded but no calf present (rows 65, EVENTNO=65)
    - [WARNING] BEHAV: Calf-associated behavior(s) 40 recorded but no calf present (rows 66, EVENTNO=66)
    - [WARNING] BEHAV: Calf-associated behavior(s) 40 recorded but no calf present (rows 72, EVENTNO=72)
    - [WARNING] BEHAV: Calf-associated behavior(s) 40 recorded but no calf present (rows 81, EVENTNO=81)
    - [WARNING] BEHAV: Calf-associated behavior(s) 40 recorded but no calf present (rows 82, EVENTNO=82)
--------------------------------------------------------------------------------

[29-Jun-2026 11:48:37] f801052
Type: Validation error
Error: Validation failed: 0 errors, 5 warnings (0 acknowledged, 5 new)
ID: Ingestion:ValidationFailed
Location: BatchUploader.uploadSurvey (line 376)
Validation Details:
  Errors: 0
  Warnings: 5
  Details:
    - [WARNING] BEHAV: Calf-associated behavior(s) 40 recorded but no calf present (rows 58, EVENTNO=58)
    - [WARNING] BEHAV: Calf-associated behavior(s) 40 recorded but no calf present (rows 60, EVENTNO=60)
    - [WARNING] BEHAV: Calf-associated behavior(s) 40 recorded but no calf present (rows 76, EVENTNO=76)
    - [WARNING] BEHAV: Calf-associated behavior(s) 40 recorded but no calf present (rows 85, EVENTNO=85)
    - [WARNING] BEHAV: Calf-associated behavior(s) 40 recorded but no calf present (rows 89, EVENTNO=89)
--------------------------------------------------------------------------------

[29-Jun-2026 11:48:38] f802028
Type: Validation error
Error: Validation failed: 0 errors, 2 warnings (0 acknowledged, 2 new)
ID: Ingestion:ValidationFailed
Location: BatchUploader.uploadSurvey (line 376)
Validation Details:
  Errors: 0
  Warnings: 2
  Details:
    - [WARNING] BEHAV: Calf-associated behavior(s) 40 recorded but no calf present (rows 23, EVENTNO=23)
    - [WARNING] BEHAV: Calf-associated behavior(s) 40 recorded but no calf present (rows 58, EVENTNO=58)
--------------------------------------------------------------------------------

[29-Jun-2026 11:48:39] f802029
Type: Validation error
Error: Validation failed: 0 errors, 1 warnings (0 acknowledged, 1 new)
ID: Ingestion:ValidationFailed
Location: BatchUploader.uploadSurvey (line 376)
Validation Details:
  Errors: 0
  Warnings: 1
  Details:
    - [WARNING] BEHAV: Calf-associated behavior(s) 40 recorded but no calf present (rows 27, EVENTNO=27)
--------------------------------------------------------------------------------

[29-Jun-2026 11:48:39] f802039
Type: Validation error
Error: Validation failed: 0 errors, 1 warnings (0 acknowledged, 1 new)
ID: Ingestion:ValidationFailed
Location: BatchUploader.uploadSurvey (line 376)
Validation Details:
  Errors: 0
  Warnings: 1
  Details:
    - [WARNING] BEHAV: Calf-associated behavior(s) 40 recorded but no calf present (rows 45, EVENTNO=45)
--------------------------------------------------------------------------------

[29-Jun-2026 11:48:40] f802043
Type: Validation error
Error: Validation failed: 0 errors, 1 warnings (0 acknowledged, 1 new)
ID: Ingestion:ValidationFailed
Location: BatchUploader.uploadSurvey (line 376)
Validation Details:
  Errors: 0
  Warnings: 1
  Details:
    - [WARNING] BEHAV: Calf-associated behavior(s) 40 recorded but no calf present (rows 17, EVENTNO=17)
--------------------------------------------------------------------------------

[29-Jun-2026 11:48:40] f802044
Type: Validation error
Error: Validation failed: 0 errors, 1 warnings (0 acknowledged, 1 new)
ID: Ingestion:ValidationFailed
Location: BatchUploader.uploadSurvey (line 376)
Validation Details:
  Errors: 0
  Warnings: 1
  Details:
    - [WARNING] BEHAV: Calf-associated behavior(s) 40 recorded but no calf present (rows 77, EVENTNO=77)
--------------------------------------------------------------------------------

[29-Jun-2026 11:48:41] f802047
Type: Validation error
Error: Validation failed: 0 errors, 1 warnings (0 acknowledged, 1 new)
ID: Ingestion:ValidationFailed
Location: BatchUploader.uploadSurvey (line 376)
Validation Details:
  Errors: 0
  Warnings: 1
  Details:
    - [WARNING] BEHAV: Calf-associated behavior(s) 40 recorded but no calf present (rows 14, EVENTNO=14)
--------------------------------------------------------------------------------

[29-Jun-2026 11:48:41] f802050
Type: Validation error
Error: Validation failed: 0 errors, 3 warnings (0 acknowledged, 3 new)
ID: Ingestion:ValidationFailed
Location: BatchUploader.uploadSurvey (line 376)
Validation Details:
  Errors: 0
  Warnings: 3
  Details:
    - [WARNING] BEHAV: Calf-associated behavior(s) 40 recorded but no calf present (rows 55, EVENTNO=55)
    - [WARNING] BEHAV: Calf-associated behavior(s) 40 recorded but no calf present (rows 77, EVENTNO=77)
    - [WARNING] BEHAV: Calf-associated behavior(s) 40 recorded but no calf present (rows 99, EVENTNO=99)
--------------------------------------------------------------------------------

[29-Jun-2026 11:48:42] f802053
Type: Validation error
Error: Validation failed: 0 errors, 1 warnings (0 acknowledged, 1 new)
ID: Ingestion:ValidationFailed
Location: BatchUploader.uploadSurvey (line 376)
Validation Details:
  Errors: 0
  Warnings: 1
  Details:
    - [WARNING] BEHAV: Calf-associated behavior(s) 40 recorded but no calf present (rows 74, EVENTNO=74)
--------------------------------------------------------------------------------

[29-Jun-2026 11:48:43] f802056
Type: Validation error
Error: Validation failed: 0 errors, 2 warnings (0 acknowledged, 2 new)
ID: Ingestion:ValidationFailed
Location: BatchUploader.uploadSurvey (line 376)
Validation Details:
  Errors: 0
  Warnings: 2
  Details:
    - [WARNING] BEHAV: Calf-associated behavior(s) 40 recorded but no calf present (rows 6, EVENTNO=6)
    - [WARNING] BEHAV: Calf-associated behavior(s) 40 recorded but no calf present (rows 23, EVENTNO=23)
--------------------------------------------------------------------------------

[29-Jun-2026 11:48:43] f802060
Type: Validation error
Error: Validation failed: 0 errors, 2 warnings (0 acknowledged, 2 new)
ID: Ingestion:ValidationFailed
Location: BatchUploader.uploadSurvey (line 376)
Validation Details:
  Errors: 0
  Warnings: 2
  Details:
    - [WARNING] BEHAV: Calf-associated behavior(s) 40 recorded but no calf present (rows 36, EVENTNO=36)
    - [WARNING] BEHAV: Calf-associated behavior(s) 40 recorded but no calf present (rows 43, EVENTNO=43)
--------------------------------------------------------------------------------

[29-Jun-2026 11:48:44] f802064
Type: Validation error
Error: Validation failed: 0 errors, 2 warnings (0 acknowledged, 2 new)
ID: Ingestion:ValidationFailed
Location: BatchUploader.uploadSurvey (line 376)
Validation Details:
  Errors: 0
  Warnings: 2
  Details:
    - [WARNING] BEHAV: Calf-associated behavior(s) 40 recorded but no calf present (rows 56, EVENTNO=56)
    - [WARNING] BEHAV: Calf-associated behavior(s) 40 recorded but no calf present (rows 119, EVENTNO=119)
--------------------------------------------------------------------------------

[29-Jun-2026 11:48:45] f802065
Type: Validation error
Error: Validation failed: 0 errors, 5 warnings (0 acknowledged, 5 new)
ID: Ingestion:ValidationFailed
Location: BatchUploader.uploadSurvey (line 376)
Validation Details:
  Errors: 0
  Warnings: 5
  Details:
    - [WARNING] BEHAV: Calf-associated behavior(s) 40 recorded but no calf present (rows 5, EVENTNO=5)
    - [WARNING] BEHAV: Calf-associated behavior(s) 40 recorded but no calf present (rows 18, EVENTNO=18)
    - [WARNING] BEHAV: Calf-associated behavior(s) 40 recorded but no calf present (rows 26, EVENTNO=26)
    - [WARNING] BEHAV: Calf-associated behavior(s) 40 recorded but no calf present (rows 53, EVENTNO=53)
    - [WARNING] BEHAV: Calf-associated behavior(s) 40 recorded but no calf present (rows 89, EVENTNO=89)
--------------------------------------------------------------------------------

[29-Jun-2026 11:48:45] f802068
Type: Validation error
Error: Validation failed: 0 errors, 1 warnings (0 acknowledged, 1 new)
ID: Ingestion:ValidationFailed
Location: BatchUploader.uploadSurvey (line 376)
Validation Details:
  Errors: 0
  Warnings: 1
  Details:
    - [WARNING] BEHAV: Calf-associated behavior(s) 40 recorded but no calf present (rows 2, EVENTNO=2)
--------------------------------------------------------------------------------

[29-Jun-2026 11:48:46] f805039
Type: Validation error
Error: Validation failed: 0 errors, 1 warnings (0 acknowledged, 1 new)
ID: Ingestion:ValidationFailed
Location: BatchUploader.uploadSurvey (line 376)
Validation Details:
  Errors: 0
  Warnings: 1
  Details:
    - [WARNING] BEHAV: Calf-associated behavior(s) 40 recorded but no calf present (rows 107, EVENTNO=107)
--------------------------------------------------------------------------------

[29-Jun-2026 11:48:47] f805040
Type: Validation error
Error: Validation failed: 0 errors, 1 warnings (0 acknowledged, 1 new)
ID: Ingestion:ValidationFailed
Location: BatchUploader.uploadSurvey (line 376)
Validation Details:
  Errors: 0
  Warnings: 1
  Details:
    - [WARNING] BEHAV: Calf-associated behavior(s) 40 recorded but no calf present (rows 205, EVENTNO=205)
--------------------------------------------------------------------------------

[29-Jun-2026 11:48:47] f805100
Type: Validation error
Error: Validation failed: 0 errors, 1 warnings (0 acknowledged, 1 new)
ID: Ingestion:ValidationFailed
Location: BatchUploader.uploadSurvey (line 376)
Validation Details:
  Errors: 0
  Warnings: 1
  Details:
    - [WARNING] BEHAV: Calf-associated behavior(s) 40 recorded but no calf present (rows 252, EVENTNO=252)
--------------------------------------------------------------------------------

[29-Jun-2026 11:48:48] f805107
Type: Validation error
Error: Validation failed: 0 errors, 4 warnings (0 acknowledged, 4 new)
ID: Ingestion:ValidationFailed
Location: BatchUploader.uploadSurvey (line 376)
Validation Details:
  Errors: 0
  Warnings: 4
  Details:
    - [WARNING] BEHAV: Calf-associated behavior(s) 40 recorded but no calf present (rows 104, EVENTNO=104)
    - [WARNING] BEHAV: Calf-associated behavior(s) 40 recorded but no calf present (rows 174, EVENTNO=174)
    - [WARNING] BEHAV: Calf-associated behavior(s) 40 recorded but no calf present (rows 218, EVENTNO=218)
    - [WARNING] BEHAV: Calf-associated behavior(s) 40 recorded but no calf present (rows 232, EVENTNO=232)
--------------------------------------------------------------------------------

[29-Jun-2026 11:48:49] f805109
Type: Validation error
Error: Validation failed: 0 errors, 1 warnings (0 acknowledged, 1 new)
ID: Ingestion:ValidationFailed
Location: BatchUploader.uploadSurvey (line 376)
Validation Details:
  Errors: 0
  Warnings: 1
  Details:
    - [WARNING] BEHAV: Calf-associated behavior(s) 40 recorded but no calf present (rows 315, EVENTNO=315)
--------------------------------------------------------------------------------

[29-Jun-2026 11:48:49] f805110
Type: Validation error
Error: Validation failed: 0 errors, 1 warnings (0 acknowledged, 1 new)
ID: Ingestion:ValidationFailed
Location: BatchUploader.uploadSurvey (line 376)
Validation Details:
  Errors: 0
  Warnings: 1
  Details:
    - [WARNING] BEHAV: Calf-associated behavior(s) 40 recorded but no calf present (rows 14, EVENTNO=14)
--------------------------------------------------------------------------------

[29-Jun-2026 11:48:50] f805112
Type: Validation error
Error: Validation failed: 0 errors, 1 warnings (0 acknowledged, 1 new)
ID: Ingestion:ValidationFailed
Location: BatchUploader.uploadSurvey (line 376)
Validation Details:
  Errors: 0
  Warnings: 1
  Details:
    - [WARNING] BEHAV: Calf-associated behavior(s) 40 recorded but no calf present (rows 238, EVENTNO=238)
--------------------------------------------------------------------------------

[29-Jun-2026 11:48:51] f805116
Type: Validation error
Error: Validation failed: 0 errors, 1 warnings (0 acknowledged, 1 new)
ID: Ingestion:ValidationFailed
Location: BatchUploader.uploadSurvey (line 376)
Validation Details:
  Errors: 0
  Warnings: 1
  Details:
    - [WARNING] BEHAV: Calf-associated behavior(s) 40 recorded but no calf present (rows 157, EVENTNO=157)
--------------------------------------------------------------------------------

[29-Jun-2026 11:48:52] f805297
Type: Validation error
Error: Validation failed: 0 errors, 1 warnings (0 acknowledged, 1 new)
ID: Ingestion:ValidationFailed
Location: BatchUploader.uploadSurvey (line 376)
Validation Details:
  Errors: 0
  Warnings: 1
  Details:
    - [WARNING] BEHAV: Calf-associated behavior(s) 40 recorded but no calf present (rows 106, EVENTNO=106)
--------------------------------------------------------------------------------

[29-Jun-2026 11:48:52] f901015
Type: Validation error
Error: Validation failed: 0 errors, 1 warnings (0 acknowledged, 1 new)
ID: Ingestion:ValidationFailed
Location: BatchUploader.uploadSurvey (line 376)
Validation Details:
  Errors: 0
  Warnings: 1
  Details:
    - [WARNING] BEHAV: Calf-associated behavior(s) 40 recorded but no calf present (rows 264, EVENTNO=251)
--------------------------------------------------------------------------------

[29-Jun-2026 11:48:59] f902198G
Type: Validation error
Error: Validation failed: 308 errors, 0 warnings (0 acknowledged, 0 new)
ID: Ingestion:ValidationFailed
Location: BatchUploader.uploadSurvey (line 376)
Validation Details:
  Errors: 308
  Warnings: 0
  Details:
    - [ERROR] SPECCODE: SPECCODE is required for sighting records (rows 51)
    - [ERROR] SPECCODE: SPECCODE is required for sighting records (rows 127)
    - [ERROR] SPECCODE: SPECCODE is required for sighting records (rows 260)
    - [ERROR] SPECCODE: SPECCODE is required for sighting records (rows 301)
    - [ERROR] SPECCODE: SPECCODE is required for sighting records (rows 313)
    - [ERROR] SPECCODE: SPECCODE is required for sighting records (rows 321)
    - [ERROR] SPECCODE: SPECCODE is required for sighting records (rows 333)
    - [ERROR] SPECCODE: SPECCODE is required for sighting records (rows 354)
    - [ERROR] SPECCODE: SPECCODE is required for sighting records (rows 356)
    - [ERROR] SPECCODE: SPECCODE is required for sighting records (rows 366)
    - [ERROR] SPECCODE: SPECCODE is required for sighting records (rows 399)
    - [ERROR] SPECCODE: SPECCODE is required for sighting records (rows 565)
    - [ERROR] SPECCODE: SPECCODE is required for sighting records (rows 608)
    - [ERROR] SPECCODE: SPECCODE is required for sighting records (rows 654)
    - [ERROR] SPECCODE: SPECCODE is required for sighting records (rows 677)
    - [ERROR] SPECCODE: SPECCODE is required for sighting records (rows 770)
    - [ERROR] SPECCODE: SPECCODE is required for sighting records (rows 947)
    - [ERROR] SPECCODE: SPECCODE is required for sighting records (rows 985)
    - [ERROR] SPECCODE: SPECCODE is required for sighting records (rows 997)
    - [ERROR] SPECCODE: SPECCODE is required for sighting records (rows 1040)
    - [ERROR] SPECCODE: SPECCODE is required for sighting records (rows 1156)
    - [ERROR] SPECCODE: SPECCODE is required for sighting records (rows 1160)
    - [ERROR] SPECCODE: SPECCODE is required for sighting records (rows 1233)
    - [ERROR] SPECCODE: SPECCODE is required for sighting records (rows 1335)
    - [ERROR] SPECCODE: SPECCODE is required for sighting records (rows 1440)
    - [ERROR] SPECCODE: SPECCODE is required for sighting records (rows 1456)
    - [ERROR] SPECCODE: SPECCODE is required for sighting records (rows 1786)
    - [ERROR] SPECCODE: SPECCODE is required for sighting records (rows 1812)
    - [ERROR] SPECCODE: SPECCODE is required for sighting records (rows 1914)
    - [ERROR] SPECCODE: SPECCODE is required for sighting records (rows 1955)
    - [ERROR] SPECCODE: SPECCODE is required for sighting records (rows 1974)
    - [ERROR] SPECCODE: SPECCODE is required for sighting records (rows 2364)
    - [ERROR] SPECCODE: SPECCODE is required for sighting records (rows 2471)
    - [ERROR] SPECCODE: SPECCODE is required for sighting records (rows 2495)
    - [ERROR] SPECCODE: SPECCODE is required for sighting records (rows 2686)
    - [ERROR] SPECCODE: SPECCODE is required for sighting records (rows 2700)
    - [ERROR] SPECCODE: SPECCODE is required for sighting records (rows 2876)
    - [ERROR] SPECCODE: SPECCODE is required for sighting records (rows 2891)
    - [ERROR] SPECCODE: SPECCODE is required for sighting records (rows 2894)
    - [ERROR] SPECCODE: SPECCODE is required for sighting records (rows 2920)
    - [ERROR] SPECCODE: SPECCODE is required for sighting records (rows 3013)
    - [ERROR] SPECCODE: SPECCODE is required for sighting records (rows 3099)
    - [ERROR] SPECCODE: SPECCODE is required for sighting records (rows 3117)
    - [ERROR] SPECCODE: SPECCODE is required for sighting records (rows 3214)
    - [ERROR] SPECCODE: SPECCODE is required for sighting records (rows 3254)
    - [ERROR] SPECCODE: SPECCODE is required for sighting records (rows 3283)
    - [ERROR] SPECCODE: SPECCODE is required for sighting records (rows 3350)
    - [ERROR] SPECCODE: SPECCODE is required for sighting records (rows 3449)
    - [ERROR] SPECCODE: SPECCODE is required for sighting records (rows 3515)
    - [ERROR] SPECCODE: SPECCODE is required for sighting records (rows 3562)
    - [ERROR] SPECCODE: SPECCODE is required for sighting records (rows 3881)
    - [ERROR] SPECCODE: SPECCODE is required for sighting records (rows 4030)
    - [ERROR] SPECCODE: SPECCODE is required for sighting records (rows 4065)
    - [ERROR] SPECCODE: SPECCODE is required for sighting records (rows 4072)
    - [ERROR] SPECCODE: SPECCODE is required for sighting records (rows 4437)
    - [ERROR] SPECCODE: SPECCODE is required for sighting records (rows 4441)
    - [ERROR] SPECCODE: SPECCODE is required for sighting records (rows 4445)
    - [ERROR] SPECCODE: SPECCODE is required for sighting records (rows 4447)
    - [ERROR] SPECCODE: SPECCODE is required for sighting records (rows 4474)
    - [ERROR] SPECCODE: SPECCODE is required for sighting records (rows 4485)
    - [ERROR] SPECCODE: SPECCODE is required for sighting records (rows 4496)
    - [ERROR] SPECCODE: SPECCODE is required for sighting records (rows 4551)
    - [ERROR] SPECCODE: SPECCODE is required for sighting records (rows 4556)
    - [ERROR] SPECCODE: SPECCODE is required for sighting records (rows 4589)
    - [ERROR] SPECCODE: SPECCODE is required for sighting records (rows 4660)
    - [ERROR] SPECCODE: SPECCODE is required for sighting records (rows 4674)
    - [ERROR] SPECCODE: SPECCODE is required for sighting records (rows 4688)
    - [ERROR] SPECCODE: SPECCODE is required for sighting records (rows 5178)
    - [ERROR] SPECCODE: SPECCODE is required for sighting records (rows 5181)
    - [ERROR] SPECCODE: SPECCODE is required for sighting records (rows 5241)
    - [ERROR] SPECCODE: SPECCODE is required for sighting records (rows 5243)
    - [ERROR] SPECCODE: SPECCODE is required for sighting records (rows 5263)
    - [ERROR] SPECCODE: SPECCODE is required for sighting records (rows 5313)
    - [ERROR] SPECCODE: SPECCODE is required for sighting records (rows 5490)
    - [ERROR] SPECCODE: SPECCODE is required for sighting records (rows 5493)
    - [ERROR] SPECCODE: SPECCODE is required for sighting records (rows 5496)
    - [ERROR] SPECCODE: SPECCODE is required for sighting records (rows 5508)
    - [ERROR] SPECCODE: SPECCODE is required for sighting records (rows 5516)
    - [ERROR] SPECCODE: SPECCODE is required for sighting records (rows 5518)
    - [ERROR] SPECCODE: SPECCODE is required for sighting records (rows 5546)
    - [ERROR] SPECCODE: SPECCODE is required for sighting records (rows 5551)
    - [ERROR] SPECCODE: SPECCODE is required for sighting records (rows 5558)
    - [ERROR] SPECCODE: SPECCODE is required for sighting records (rows 5561)
    - [ERROR] SPECCODE: SPECCODE is required for sighting records (rows 5595)
    - [ERROR] SPECCODE: SPECCODE is required for sighting records (rows 5598)
    - [ERROR] SPECCODE: SPECCODE is required for sighting records (rows 5604)
    - [ERROR] SPECCODE: SPECCODE is required for sighting records (rows 5606)
    - [ERROR] SPECCODE: SPECCODE is required for sighting records (rows 5611)
    - [ERROR] SPECCODE: SPECCODE is required for sighting records (rows 5614)
    - [ERROR] SPECCODE: SPECCODE is required for sighting records (rows 5624)
    - [ERROR] SPECCODE: SPECCODE is required for sighting records (rows 5626)
    - [ERROR] SPECCODE: SPECCODE is required for sighting records (rows 5640)
    - [ERROR] SPECCODE: SPECCODE is required for sighting records (rows 5650)
    - [ERROR] SPECCODE: SPECCODE is required for sighting records (rows 5652)
    - [ERROR] SPECCODE: SPECCODE is required for sighting records (rows 5687)
    - [ERROR] SPECCODE: SPECCODE is required for sighting records (rows 5760)
    - [ERROR] SPECCODE: SPECCODE is required for sighting records (rows 5774)
    - [ERROR] SPECCODE: SPECCODE is required for sighting records (rows 5776)
    - [ERROR] SPECCODE: SPECCODE is required for sighting records (rows 5787)
    - [ERROR] SPECCODE: SPECCODE is required for sighting records (rows 5794)
    - [ERROR] SPECCODE: SPECCODE is required for sighting records (rows 5817)
    - [ERROR] SPECCODE: SPECCODE is required for sighting records (rows 5923)
    - [ERROR] SPECCODE: SPECCODE is required for sighting records (rows 5992)
    - [ERROR] SPECCODE: SPECCODE is required for sighting records (rows 6321)
    - [ERROR] SPECCODE: SPECCODE is required for sighting records (rows 6616)
    - [ERROR] SPECCODE: SPECCODE is required for sighting records (rows 6850)
    - [ERROR] SPECCODE: SPECCODE is required for sighting records (rows 6852)
    - [ERROR] SPECCODE: SPECCODE is required for sighting records (rows 6937)
    - [ERROR] SPECCODE: SPECCODE is required for sighting records (rows 7221)
    - [ERROR] SPECCODE: SPECCODE is required for sighting records (rows 7331)
    - [ERROR] SPECCODE: SPECCODE is required for sighting records (rows 7391)
    - [ERROR] SPECCODE: SPECCODE is required for sighting records (rows 7502)
    - [ERROR] SPECCODE: SPECCODE is required for sighting records (rows 7736)
    - [ERROR] SPECCODE: SPECCODE is required for sighting records (rows 7757)
    - [ERROR] SPECCODE: SPECCODE is required for sighting records (rows 8116)
    - [ERROR] SPECCODE: SPECCODE is required for sighting records (rows 8286)
    - [ERROR] SPECCODE: SPECCODE is required for sighting records (rows 8349)
    - [ERROR] SPECCODE: SPECCODE is required for sighting records (rows 8556)
    - [ERROR] SPECCODE: SPECCODE is required for sighting records (rows 8910)
    - [ERROR] SPECCODE: SPECCODE is required for sighting records (rows 8922)
    - [ERROR] SPECCODE: SPECCODE is required for sighting records (rows 8949)
    - [ERROR] SPECCODE: SPECCODE is required for sighting records (rows 8979)
    - [ERROR] SPECCODE: SPECCODE is required for sighting records (rows 8986)
    - [ERROR] SPECCODE: SPECCODE is required for sighting records (rows 9043)
    - [ERROR] SPECCODE: SPECCODE is required for sighting records (rows 9114)
    - [ERROR] SPECCODE: SPECCODE is required for sighting records (rows 9182)
    - [ERROR] SPECCODE: SPECCODE is required for sighting records (rows 9217)
    - [ERROR] SPECCODE: SPECCODE is required for sighting records (rows 9381)
    - [ERROR] SPECCODE: SPECCODE is required for sighting records (rows 9605)
    - [ERROR] SPECCODE: SPECCODE is required for sighting records (rows 9631)
    - [ERROR] SPECCODE: SPECCODE is required for sighting records (rows 9747)
    - [ERROR] SPECCODE: SPECCODE is required for sighting records (rows 9750)
    - [ERROR] SPECCODE: SPECCODE is required for sighting records (rows 10002)
    - [ERROR] SPECCODE: SPECCODE is required for sighting records (rows 10058)
    - [ERROR] SPECCODE: SPECCODE is required for sighting records (rows 10107)
    - [ERROR] SPECCODE: SPECCODE is required for sighting records (rows 10172)
    - [ERROR] SPECCODE: SPECCODE is required for sighting records (rows 10207)
    - [ERROR] SPECCODE: SPECCODE is required for sighting records (rows 10211)
    - [ERROR] SPECCODE: SPECCODE is required for sighting records (rows 10219)
    - [ERROR] SPECCODE: SPECCODE is required for sighting records (rows 10265)
    - [ERROR] SPECCODE: SPECCODE is required for sighting records (rows 10552)
    - [ERROR] SPECCODE: SPECCODE is required for sighting records (rows 10556)
    - [ERROR] SPECCODE: SPECCODE is required for sighting records (rows 10609)
    - [ERROR] SPECCODE: SPECCODE is required for sighting records (rows 10633)
    - [ERROR] SPECCODE: SPECCODE is required for sighting records (rows 10746)
    - [ERROR] SPECCODE: SPECCODE is required for sighting records (rows 10938)
    - [ERROR] SPECCODE: SPECCODE is required for sighting records (rows 11003)
    - [ERROR] SPECCODE: SPECCODE is required for sighting records (rows 11007)
    - [ERROR] SPECCODE: SPECCODE is required for sighting records (rows 11239)
    - [ERROR] SPECCODE: SPECCODE is required for sighting records (rows 11336)
    - [ERROR] SPECCODE: SPECCODE is required for sighting records (rows 11537)
    - [ERROR] SPECCODE: SPECCODE is required for sighting records (rows 11589)
    - [ERROR] SPECCODE: SPECCODE is required for sighting records (rows 11866)
    - [ERROR] SPECCODE: SPECCODE is required for sighting records (rows 12173)
    - [ERROR] TAXCODE: TAXCODE is required for sighting records (rows 51)
    - [ERROR] TAXCODE: TAXCODE is required for sighting records (rows 127)
    - [ERROR] TAXCODE: TAXCODE is required for sighting records (rows 260)
    - [ERROR] TAXCODE: TAXCODE is required for sighting records (rows 301)
    - [ERROR] TAXCODE: TAXCODE is required for sighting records (rows 313)
    - [ERROR] TAXCODE: TAXCODE is required for sighting records (rows 321)
    - [ERROR] TAXCODE: TAXCODE is required for sighting records (rows 333)
    - [ERROR] TAXCODE: TAXCODE is required for sighting records (rows 354)
    - [ERROR] TAXCODE: TAXCODE is required for sighting records (rows 356)
    - [ERROR] TAXCODE: TAXCODE is required for sighting records (rows 366)
    - [ERROR] TAXCODE: TAXCODE is required for sighting records (rows 399)
    - [ERROR] TAXCODE: TAXCODE is required for sighting records (rows 565)
    - [ERROR] TAXCODE: TAXCODE is required for sighting records (rows 608)
    - [ERROR] TAXCODE: TAXCODE is required for sighting records (rows 654)
    - [ERROR] TAXCODE: TAXCODE is required for sighting records (rows 677)
    - [ERROR] TAXCODE: TAXCODE is required for sighting records (rows 770)
    - [ERROR] TAXCODE: TAXCODE is required for sighting records (rows 947)
    - [ERROR] TAXCODE: TAXCODE is required for sighting records (rows 985)
    - [ERROR] TAXCODE: TAXCODE is required for sighting records (rows 997)
    - [ERROR] TAXCODE: TAXCODE is required for sighting records (rows 1040)
    - [ERROR] TAXCODE: TAXCODE is required for sighting records (rows 1156)
    - [ERROR] TAXCODE: TAXCODE is required for sighting records (rows 1160)
    - [ERROR] TAXCODE: TAXCODE is required for sighting records (rows 1233)
    - [ERROR] TAXCODE: TAXCODE is required for sighting records (rows 1335)
    - [ERROR] TAXCODE: TAXCODE is required for sighting records (rows 1440)
    - [ERROR] TAXCODE: TAXCODE is required for sighting records (rows 1456)
    - [ERROR] TAXCODE: TAXCODE is required for sighting records (rows 1786)
    - [ERROR] TAXCODE: TAXCODE is required for sighting records (rows 1812)
    - [ERROR] TAXCODE: TAXCODE is required for sighting records (rows 1914)
    - [ERROR] TAXCODE: TAXCODE is required for sighting records (rows 1955)
    - [ERROR] TAXCODE: TAXCODE is required for sighting records (rows 1974)
    - [ERROR] TAXCODE: TAXCODE is required for sighting records (rows 2364)
    - [ERROR] TAXCODE: TAXCODE is required for sighting records (rows 2471)
    - [ERROR] TAXCODE: TAXCODE is required for sighting records (rows 2495)
    - [ERROR] TAXCODE: TAXCODE is required for sighting records (rows 2686)
    - [ERROR] TAXCODE: TAXCODE is required for sighting records (rows 2700)
    - [ERROR] TAXCODE: TAXCODE is required for sighting records (rows 2876)
    - [ERROR] TAXCODE: TAXCODE is required for sighting records (rows 2891)
    - [ERROR] TAXCODE: TAXCODE is required for sighting records (rows 2894)
    - [ERROR] TAXCODE: TAXCODE is required for sighting records (rows 2920)
    - [ERROR] TAXCODE: TAXCODE is required for sighting records (rows 3013)
    - [ERROR] TAXCODE: TAXCODE is required for sighting records (rows 3099)
    - [ERROR] TAXCODE: TAXCODE is required for sighting records (rows 3117)
    - [ERROR] TAXCODE: TAXCODE is required for sighting records (rows 3214)
    - [ERROR] TAXCODE: TAXCODE is required for sighting records (rows 3254)
    - [ERROR] TAXCODE: TAXCODE is required for sighting records (rows 3283)
    - [ERROR] TAXCODE: TAXCODE is required for sighting records (rows 3350)
    - [ERROR] TAXCODE: TAXCODE is required for sighting records (rows 3449)
    - [ERROR] TAXCODE: TAXCODE is required for sighting records (rows 3515)
    - [ERROR] TAXCODE: TAXCODE is required for sighting records (rows 3562)
    - [ERROR] TAXCODE: TAXCODE is required for sighting records (rows 3881)
    - [ERROR] TAXCODE: TAXCODE is required for sighting records (rows 4030)
    - [ERROR] TAXCODE: TAXCODE is required for sighting records (rows 4065)
    - [ERROR] TAXCODE: TAXCODE is required for sighting records (rows 4072)
    - [ERROR] TAXCODE: TAXCODE is required for sighting records (rows 4437)
    - [ERROR] TAXCODE: TAXCODE is required for sighting records (rows 4441)
    - [ERROR] TAXCODE: TAXCODE is required for sighting records (rows 4445)
    - [ERROR] TAXCODE: TAXCODE is required for sighting records (rows 4447)
    - [ERROR] TAXCODE: TAXCODE is required for sighting records (rows 4474)
    - [ERROR] TAXCODE: TAXCODE is required for sighting records (rows 4485)
    - [ERROR] TAXCODE: TAXCODE is required for sighting records (rows 4496)
    - [ERROR] TAXCODE: TAXCODE is required for sighting records (rows 4551)
    - [ERROR] TAXCODE: TAXCODE is required for sighting records (rows 4556)
    - [ERROR] TAXCODE: TAXCODE is required for sighting records (rows 4589)
    - [ERROR] TAXCODE: TAXCODE is required for sighting records (rows 4660)
    - [ERROR] TAXCODE: TAXCODE is required for sighting records (rows 4674)
    - [ERROR] TAXCODE: TAXCODE is required for sighting records (rows 4688)
    - [ERROR] TAXCODE: TAXCODE is required for sighting records (rows 5178)
    - [ERROR] TAXCODE: TAXCODE is required for sighting records (rows 5181)
    - [ERROR] TAXCODE: TAXCODE is required for sighting records (rows 5241)
    - [ERROR] TAXCODE: TAXCODE is required for sighting records (rows 5243)
    - [ERROR] TAXCODE: TAXCODE is required for sighting records (rows 5263)
    - [ERROR] TAXCODE: TAXCODE is required for sighting records (rows 5313)
    - [ERROR] TAXCODE: TAXCODE is required for sighting records (rows 5490)
    - [ERROR] TAXCODE: TAXCODE is required for sighting records (rows 5493)
    - [ERROR] TAXCODE: TAXCODE is required for sighting records (rows 5496)
    - [ERROR] TAXCODE: TAXCODE is required for sighting records (rows 5508)
    - [ERROR] TAXCODE: TAXCODE is required for sighting records (rows 5516)
    - [ERROR] TAXCODE: TAXCODE is required for sighting records (rows 5518)
    - [ERROR] TAXCODE: TAXCODE is required for sighting records (rows 5546)
    - [ERROR] TAXCODE: TAXCODE is required for sighting records (rows 5551)
    - [ERROR] TAXCODE: TAXCODE is required for sighting records (rows 5558)
    - [ERROR] TAXCODE: TAXCODE is required for sighting records (rows 5561)
    - [ERROR] TAXCODE: TAXCODE is required for sighting records (rows 5595)
    - [ERROR] TAXCODE: TAXCODE is required for sighting records (rows 5598)
    - [ERROR] TAXCODE: TAXCODE is required for sighting records (rows 5604)
    - [ERROR] TAXCODE: TAXCODE is required for sighting records (rows 5606)
    - [ERROR] TAXCODE: TAXCODE is required for sighting records (rows 5611)
    - [ERROR] TAXCODE: TAXCODE is required for sighting records (rows 5614)
    - [ERROR] TAXCODE: TAXCODE is required for sighting records (rows 5624)
    - [ERROR] TAXCODE: TAXCODE is required for sighting records (rows 5626)
    - [ERROR] TAXCODE: TAXCODE is required for sighting records (rows 5640)
    - [ERROR] TAXCODE: TAXCODE is required for sighting records (rows 5650)
    - [ERROR] TAXCODE: TAXCODE is required for sighting records (rows 5652)
    - [ERROR] TAXCODE: TAXCODE is required for sighting records (rows 5687)
    - [ERROR] TAXCODE: TAXCODE is required for sighting records (rows 5760)
    - [ERROR] TAXCODE: TAXCODE is required for sighting records (rows 5774)
    - [ERROR] TAXCODE: TAXCODE is required for sighting records (rows 5776)
    - [ERROR] TAXCODE: TAXCODE is required for sighting records (rows 5787)
    - [ERROR] TAXCODE: TAXCODE is required for sighting records (rows 5794)
    - [ERROR] TAXCODE: TAXCODE is required for sighting records (rows 5817)
    - [ERROR] TAXCODE: TAXCODE is required for sighting records (rows 5923)
    - [ERROR] TAXCODE: TAXCODE is required for sighting records (rows 5992)
    - [ERROR] TAXCODE: TAXCODE is required for sighting records (rows 6321)
    - [ERROR] TAXCODE: TAXCODE is required for sighting records (rows 6616)
    - [ERROR] TAXCODE: TAXCODE is required for sighting records (rows 6850)
    - [ERROR] TAXCODE: TAXCODE is required for sighting records (rows 6852)
    - [ERROR] TAXCODE: TAXCODE is required for sighting records (rows 6937)
    - [ERROR] TAXCODE: TAXCODE is required for sighting records (rows 7221)
    - [ERROR] TAXCODE: TAXCODE is required for sighting records (rows 7331)
    - [ERROR] TAXCODE: TAXCODE is required for sighting records (rows 7391)
    - [ERROR] TAXCODE: TAXCODE is required for sighting records (rows 7502)
    - [ERROR] TAXCODE: TAXCODE is required for sighting records (rows 7736)
    - [ERROR] TAXCODE: TAXCODE is required for sighting records (rows 7757)
    - [ERROR] TAXCODE: TAXCODE is required for sighting records (rows 8116)
    - [ERROR] TAXCODE: TAXCODE is required for sighting records (rows 8286)
    - [ERROR] TAXCODE: TAXCODE is required for sighting records (rows 8349)
    - [ERROR] TAXCODE: TAXCODE is required for sighting records (rows 8556)
    - [ERROR] TAXCODE: TAXCODE is required for sighting records (rows 8910)
    - [ERROR] TAXCODE: TAXCODE is required for sighting records (rows 8922)
    - [ERROR] TAXCODE: TAXCODE is required for sighting records (rows 8949)
    - [ERROR] TAXCODE: TAXCODE is required for sighting records (rows 8979)
    - [ERROR] TAXCODE: TAXCODE is required for sighting records (rows 8986)
    - [ERROR] TAXCODE: TAXCODE is required for sighting records (rows 9043)
    - [ERROR] TAXCODE: TAXCODE is required for sighting records (rows 9114)
    - [ERROR] TAXCODE: TAXCODE is required for sighting records (rows 9182)
    - [ERROR] TAXCODE: TAXCODE is required for sighting records (rows 9217)
    - [ERROR] TAXCODE: TAXCODE is required for sighting records (rows 9381)
    - [ERROR] TAXCODE: TAXCODE is required for sighting records (rows 9605)
    - [ERROR] TAXCODE: TAXCODE is required for sighting records (rows 9631)
    - [ERROR] TAXCODE: TAXCODE is required for sighting records (rows 9747)
    - [ERROR] TAXCODE: TAXCODE is required for sighting records (rows 9750)
    - [ERROR] TAXCODE: TAXCODE is required for sighting records (rows 10002)
    - [ERROR] TAXCODE: TAXCODE is required for sighting records (rows 10058)
    - [ERROR] TAXCODE: TAXCODE is required for sighting records (rows 10107)
    - [ERROR] TAXCODE: TAXCODE is required for sighting records (rows 10172)
    - [ERROR] TAXCODE: TAXCODE is required for sighting records (rows 10207)
    - [ERROR] TAXCODE: TAXCODE is required for sighting records (rows 10211)
    - [ERROR] TAXCODE: TAXCODE is required for sighting records (rows 10219)
    - [ERROR] TAXCODE: TAXCODE is required for sighting records (rows 10265)
    - [ERROR] TAXCODE: TAXCODE is required for sighting records (rows 10552)
    - [ERROR] TAXCODE: TAXCODE is required for sighting records (rows 10556)
    - [ERROR] TAXCODE: TAXCODE is required for sighting records (rows 10609)
    - [ERROR] TAXCODE: TAXCODE is required for sighting records (rows 10633)
    - [ERROR] TAXCODE: TAXCODE is required for sighting records (rows 10746)
    - [ERROR] TAXCODE: TAXCODE is required for sighting records (rows 10938)
    - [ERROR] TAXCODE: TAXCODE is required for sighting records (rows 11003)
    - [ERROR] TAXCODE: TAXCODE is required for sighting records (rows 11007)
    - [ERROR] TAXCODE: TAXCODE is required for sighting records (rows 11239)
    - [ERROR] TAXCODE: TAXCODE is required for sighting records (rows 11336)
    - [ERROR] TAXCODE: TAXCODE is required for sighting records (rows 11537)
    - [ERROR] TAXCODE: TAXCODE is required for sighting records (rows 11589)
    - [ERROR] TAXCODE: TAXCODE is required for sighting records (rows 11866)
    - [ERROR] TAXCODE: TAXCODE is required for sighting records (rows 12173)
--------------------------------------------------------------------------------

[29-Jun-2026 11:49:05] f904198G
Type: Validation error
Error: Validation failed: 0 errors, 1 warnings (0 acknowledged, 1 new)
ID: Ingestion:ValidationFailed
Location: BatchUploader.uploadSurvey (line 376)
Validation Details:
  Errors: 0
  Warnings: 1
  Details:
    - [WARNING] NUMCALF: NUMCALF (1) is more than half of NUMBER (1) - verify count (rows 1773, EVENTNO=1773)
--------------------------------------------------------------------------------

[29-Jun-2026 11:49:09] f905030G
Type: Validation error
Error: Validation failed: 0 errors, 1 warnings (0 acknowledged, 1 new)
ID: Ingestion:ValidationFailed
Location: BatchUploader.uploadSurvey (line 376)
Validation Details:
  Errors: 0
  Warnings: 1
  Details:
    - [WARNING] NUMBER: NUMBER=2050 exceeds threshold 2000 for SPECCODE=SADO (source: TAXCODE 3 default). Verify count. (rows 7121, EVENTNO=7121)
--------------------------------------------------------------------------------

[29-Jun-2026 11:49:12] f911313
Type: Validation error
Error: Validation failed: 0 errors, 1 warnings (0 acknowledged, 1 new)
ID: Ingestion:ValidationFailed
Location: BatchUploader.uploadSurvey (line 376)
Validation Details:
  Errors: 0
  Warnings: 1
  Details:
    - [WARNING] BEHAV: Calf-associated behavior(s) 40 recorded but no calf present (rows 2937, EVENTNO=4211)
--------------------------------------------------------------------------------

[29-Jun-2026 11:49:12] o007053
Type: Validation error
Error: Validation failed: 0 errors, 1 warnings (0 acknowledged, 1 new)
ID: Ingestion:ValidationFailed
Location: BatchUploader.uploadSurvey (line 376)
Validation Details:
  Errors: 0
  Warnings: 1
  Details:
    - [WARNING] BEHAV: Calf-associated behavior(s) 40 recorded but no calf present (rows 2, EVENTNO=2)
--------------------------------------------------------------------------------

[29-Jun-2026 11:49:13] o011006
Type: Validation error
Error: Validation failed: 0 errors, 1 warnings (0 acknowledged, 1 new)
ID: Ingestion:ValidationFailed
Location: BatchUploader.uploadSurvey (line 376)
Validation Details:
  Errors: 0
  Warnings: 1
  Details:
    - [WARNING] NUMCALF: NUMCALF (2) is more than half of NUMBER (3) - verify count (rows 5, EVENTNO=5)
--------------------------------------------------------------------------------

[29-Jun-2026 11:49:14] o100971
Type: Validation error
Error: Validation failed: 0 errors, 67 warnings (0 acknowledged, 67 new)
ID: Ingestion:ValidationFailed
Location: BatchUploader.uploadSurvey (line 376)
Validation Details:
  Errors: 0
  Warnings: 67
  Details:
    - [WARNING] BEHAV: Calf-associated behavior(s) 40 recorded but no calf present (rows 7, EVENTNO=7)
    - [WARNING] BEHAV: Calf-associated behavior(s) 40 recorded but no calf present (rows 8, EVENTNO=8)
    - [WARNING] BEHAV: Calf-associated behavior(s) 40 recorded but no calf present (rows 14, EVENTNO=14)
    - [WARNING] BEHAV: Calf-associated behavior(s) 40 recorded but no calf present (rows 15, EVENTNO=15)
    - [WARNING] BEHAV: Calf-associated behavior(s) 40 recorded but no calf present (rows 16, EVENTNO=16)
    - [WARNING] BEHAV: Calf-associated behavior(s) 40 recorded but no calf present (rows 20, EVENTNO=20)
    - [WARNING] BEHAV: Calf-associated behavior(s) 40 recorded but no calf present (rows 21, EVENTNO=21)
    - [WARNING] BEHAV: Calf-associated behavior(s) 40 recorded but no calf present (rows 22, EVENTNO=22)
    - [WARNING] BEHAV: Calf-associated behavior(s) 40 recorded but no calf present (rows 25, EVENTNO=25)
    - [WARNING] BEHAV: Calf-associated behavior(s) 40 recorded but no calf present (rows 32, EVENTNO=32)
    - [WARNING] BEHAV: Calf-associated behavior(s) 40 recorded but no calf present (rows 63, EVENTNO=63)
    - [WARNING] BEHAV: Calf-associated behavior(s) 40 recorded but no calf present (rows 64, EVENTNO=64)
    - [WARNING] BEHAV: Calf-associated behavior(s) 40 recorded but no calf present (rows 91, EVENTNO=91)
    - [WARNING] BEHAV: Calf-associated behavior(s) 40 recorded but no calf present (rows 121, EVENTNO=121)
    - [WARNING] BEHAV: Calf-associated behavior(s) 40 recorded but no calf present (rows 123, EVENTNO=123)
    - [WARNING] BEHAV: Calf-associated behavior(s) 40 recorded but no calf present (rows 125, EVENTNO=125)
    - [WARNING] BEHAV: Calf-associated behavior(s) 40 recorded but no calf present (rows 138, EVENTNO=138)
    - [WARNING] BEHAV: Calf-associated behavior(s) 40 recorded but no calf present (rows 139, EVENTNO=139)
    - [WARNING] BEHAV: Calf-associated behavior(s) 40 recorded but no calf present (rows 141, EVENTNO=141)
    - [WARNING] BEHAV: Calf-associated behavior(s) 40 recorded but no calf present (rows 142, EVENTNO=142)
    - [WARNING] BEHAV: Calf-associated behavior(s) 40 recorded but no calf present (rows 143, EVENTNO=143)
    - [WARNING] BEHAV: Calf-associated behavior(s) 40 recorded but no calf present (rows 144, EVENTNO=144)
    - [WARNING] BEHAV: Calf-associated behavior(s) 40 recorded but no calf present (rows 146, EVENTNO=146)
    - [WARNING] BEHAV: Calf-associated behavior(s) 40 recorded but no calf present (rows 152, EVENTNO=152)
    - [WARNING] BEHAV: Calf-associated behavior(s) 40 recorded but no calf present (rows 153, EVENTNO=153)
    - [WARNING] BEHAV: Calf-associated behavior(s) 40 recorded but no calf present (rows 154, EVENTNO=154)
    - [WARNING] BEHAV: Calf-associated behavior(s) 40 recorded but no calf present (rows 155, EVENTNO=155)
    - [WARNING] BEHAV: Calf-associated behavior(s) 40 recorded but no calf present (rows 156, EVENTNO=156)
    - [WARNING] BEHAV: Calf-associated behavior(s) 40 recorded but no calf present (rows 160, EVENTNO=160)
    - [WARNING] BEHAV: Calf-associated behavior(s) 40 recorded but no calf present (rows 161, EVENTNO=161)
    - [WARNING] BEHAV: Calf-associated behavior(s) 40 recorded but no calf present (rows 162, EVENTNO=162)
    - [WARNING] BEHAV: Calf-associated behavior(s) 40 recorded but no calf present (rows 163, EVENTNO=163)
    - [WARNING] BEHAV: Calf-associated behavior(s) 40 recorded but no calf present (rows 164, EVENTNO=164)
    - [WARNING] BEHAV: Calf-associated behavior(s) 40 recorded but no calf present (rows 165, EVENTNO=165)
    - [WARNING] BEHAV: Calf-associated behavior(s) 40 recorded but no calf present (rows 166, EVENTNO=166)
    - [WARNING] BEHAV: Calf-associated behavior(s) 40 recorded but no calf present (rows 167, EVENTNO=167)
    - [WARNING] BEHAV: Calf-associated behavior(s) 40 recorded but no calf present (rows 168, EVENTNO=168)
    - [WARNING] BEHAV: Calf-associated behavior(s) 40 recorded but no calf present (rows 169, EVENTNO=169)
    - [WARNING] BEHAV: Calf-associated behavior(s) 40 recorded but no calf present (rows 170, EVENTNO=170)
    - [WARNING] BEHAV: Calf-associated behavior(s) 40 recorded but no calf present (rows 171, EVENTNO=171)
    - [WARNING] BEHAV: Calf-associated behavior(s) 40 recorded but no calf present (rows 172, EVENTNO=172)
    - [WARNING] BEHAV: Calf-associated behavior(s) 40 recorded but no calf present (rows 175, EVENTNO=175)
    - [WARNING] BEHAV: Calf-associated behavior(s) 40 recorded but no calf present (rows 176, EVENTNO=176)
    - [WARNING] BEHAV: Calf-associated behavior(s) 40 recorded but no calf present (rows 189, EVENTNO=189)
    - [WARNING] BEHAV: Calf-associated behavior(s) 40 recorded but no calf present (rows 205, EVENTNO=205)
    - [WARNING] BEHAV: Calf-associated behavior(s) 40 recorded but no calf present (rows 216, EVENTNO=216)
    - [WARNING] BEHAV: Calf-associated behavior(s) 40 recorded but no calf present (rows 218, EVENTNO=218)
    - [WARNING] BEHAV: Calf-associated behavior(s) 40 recorded but no calf present (rows 220, EVENTNO=220)
    - [WARNING] BEHAV: Calf-associated behavior(s) 40 recorded but no calf present (rows 221, EVENTNO=221)
    - [WARNING] BEHAV: Calf-associated behavior(s) 40 recorded but no calf present (rows 222, EVENTNO=222)
    - [WARNING] BEHAV: Calf-associated behavior(s) 40 recorded but no calf present (rows 223, EVENTNO=223)
    - [WARNING] BEHAV: Calf-associated behavior(s) 40 recorded but no calf present (rows 228, EVENTNO=228)
    - [WARNING] BEHAV: Calf-associated behavior(s) 40 recorded but no calf present (rows 248, EVENTNO=248)
    - [WARNING] BEHAV: Calf-associated behavior(s) 40 recorded but no calf present (rows 255, EVENTNO=255)
    - [WARNING] BEHAV: Calf-associated behavior(s) 40 recorded but no calf present (rows 261, EVENTNO=261)
    - [WARNING] BEHAV: Calf-associated behavior(s) 40 recorded but no calf present (rows 263, EVENTNO=263)
    - [WARNING] BEHAV: Calf-associated behavior(s) 40 recorded but no calf present (rows 264, EVENTNO=264)
    - [WARNING] BEHAV: Calf-associated behavior(s) 40 recorded but no calf present (rows 275, EVENTNO=275)
    - [WARNING] BEHAV: Calf-associated behavior(s) 40 recorded but no calf present (rows 276, EVENTNO=276)
    - [WARNING] BEHAV: Calf-associated behavior(s) 40 recorded but no calf present (rows 277, EVENTNO=277)
    - [WARNING] BEHAV: Calf-associated behavior(s) 40 recorded but no calf present (rows 278, EVENTNO=278)
    - [WARNING] BEHAV: Calf-associated behavior(s) 40 recorded but no calf present (rows 279, EVENTNO=279)
    - [WARNING] BEHAV: Calf-associated behavior(s) 40 recorded but no calf present (rows 281, EVENTNO=281)
    - [WARNING] BEHAV: Calf-associated behavior(s) 40 recorded but no calf present (rows 284, EVENTNO=284)
    - [WARNING] BEHAV: Calf-associated behavior(s) 40 recorded but no calf present (rows 285, EVENTNO=285)
    - [WARNING] BEHAV: Calf-associated behavior(s) 40 recorded but no calf present (rows 289, EVENTNO=289)
    - [WARNING] BEHAV: Calf-associated behavior(s) 40 recorded but no calf present (rows 304, EVENTNO=304)
--------------------------------------------------------------------------------

[29-Jun-2026 11:49:15] o101200
Type: Validation error
Error: Validation failed: 0 errors, 9 warnings (0 acknowledged, 9 new)
ID: Ingestion:ValidationFailed
Location: BatchUploader.uploadSurvey (line 376)
Validation Details:
  Errors: 0
  Warnings: 9
  Details:
    - [WARNING] NUMCALF: NUMCALF (1) is more than half of NUMBER (1) - verify count (rows 5, EVENTNO=28)
    - [WARNING] NUMCALF: NUMCALF (1) is more than half of NUMBER (1) - verify count (rows 10, EVENTNO=34)
    - [WARNING] NUMCALF: NUMCALF (1) is more than half of NUMBER (1) - verify count (rows 11, EVENTNO=35)
    - [WARNING] NUMCALF: NUMCALF (1) is more than half of NUMBER (1) - verify count (rows 12, EVENTNO=36)
    - [WARNING] NUMCALF: NUMCALF (1) is more than half of NUMBER (1) - verify count (rows 17, EVENTNO=43)
    - [WARNING] NUMCALF: NUMCALF (1) is more than half of NUMBER (1) - verify count (rows 19, EVENTNO=45)
    - [WARNING] NUMCALF: NUMCALF (1) is more than half of NUMBER (1) - verify count (rows 22, EVENTNO=48)
    - [WARNING] NUMCALF: NUMCALF (2) is more than half of NUMBER (2) - verify count (rows 23, EVENTNO=49)
    - [WARNING] NUMCALF: NUMCALF (3) is more than half of NUMBER (4) - verify count (rows 24, EVENTNO=50)
--------------------------------------------------------------------------------

[29-Jun-2026 11:49:16] o101231
Type: Validation error
Error: Validation failed: 0 errors, 6 warnings (0 acknowledged, 6 new)
ID: Ingestion:ValidationFailed
Location: BatchUploader.uploadSurvey (line 376)
Validation Details:
  Errors: 0
  Warnings: 6
  Details:
    - [WARNING] NUMCALF: NUMCALF (1) is more than half of NUMBER (1) - verify count (rows 2, EVENTNO=2)
    - [WARNING] NUMCALF: NUMCALF (1) is more than half of NUMBER (1) - verify count (rows 4, EVENTNO=4)
    - [WARNING] NUMCALF: NUMCALF (1) is more than half of NUMBER (1) - verify count (rows 7, EVENTNO=7)
    - [WARNING] NUMCALF: NUMCALF (1) is more than half of NUMBER (1) - verify count (rows 10, EVENTNO=10)
    - [WARNING] NUMCALF: NUMCALF (1) is more than half of NUMBER (1) - verify count (rows 15, EVENTNO=15)
    - [WARNING] NUMCALF: NUMCALF (1) is more than half of NUMBER (1) - verify count (rows 21, EVENTNO=21)
--------------------------------------------------------------------------------

[29-Jun-2026 11:49:16] o101237
Type: Validation error
Error: Validation failed: 0 errors, 2 warnings (0 acknowledged, 2 new)
ID: Ingestion:ValidationFailed
Location: BatchUploader.uploadSurvey (line 376)
Validation Details:
  Errors: 0
  Warnings: 2
  Details:
    - [WARNING] NUMCALF: NUMCALF (1) is more than half of NUMBER (1) - verify count (rows 2, EVENTNO=2)
    - [WARNING] NUMCALF: NUMCALF (1) is more than half of NUMBER (1) - verify count (rows 4, EVENTNO=4)
--------------------------------------------------------------------------------

[29-Jun-2026 11:49:17] o101254
Type: Validation error
Error: Validation failed: 0 errors, 1 warnings (0 acknowledged, 1 new)
ID: Ingestion:ValidationFailed
Location: BatchUploader.uploadSurvey (line 376)
Validation Details:
  Errors: 0
  Warnings: 1
  Details:
    - [WARNING] NUMCALF: NUMCALF (1) is more than half of NUMBER (1) - verify count (rows 6, EVENTNO=6)
--------------------------------------------------------------------------------

[29-Jun-2026 11:49:17] o101255
Type: Validation error
Error: Validation failed: 0 errors, 1 warnings (0 acknowledged, 1 new)
ID: Ingestion:ValidationFailed
Location: BatchUploader.uploadSurvey (line 376)
Validation Details:
  Errors: 0
  Warnings: 1
  Details:
    - [WARNING] NUMCALF: NUMCALF (1) is more than half of NUMBER (1) - verify count (rows 2, EVENTNO=2)
--------------------------------------------------------------------------------

[29-Jun-2026 11:49:20] o102000
Type: Validation error
Error: Validation failed: 1 errors, 50 warnings (0 acknowledged, 50 new)
ID: Ingestion:ValidationFailed
Location: BatchUploader.uploadSurvey (line 376)
Validation Details:
  Errors: 1
  Warnings: 50
  Details:
    - [ERROR] DAY: Required field DAY cannot be NULL or empty (rows [299;609;644])
    - [WARNING] LAT_DD: Latitude outside typical survey area [20.0, 55.0] (rows 1118, EVENTNO=1134)
    - [WARNING] LONG_DD: Longitude outside typical survey area [-85.0, -40.0] (rows 1118, EVENTNO=1134)
    - [WARNING] NUMCALF: NUMCALF (1) is more than half of NUMBER (1) - verify count (rows 99, EVENTNO=105)
    - [WARNING] NUMCALF: NUMCALF (1) is more than half of NUMBER (1) - verify count (rows 104, EVENTNO=110)
    - [WARNING] NUMCALF: NUMCALF (1) is more than half of NUMBER (1) - verify count (rows 120, EVENTNO=127)
    - [WARNING] NUMCALF: NUMCALF (1) is more than half of NUMBER (1) - verify count (rows 177, EVENTNO=184)
    - [WARNING] NUMCALF: NUMCALF (1) is more than half of NUMBER (1) - verify count (rows 179, EVENTNO=186)
    - [WARNING] NUMCALF: NUMCALF (1) is more than half of NUMBER (1) - verify count (rows 194, EVENTNO=201)
    - [WARNING] NUMCALF: NUMCALF (1) is more than half of NUMBER (1) - verify count (rows 202, EVENTNO=209)
    - [WARNING] NUMCALF: NUMCALF (1) is more than half of NUMBER (1) - verify count (rows 226, EVENTNO=234)
    - [WARNING] NUMCALF: NUMCALF (1) is more than half of NUMBER (1) - verify count (rows 240, EVENTNO=248)
    - [WARNING] NUMCALF: NUMCALF (1) is more than half of NUMBER (1) - verify count (rows 248, EVENTNO=256)
    - [WARNING] NUMCALF: NUMCALF (1) is more than half of NUMBER (1) - verify count (rows 251, EVENTNO=259)
    - [WARNING] NUMCALF: NUMCALF (1) is more than half of NUMBER (1) - verify count (rows 269, EVENTNO=277)
    - [WARNING] NUMCALF: NUMCALF (1) is more than half of NUMBER (1) - verify count (rows 275, EVENTNO=283)
    - [WARNING] NUMCALF: NUMCALF (1) is more than half of NUMBER (1) - verify count (rows 295, EVENTNO=306)
    - [WARNING] NUMCALF: NUMCALF (1) is more than half of NUMBER (1) - verify count (rows 318, EVENTNO=329)
    - [WARNING] NUMCALF: NUMCALF (1) is more than half of NUMBER (1) - verify count (rows 332, EVENTNO=343)
    - [WARNING] NUMCALF: NUMCALF (1) is more than half of NUMBER (1) - verify count (rows 340, EVENTNO=351)
    - [WARNING] NUMCALF: NUMCALF (1) is more than half of NUMBER (1) - verify count (rows 351, EVENTNO=362)
    - [WARNING] NUMCALF: NUMCALF (1) is more than half of NUMBER (1) - verify count (rows 359, EVENTNO=370)
    - [WARNING] NUMCALF: NUMCALF (1) is more than half of NUMBER (1) - verify count (rows 366, EVENTNO=377)
    - [WARNING] NUMCALF: NUMCALF (1) is more than half of NUMBER (1) - verify count (rows 382, EVENTNO=393)
    - [WARNING] NUMCALF: NUMCALF (1) is more than half of NUMBER (1) - verify count (rows 386, EVENTNO=397)
    - [WARNING] NUMCALF: NUMCALF (1) is more than half of NUMBER (1) - verify count (rows 387, EVENTNO=398)
    - [WARNING] NUMCALF: NUMCALF (1) is more than half of NUMBER (1) - verify count (rows 391, EVENTNO=402)
    - [WARNING] NUMCALF: NUMCALF (1) is more than half of NUMBER (1) - verify count (rows 399, EVENTNO=410)
    - [WARNING] NUMCALF: NUMCALF (1) is more than half of NUMBER (1) - verify count (rows 400, EVENTNO=411)
    - [WARNING] NUMCALF: NUMCALF (1) is more than half of NUMBER (1) - verify count (rows 401, EVENTNO=412)
    - [WARNING] NUMCALF: NUMCALF (1) is more than half of NUMBER (1) - verify count (rows 402, EVENTNO=413)
    - [WARNING] NUMCALF: NUMCALF (1) is more than half of NUMBER (1) - verify count (rows 419, EVENTNO=430)
    - [WARNING] NUMCALF: NUMCALF (1) is more than half of NUMBER (1) - verify count (rows 420, EVENTNO=431)
    - [WARNING] NUMCALF: NUMCALF (1) is more than half of NUMBER (1) - verify count (rows 425, EVENTNO=436)
    - [WARNING] NUMCALF: NUMCALF (1) is more than half of NUMBER (1) - verify count (rows 452, EVENTNO=463)
    - [WARNING] NUMCALF: NUMCALF (1) is more than half of NUMBER (1) - verify count (rows 491, EVENTNO=502)
    - [WARNING] NUMCALF: NUMCALF (1) is more than half of NUMBER (1) - verify count (rows 517, EVENTNO=529)
    - [WARNING] NUMCALF: NUMCALF (1) is more than half of NUMBER (1) - verify count (rows 526, EVENTNO=538)
    - [WARNING] NUMCALF: NUMCALF (1) is more than half of NUMBER (1) - verify count (rows 560, EVENTNO=572)
    - [WARNING] NUMCALF: NUMCALF (1) is more than half of NUMBER (1) - verify count (rows 1271, EVENTNO=1356)
    - [WARNING] NUMCALF: NUMCALF (1) is more than half of NUMBER (1) - verify count (rows 1291, EVENTNO=1388)
    - [WARNING] BEHAV: Calf-associated behavior(s) 40 recorded but no calf present (rows 22, EVENTNO=22)
    - [WARNING] BEHAV: Calf-associated behavior(s) 40 recorded but no calf present (rows 95, EVENTNO=101)
    - [WARNING] BEHAV: Calf-associated behavior(s) 40 recorded but no calf present (rows 129, EVENTNO=136)
    - [WARNING] BEHAV: Calf-associated behavior(s) 40 recorded but no calf present (rows 130, EVENTNO=137)
    - [WARNING] BEHAV: Calf-associated behavior(s) 40 recorded but no calf present (rows 424, EVENTNO=435)
    - [WARNING] BEHAV: Calf-associated behavior(s) 40 recorded but no calf present (rows 444, EVENTNO=455)
    - [WARNING] BEHAV: Calf-associated behavior(s) 40 recorded but no calf present (rows 569, EVENTNO=581)
    - [WARNING] BEHAV: Calf-associated behavior(s) 40 recorded but no calf present (rows 617, EVENTNO=629)
    - [WARNING] BEHAV: Calf-associated behavior(s) 40 recorded but no calf present (rows 1278, EVENTNO=1368)
    - [WARNING] BEHAV: Calf-associated behavior(s) 40 recorded but no calf present (rows 1290, EVENTNO=1387)
--------------------------------------------------------------------------------

[29-Jun-2026 11:49:20] o102921
Type: Validation error
Error: Validation failed: 0 errors, 5 warnings (0 acknowledged, 5 new)
ID: Ingestion:ValidationFailed
Location: BatchUploader.uploadSurvey (line 376)
Validation Details:
  Errors: 0
  Warnings: 5
  Details:
    - [WARNING] BEHAV: Calf-associated behavior(s) 40 recorded but no calf present (rows 25, EVENTNO=25)
    - [WARNING] BEHAV: Calf-associated behavior(s) 40 recorded but no calf present (rows 53, EVENTNO=55)
    - [WARNING] BEHAV: Calf-associated behavior(s) 40 recorded but no calf present (rows 56, EVENTNO=58)
    - [WARNING] BEHAV: Calf-associated behavior(s) 40 recorded but no calf present (rows 57, EVENTNO=59)
    - [WARNING] BEHAV: Calf-associated behavior(s) 40 recorded but no calf present (rows 58, EVENTNO=60)
--------------------------------------------------------------------------------

[29-Jun-2026 11:49:22] o102951
Type: Validation error
Error: Validation failed: 0 errors, 3 warnings (0 acknowledged, 3 new)
ID: Ingestion:ValidationFailed
Location: BatchUploader.uploadSurvey (line 376)
Validation Details:
  Errors: 0
  Warnings: 3
  Details:
    - [WARNING] NUMCALF: NUMCALF (1) is more than half of NUMBER (1) - verify count (rows 222, EVENTNO=236)
    - [WARNING] NUMCALF: NUMCALF (4) is more than half of NUMBER (4) - verify count (rows 232, EVENTNO=248)
    - [WARNING] NUMCALF: NUMCALF (2) is more than half of NUMBER (3) - verify count (rows 292, EVENTNO=310)
--------------------------------------------------------------------------------

[29-Jun-2026 11:49:22] o103921
Type: Validation error
Error: Validation failed: 0 errors, 24 warnings (0 acknowledged, 24 new)
ID: Ingestion:ValidationFailed
Location: BatchUploader.uploadSurvey (line 376)
Validation Details:
  Errors: 0
  Warnings: 24
  Details:
    - [WARNING] BEHAV: Calf-associated behavior(s) 40 recorded but no calf present (rows 8, EVENTNO=88)
    - [WARNING] BEHAV: Calf-associated behavior(s) 40 recorded but no calf present (rows 22, EVENTNO=102)
    - [WARNING] BEHAV: Calf-associated behavior(s) [40 42] recorded but no calf present (rows 25, EVENTNO=105)
    - [WARNING] BEHAV: Calf-associated behavior(s) 40 recorded but no calf present (rows 57, EVENTNO=137)
    - [WARNING] BEHAV: Calf-associated behavior(s) 40 recorded but no calf present (rows 58, EVENTNO=138)
    - [WARNING] BEHAV: Calf-associated behavior(s) 40 recorded but no calf present (rows 64, EVENTNO=146)
    - [WARNING] BEHAV: Calf-associated behavior(s) 40 recorded but no calf present (rows 65, EVENTNO=147)
    - [WARNING] BEHAV: Calf-associated behavior(s) 40 recorded but no calf present (rows 67, EVENTNO=149)
    - [WARNING] BEHAV: Calf-associated behavior(s) 40 recorded but no calf present (rows 69, EVENTNO=151)
    - [WARNING] BEHAV: Calf-associated behavior(s) 40 recorded but no calf present (rows 71, EVENTNO=153)
    - [WARNING] BEHAV: Calf-associated behavior(s) 40 recorded but no calf present (rows 76, EVENTNO=158)
    - [WARNING] BEHAV: Calf-associated behavior(s) 40 recorded but no calf present (rows 78, EVENTNO=160)
    - [WARNING] BEHAV: Calf-associated behavior(s) 40 recorded but no calf present (rows 84, EVENTNO=166)
    - [WARNING] BEHAV: Calf-associated behavior(s) 40 recorded but no calf present (rows 87, EVENTNO=169)
    - [WARNING] BEHAV: Calf-associated behavior(s) 40 recorded but no calf present (rows 89, EVENTNO=171)
    - [WARNING] BEHAV: Calf-associated behavior(s) 40 recorded but no calf present (rows 90, EVENTNO=172)
    - [WARNING] BEHAV: Calf-associated behavior(s) 40 recorded but no calf present (rows 93, EVENTNO=175)
    - [WARNING] BEHAV: Calf-associated behavior(s) 40 recorded but no calf present (rows 94, EVENTNO=179)
    - [WARNING] BEHAV: Calf-associated behavior(s) 40 recorded but no calf present (rows 95, EVENTNO=180)
    - [WARNING] BEHAV: Calf-associated behavior(s) 40 recorded but no calf present (rows 99, EVENTNO=184)
    - [WARNING] BEHAV: Calf-associated behavior(s) 40 recorded but no calf present (rows 109, EVENTNO=194)
    - [WARNING] BEHAV: Calf-associated behavior(s) 40 recorded but no calf present (rows 121, EVENTNO=206)
    - [WARNING] BEHAV: Calf-associated behavior(s) 40 recorded but no calf present (rows 122, EVENTNO=207)
    - [WARNING] BEHAV: Calf-associated behavior(s) 40 recorded but no calf present (rows 123, EVENTNO=208)
--------------------------------------------------------------------------------

[29-Jun-2026 11:49:23] o104921
Type: Validation error
Error: Validation failed: 0 errors, 10 warnings (0 acknowledged, 10 new)
ID: Ingestion:ValidationFailed
Location: BatchUploader.uploadSurvey (line 376)
Validation Details:
  Errors: 0
  Warnings: 10
  Details:
    - [WARNING] BEHAV: Calf-associated behavior(s) 40 recorded but no calf present (rows 12, EVENTNO=232)
    - [WARNING] BEHAV: Calf-associated behavior(s) 40 recorded but no calf present (rows 19, EVENTNO=239)
    - [WARNING] BEHAV: Calf-associated behavior(s) 40 recorded but no calf present (rows 20, EVENTNO=240)
    - [WARNING] BEHAV: Calf-associated behavior(s) 40 recorded but no calf present (rows 32, EVENTNO=252)
    - [WARNING] BEHAV: Calf-associated behavior(s) 40 recorded but no calf present (rows 102, EVENTNO=322)
    - [WARNING] BEHAV: Calf-associated behavior(s) 40 recorded but no calf present (rows 104, EVENTNO=324)
    - [WARNING] BEHAV: Calf-associated behavior(s) 40 recorded but no calf present (rows 107, EVENTNO=327)
    - [WARNING] BEHAV: Calf-associated behavior(s) 40 recorded but no calf present (rows 113, EVENTNO=333)
    - [WARNING] BEHAV: Calf-associated behavior(s) 40 recorded but no calf present (rows 159, EVENTNO=388)
    - [WARNING] BEHAV: Calf-associated behavior(s) 40 recorded but no calf present (rows 160, EVENTNO=389)
--------------------------------------------------------------------------------

[29-Jun-2026 11:49:23] o105268
Type: Validation error
Error: Validation failed: 0 errors, 1 warnings (0 acknowledged, 1 new)
ID: Ingestion:ValidationFailed
Location: BatchUploader.uploadSurvey (line 376)
Validation Details:
  Errors: 0
  Warnings: 1
  Details:
    - [WARNING] NUMCALF: NUMCALF (1) is more than half of NUMBER (1) - verify count (rows 11, EVENTNO=11)
--------------------------------------------------------------------------------

[29-Jun-2026 11:49:24] o105921
Type: Validation error
Error: Validation failed: 1 errors, 10 warnings (0 acknowledged, 10 new)
ID: Ingestion:ValidationFailed
Location: BatchUploader.uploadSurvey (line 376)
Validation Details:
  Errors: 1
  Warnings: 10
  Details:
    - [ERROR] PLATFORM: PLATFORM contains invalid value(s) not in PLATFORM lookup table: 164 (rows 160)
    - [WARNING] NUMCALF: NUMCALF (1) is more than half of NUMBER (1) - verify count (rows 36, EVENTNO=36)
    - [WARNING] BEHAV: Calf-associated behavior(s) 40 recorded but no calf present (rows 23, EVENTNO=23)
    - [WARNING] BEHAV: Calf-associated behavior(s) 40 recorded but no calf present (rows 25, EVENTNO=25)
    - [WARNING] BEHAV: Calf-associated behavior(s) 40 recorded but no calf present (rows 47, EVENTNO=47)
    - [WARNING] BEHAV: Calf-associated behavior(s) 40 recorded but no calf present (rows 58, EVENTNO=58)
    - [WARNING] BEHAV: Calf-associated behavior(s) 40 recorded but no calf present (rows 79, EVENTNO=79)
    - [WARNING] BEHAV: Calf-associated behavior(s) 40 recorded but no calf present (rows 121, EVENTNO=121)
    - [WARNING] BEHAV: Calf-associated behavior(s) 40 recorded but no calf present (rows 130, EVENTNO=130)
    - [WARNING] BEHAV: Calf-associated behavior(s) 40 recorded but no calf present (rows 132, EVENTNO=132)
    - [WARNING] BEHAV: Calf-associated behavior(s) 40 recorded but no calf present (rows 153, EVENTNO=153)
--------------------------------------------------------------------------------

[29-Jun-2026 11:49:26] o106000
Type: Validation error
Error: Validation failed: 2 errors, 173 warnings (0 acknowledged, 173 new)
ID: Ingestion:ValidationFailed
Location: BatchUploader.uploadSurvey (line 376)
Validation Details:
  Errors: 2
  Warnings: 173
  Details:
    - [ERROR] MONTH: Required field MONTH cannot be NULL or empty (rows 1)
    - [ERROR] DAY: Required field DAY cannot be NULL or empty (rows [1;5;563])
    - [WARNING] LAT_DD: Latitude outside typical survey area [20.0, 55.0] (rows 51, EVENTNO=62)
    - [WARNING] LAT_DD: Latitude outside typical survey area [20.0, 55.0] (rows 1335, EVENTNO=1655)
    - [WARNING] LAT_DD: Latitude outside typical survey area [20.0, 55.0] (rows 1336, EVENTNO=1657)
    - [WARNING] LAT_DD: Latitude outside typical survey area [20.0, 55.0] (rows 1359, EVENTNO=1687)
    - [WARNING] LONG_DD: Longitude outside typical survey area [-85.0, -40.0] (rows 2, EVENTNO=2)
    - [WARNING] LONG_DD: Longitude outside typical survey area [-85.0, -40.0] (rows 47, EVENTNO=58)
    - [WARNING] LONG_DD: Longitude outside typical survey area [-85.0, -40.0] (rows 51, EVENTNO=62)
    - [WARNING] LONG_DD: Longitude outside typical survey area [-85.0, -40.0] (rows 1335, EVENTNO=1655)
    - [WARNING] LONG_DD: Longitude outside typical survey area [-85.0, -40.0] (rows 1336, EVENTNO=1657)
    - [WARNING] LONG_DD: Longitude outside typical survey area [-85.0, -40.0] (rows 1359, EVENTNO=1687)
    - [WARNING] LONG_DD: Longitude outside typical survey area [-85.0, -40.0] (rows 1528, EVENTNO=1942)
    - [WARNING] LONG_DD: Longitude outside typical survey area [-85.0, -40.0] (rows 1558, EVENTNO=1980)
    - [WARNING] LONG_DD: Longitude outside typical survey area [-85.0, -40.0] (rows 1560, EVENTNO=1983)
    - [WARNING] BEHAV: Calf-associated behavior(s) 40 recorded but no calf present (rows 5, EVENTNO=5)
    - [WARNING] BEHAV: Calf-associated behavior(s) 40 recorded but no calf present (rows 8, EVENTNO=9)
    - [WARNING] BEHAV: Calf-associated behavior(s) 40 recorded but no calf present (rows 9, EVENTNO=11)
    - [WARNING] BEHAV: Calf-associated behavior(s) 40 recorded but no calf present (rows 21, EVENTNO=26)
    - [WARNING] BEHAV: Calf-associated behavior(s) 40 recorded but no calf present (rows 24, EVENTNO=30)
    - [WARNING] BEHAV: Calf-associated behavior(s) 40 recorded but no calf present (rows 30, EVENTNO=37)
    - [WARNING] BEHAV: Calf-associated behavior(s) 40 recorded but no calf present (rows 31, EVENTNO=39)
    - [WARNING] BEHAV: Calf-associated behavior(s) 40 recorded but no calf present (rows 74, EVENTNO=85)
    - [WARNING] BEHAV: Calf-associated behavior(s) 40 recorded but no calf present (rows 76, EVENTNO=90)
    - [WARNING] BEHAV: Calf-associated behavior(s) 40 recorded but no calf present (rows 80, EVENTNO=95)
    - [WARNING] BEHAV: Calf-associated behavior(s) 40 recorded but no calf present (rows 97, EVENTNO=115)
    - [WARNING] BEHAV: Calf-associated behavior(s) 40 recorded but no calf present (rows 101, EVENTNO=123)
    - [WARNING] BEHAV: Calf-associated behavior(s) 40 recorded but no calf present (rows 102, EVENTNO=125)
    - [WARNING] BEHAV: Calf-associated behavior(s) 40 recorded but no calf present (rows 104, EVENTNO=129)
    - [WARNING] BEHAV: Calf-associated behavior(s) 40 recorded but no calf present (rows 110, EVENTNO=138)
    - [WARNING] BEHAV: Calf-associated behavior(s) 40 recorded but no calf present (rows 160, EVENTNO=221)
    - [WARNING] BEHAV: Calf-associated behavior(s) 40 recorded but no calf present (rows 194, EVENTNO=265)
    - [WARNING] BEHAV: Calf-associated behavior(s) 40 recorded but no calf present (rows 554, EVENTNO=640)
    - [WARNING] BEHAV: Calf-associated behavior(s) 40 recorded but no calf present (rows 555, EVENTNO=642)
    - [WARNING] BEHAV: Calf-associated behavior(s) 40 recorded but no calf present (rows 560, EVENTNO=650)
    - [WARNING] BEHAV: Calf-associated behavior(s) 40 recorded but no calf present (rows 561, EVENTNO=652)
    - [WARNING] BEHAV: Calf-associated behavior(s) 40 recorded but no calf present (rows 566, EVENTNO=659)
    - [WARNING] BEHAV: Calf-associated behavior(s) [40 42] recorded but no calf present (rows 567, EVENTNO=661)
    - [WARNING] BEHAV: Calf-associated behavior(s) 40 recorded but no calf present (rows 568, EVENTNO=663)
    - [WARNING] BEHAV: Calf-associated behavior(s) 40 recorded but no calf present (rows 569, EVENTNO=665)
    - [WARNING] BEHAV: Calf-associated behavior(s) 40 recorded but no calf present (rows 572, EVENTNO=669)
    - [WARNING] BEHAV: Calf-associated behavior(s) 40 recorded but no calf present (rows 580, EVENTNO=682)
    - [WARNING] BEHAV: Calf-associated behavior(s) 40 recorded but no calf present (rows 606, EVENTNO=717)
    - [WARNING] BEHAV: Calf-associated behavior(s) 40 recorded but no calf present (rows 612, EVENTNO=724)
    - [WARNING] BEHAV: Calf-associated behavior(s) 40 recorded but no calf present (rows 621, EVENTNO=742)
    - [WARNING] BEHAV: Calf-associated behavior(s) 40 recorded but no calf present (rows 626, EVENTNO=747)
    - [WARNING] BEHAV: Calf-associated behavior(s) 40 recorded but no calf present (rows 629, EVENTNO=751)
    - [WARNING] BEHAV: Calf-associated behavior(s) 40 recorded but no calf present (rows 650, EVENTNO=774)
    - [WARNING] BEHAV: Calf-associated behavior(s) 40 recorded but no calf present (rows 660, EVENTNO=786)
    - [WARNING] BEHAV: Calf-associated behavior(s) 40 recorded but no calf present (rows 674, EVENTNO=803)
    - [WARNING] BEHAV: Calf-associated behavior(s) 40 recorded but no calf present (rows 676, EVENTNO=805)
    - [WARNING] BEHAV: Calf-associated behavior(s) 40 recorded but no calf present (rows 692, EVENTNO=821)
    - [WARNING] BEHAV: Calf-associated behavior(s) 40 recorded but no calf present (rows 709, EVENTNO=838)
    - [WARNING] BEHAV: Calf-associated behavior(s) 40 recorded but no calf present (rows 743, EVENTNO=872)
    - [WARNING] BEHAV: Calf-associated behavior(s) 40 recorded but no calf present (rows 751, EVENTNO=880)
    - [WARNING] BEHAV: Calf-associated behavior(s) 40 recorded but no calf present (rows 763, EVENTNO=892)
    - [WARNING] BEHAV: Calf-associated behavior(s) 40 recorded but no calf present (rows 794, EVENTNO=923)
    - [WARNING] BEHAV: Calf-associated behavior(s) 40 recorded but no calf present (rows 797, EVENTNO=927)
    - [WARNING] BEHAV: Calf-associated behavior(s) 40 recorded but no calf present (rows 816, EVENTNO=946)
    - [WARNING] BEHAV: Calf-associated behavior(s) 40 recorded but no calf present (rows 871, EVENTNO=1006)
    - [WARNING] BEHAV: Calf-associated behavior(s) 40 recorded but no calf present (rows 877, EVENTNO=1012)
    - [WARNING] BEHAV: Calf-associated behavior(s) 40 recorded but no calf present (rows 880, EVENTNO=1015)
    - [WARNING] BEHAV: Calf-associated behavior(s) 40 recorded but no calf present (rows 882, EVENTNO=1017)
    - [WARNING] BEHAV: Calf-associated behavior(s) 40 recorded but no calf present (rows 884, EVENTNO=1019)
    - [WARNING] BEHAV: Calf-associated behavior(s) 40 recorded but no calf present (rows 894, EVENTNO=1029)
    - [WARNING] BEHAV: Calf-associated behavior(s) 40 recorded but no calf present (rows 896, EVENTNO=1031)
    - [WARNING] BEHAV: Calf-associated behavior(s) 40 recorded but no calf present (rows 917, EVENTNO=1058)
    - [WARNING] BEHAV: Calf-associated behavior(s) 40 recorded but no calf present (rows 922, EVENTNO=1067)
    - [WARNING] BEHAV: Calf-associated behavior(s) 40 recorded but no calf present (rows 924, EVENTNO=1071)
    - [WARNING] BEHAV: Calf-associated behavior(s) 40 recorded but no calf present (rows 935, EVENTNO=1083)
    - [WARNING] BEHAV: Calf-associated behavior(s) 40 recorded but no calf present (rows 936, EVENTNO=1085)
    - [WARNING] BEHAV: Calf-associated behavior(s) 40 recorded but no calf present (rows 937, EVENTNO=1087)
    - [WARNING] BEHAV: Calf-associated behavior(s) 40 recorded but no calf present (rows 938, EVENTNO=1091)
    - [WARNING] BEHAV: Calf-associated behavior(s) 40 recorded but no calf present (rows 939, EVENTNO=1093)
    - [WARNING] BEHAV: Calf-associated behavior(s) 40 recorded but no calf present (rows 940, EVENTNO=1095)
    - [WARNING] BEHAV: Calf-associated behavior(s) 40 recorded but no calf present (rows 941, EVENTNO=1097)
    - [WARNING] BEHAV: Calf-associated behavior(s) 40 recorded but no calf present (rows 943, EVENTNO=1101)
    - [WARNING] BEHAV: Calf-associated behavior(s) 40 recorded but no calf present (rows 944, EVENTNO=1103)
    - [WARNING] BEHAV: Calf-associated behavior(s) 40 recorded but no calf present (rows 953, EVENTNO=1115)
    - [WARNING] BEHAV: Calf-associated behavior(s) 40 recorded but no calf present (rows 955, EVENTNO=1122)
    - [WARNING] BEHAV: Calf-associated behavior(s) 40 recorded but no calf present (rows 957, EVENTNO=1125)
    - [WARNING] BEHAV: Calf-associated behavior(s) 40 recorded but no calf present (rows 959, EVENTNO=1128)
    - [WARNING] BEHAV: Calf-associated behavior(s) 40 recorded but no calf present (rows 963, EVENTNO=1133)
    - [WARNING] BEHAV: Calf-associated behavior(s) 40 recorded but no calf present (rows 964, EVENTNO=1135)
    - [WARNING] BEHAV: Calf-associated behavior(s) 40 recorded but no calf present (rows 977, EVENTNO=1152)
    - [WARNING] BEHAV: Calf-associated behavior(s) 40 recorded but no calf present (rows 979, EVENTNO=1155)
    - [WARNING] BEHAV: Calf-associated behavior(s) 40 recorded but no calf present (rows 981, EVENTNO=1158)
    - [WARNING] BEHAV: Calf-associated behavior(s) 40 recorded but no calf present (rows 984, EVENTNO=1161)
    - [WARNING] BEHAV: Calf-associated behavior(s) 40 recorded but no calf present (rows 985, EVENTNO=1162)
    - [WARNING] BEHAV: Calf-associated behavior(s) 40 recorded but no calf present (rows 1015, EVENTNO=1212)
    - [WARNING] BEHAV: Calf-associated behavior(s) 40 recorded but no calf present (rows 1087, EVENTNO=1310)
    - [WARNING] BEHAV: Calf-associated behavior(s) 40 recorded but no calf present (rows 1121, EVENTNO=1349)
    - [WARNING] BEHAV: Calf-associated behavior(s) 40 recorded but no calf present (rows 1122, EVENTNO=1351)
    - [WARNING] BEHAV: Calf-associated behavior(s) 40 recorded but no calf present (rows 1194, EVENTNO=1440)
    - [WARNING] BEHAV: Calf-associated behavior(s) 40 recorded but no calf present (rows 1236, EVENTNO=1490)
    - [WARNING] BEHAV: Calf-associated behavior(s) 40 recorded but no calf present (rows 1283, EVENTNO=1551)
    - [WARNING] BEHAV: Calf-associated behavior(s) 40 recorded but no calf present (rows 1285, EVENTNO=1555)
    - [WARNING] BEHAV: Calf-associated behavior(s) 40 recorded but no calf present (rows 1286, EVENTNO=1557)
    - [WARNING] BEHAV: Calf-associated behavior(s) 40 recorded but no calf present (rows 1290, EVENTNO=1563)
    - [WARNING] BEHAV: Calf-associated behavior(s) 40 recorded but no calf present (rows 1291, EVENTNO=1565)
    - [WARNING] BEHAV: Calf-associated behavior(s) 40 recorded but no calf present (rows 1292, EVENTNO=1567)
    - [WARNING] BEHAV: Calf-associated behavior(s) 40 recorded but no calf present (rows 1294, EVENTNO=1570)
    - [WARNING] BEHAV: Calf-associated behavior(s) 40 recorded but no calf present (rows 1295, EVENTNO=1572)
    - [WARNING] BEHAV: Calf-associated behavior(s) 40 recorded but no calf present (rows 1296, EVENTNO=1574)
    - [WARNING] BEHAV: Calf-associated behavior(s) 40 recorded but no calf present (rows 1300, EVENTNO=1582)
    - [WARNING] BEHAV: Calf-associated behavior(s) 40 recorded but no calf present (rows 1301, EVENTNO=1584)
    - [WARNING] BEHAV: Calf-associated behavior(s) 40 recorded but no calf present (rows 1305, EVENTNO=1591)
    - [WARNING] BEHAV: Calf-associated behavior(s) 40 recorded but no calf present (rows 1306, EVENTNO=1593)
    - [WARNING] BEHAV: Calf-associated behavior(s) 40 recorded but no calf present (rows 1309, EVENTNO=1597)
    - [WARNING] BEHAV: Calf-associated behavior(s) 40 recorded but no calf present (rows 1321, EVENTNO=1635)
    - [WARNING] BEHAV: Calf-associated behavior(s) 40 recorded but no calf present (rows 1323, EVENTNO=1638)
    - [WARNING] BEHAV: Calf-associated behavior(s) 40 recorded but no calf present (rows 1343, EVENTNO=1665)
    - [WARNING] BEHAV: Calf-associated behavior(s) 40 recorded but no calf present (rows 1356, EVENTNO=1680)
    - [WARNING] BEHAV: Calf-associated behavior(s) 40 recorded but no calf present (rows 1360, EVENTNO=1688)
    - [WARNING] BEHAV: Calf-associated behavior(s) 40 recorded but no calf present (rows 1364, EVENTNO=1694)
    - [WARNING] BEHAV: Calf-associated behavior(s) 40 recorded but no calf present (rows 1369, EVENTNO=1701)
    - [WARNING] BEHAV: Calf-associated behavior(s) 40 recorded but no calf present (rows 1370, EVENTNO=1703)
    - [WARNING] BEHAV: Calf-associated behavior(s) 40 recorded but no calf present (rows 1379, EVENTNO=1718)
    - [WARNING] BEHAV: Calf-associated behavior(s) 40 recorded but no calf present (rows 1380, EVENTNO=1720)
    - [WARNING] BEHAV: Calf-associated behavior(s) 40 recorded but no calf present (rows 1392, EVENTNO=1733)
    - [WARNING] BEHAV: Calf-associated behavior(s) 40 recorded but no calf present (rows 1395, EVENTNO=1739)
    - [WARNING] BEHAV: Calf-associated behavior(s) 40 recorded but no calf present (rows 1399, EVENTNO=1747)
    - [WARNING] BEHAV: Calf-associated behavior(s) 40 recorded but no calf present (rows 1411, EVENTNO=1765)
    - [WARNING] BEHAV: Calf-associated behavior(s) 40 recorded but no calf present (rows 1414, EVENTNO=1771)
    - [WARNING] BEHAV: Calf-associated behavior(s) 40 recorded but no calf present (rows 1425, EVENTNO=1788)
    - [WARNING] BEHAV: Calf-associated behavior(s) 40 recorded but no calf present (rows 1427, EVENTNO=1791)
    - [WARNING] BEHAV: Calf-associated behavior(s) 40 recorded but no calf present (rows 1455, EVENTNO=1842)
    - [WARNING] BEHAV: Calf-associated behavior(s) 40 recorded but no calf present (rows 1456, EVENTNO=1844)
    - [WARNING] BEHAV: Calf-associated behavior(s) 40 recorded but no calf present (rows 1457, EVENTNO=1846)
    - [WARNING] BEHAV: Calf-associated behavior(s) 40 recorded but no calf present (rows 1461, EVENTNO=1852)
    - [WARNING] BEHAV: Calf-associated behavior(s) 40 recorded but no calf present (rows 1463, EVENTNO=1856)
    - [WARNING] BEHAV: Calf-associated behavior(s) 40 recorded but no calf present (rows 1464, EVENTNO=1858)
    - [WARNING] BEHAV: Calf-associated behavior(s) 40 recorded but no calf present (rows 1466, EVENTNO=1861)
    - [WARNING] BEHAV: Calf-associated behavior(s) 40 recorded but no calf present (rows 1468, EVENTNO=1864)
    - [WARNING] BEHAV: Calf-associated behavior(s) 40 recorded but no calf present (rows 1469, EVENTNO=1866)
    - [WARNING] BEHAV: Calf-associated behavior(s) 40 recorded but no calf present (rows 1486, EVENTNO=1886)
    - [WARNING] BEHAV: Calf-associated behavior(s) 40 recorded but no calf present (rows 1496, EVENTNO=1899)
    - [WARNING] BEHAV: Calf-associated behavior(s) 40 recorded but no calf present (rows 1499, EVENTNO=1903)
    - [WARNING] BEHAV: Calf-associated behavior(s) 40 recorded but no calf present (rows 1500, EVENTNO=1905)
    - [WARNING] BEHAV: Calf-associated behavior(s) 40 recorded but no calf present (rows 1502, EVENTNO=1909)
    - [WARNING] BEHAV: Calf-associated behavior(s) 40 recorded but no calf present (rows 1504, EVENTNO=1912)
    - [WARNING] BEHAV: Calf-associated behavior(s) 40 recorded but no calf present (rows 1506, EVENTNO=1914)
    - [WARNING] BEHAV: Calf-associated behavior(s) 40 recorded but no calf present (rows 1513, EVENTNO=1922)
    - [WARNING] BEHAV: Calf-associated behavior(s) 40 recorded but no calf present (rows 1514, EVENTNO=1924)
    - [WARNING] BEHAV: Calf-associated behavior(s) 40 recorded but no calf present (rows 1516, EVENTNO=1927)
    - [WARNING] BEHAV: Calf-associated behavior(s) 40 recorded but no calf present (rows 1522, EVENTNO=1934)
    - [WARNING] BEHAV: Calf-associated behavior(s) 40 recorded but no calf present (rows 1523, EVENTNO=1936)
    - [WARNING] BEHAV: Calf-associated behavior(s) 40 recorded but no calf present (rows 1526, EVENTNO=1940)
    - [WARNING] BEHAV: Calf-associated behavior(s) 40 recorded but no calf present (rows 1528, EVENTNO=1942)
    - [WARNING] BEHAV: Calf-associated behavior(s) 40 recorded but no calf present (rows 1560, EVENTNO=1983)
    - [WARNING] BEHAV: Calf-associated behavior(s) 40 recorded but no calf present (rows 1568, EVENTNO=1997)
    - [WARNING] BEHAV: Calf-associated behavior(s) 40 recorded but no calf present (rows 1570, EVENTNO=2000)
    - [WARNING] BEHAV: Calf-associated behavior(s) 40 recorded but no calf present (rows 1578, EVENTNO=2012)
    - [WARNING] BEHAV: Calf-associated behavior(s) 40 recorded but no calf present (rows 1586, EVENTNO=2022)
    - [WARNING] BEHAV: Calf-associated behavior(s) 40 recorded but no calf present (rows 1601, EVENTNO=2050)
    - [WARNING] BEHAV: Calf-associated behavior(s) 40 recorded but no calf present (rows 1602, EVENTNO=2052)
    - [WARNING] BEHAV: Calf-associated behavior(s) 40 recorded but no calf present (rows 1603, EVENTNO=2054)
    - [WARNING] BEHAV: Calf-associated behavior(s) 40 recorded but no calf present (rows 1614, EVENTNO=2067)
    - [WARNING] BEHAV: Calf-associated behavior(s) 40 recorded but no calf present (rows 1628, EVENTNO=2085)
    - [WARNING] BEHAV: Calf-associated behavior(s) 40 recorded but no calf present (rows 1635, EVENTNO=2095)
    - [WARNING] BEHAV: Calf-associated behavior(s) 40 recorded but no calf present (rows 1636, EVENTNO=2097)
    - [WARNING] BEHAV: Calf-associated behavior(s) 40 recorded but no calf present (rows 1638, EVENTNO=2100)
    - [WARNING] BEHAV: Calf-associated behavior(s) 40 recorded but no calf present (rows 1640, EVENTNO=2104)
    - [WARNING] BEHAV: Calf-associated behavior(s) 40 recorded but no calf present (rows 1652, EVENTNO=2121)
    - [WARNING] BEHAV: Calf-associated behavior(s) 40 recorded but no calf present (rows 1655, EVENTNO=2127)
    - [WARNING] BEHAV: Calf-associated behavior(s) 40 recorded but no calf present (rows 1667, EVENTNO=2144)
    - [WARNING] BEHAV: Calf-associated behavior(s) 40 recorded but no calf present (rows 1674, EVENTNO=2154)
    - [WARNING] BEHAV: Calf-associated behavior(s) 40 recorded but no calf present (rows 1704, EVENTNO=2203)
    - [WARNING] BEHAV: Calf-associated behavior(s) 40 recorded but no calf present (rows 1705, EVENTNO=2205)
    - [WARNING] BEHAV: Calf-associated behavior(s) 40 recorded but no calf present (rows 1706, EVENTNO=2207)
    - [WARNING] BEHAV: Calf-associated behavior(s) 40 recorded but no calf present (rows 1711, EVENTNO=2213)
    - [WARNING] BEHAV: Calf-associated behavior(s) 40 recorded but no calf present (rows 1712, EVENTNO=2215)
    - [WARNING] BEHAV: Calf-associated behavior(s) 40 recorded but no calf present (rows 1713, EVENTNO=2217)
    - [WARNING] BEHAV: Calf-associated behavior(s) 40 recorded but no calf present (rows 1714, EVENTNO=2219)
    - [WARNING] BEHAV: Calf-associated behavior(s) 40 recorded but no calf present (rows 1718, EVENTNO=2224)
--------------------------------------------------------------------------------

[29-Jun-2026 11:49:27] o106921
Type: Validation error
Error: Validation failed: 0 errors, 24 warnings (0 acknowledged, 24 new)
ID: Ingestion:ValidationFailed
Location: BatchUploader.uploadSurvey (line 376)
Validation Details:
  Errors: 0
  Warnings: 24
  Details:
    - [WARNING] NUMBER: NUMBER=71 exceeds threshold 50 for SPECCODE=RIWH (source: TAXCODE 1 default). Verify count. (rows 158, EVENTNO=158)
    - [WARNING] NUMBER: Right whale group size (71) unusually large - verify count (rows 158, EVENTNO=158)
    - [WARNING] BEHAV: Calf-associated behavior(s) 40 recorded but no calf present (rows 4, EVENTNO=4)
    - [WARNING] BEHAV: Calf-associated behavior(s) 40 recorded but no calf present (rows 17, EVENTNO=17)
    - [WARNING] BEHAV: Calf-associated behavior(s) 40 recorded but no calf present (rows 38, EVENTNO=38)
    - [WARNING] BEHAV: Calf-associated behavior(s) 40 recorded but no calf present (rows 73, EVENTNO=73)
    - [WARNING] BEHAV: Calf-associated behavior(s) 40 recorded but no calf present (rows 98, EVENTNO=98)
    - [WARNING] BEHAV: Calf-associated behavior(s) 40 recorded but no calf present (rows 100, EVENTNO=100)
    - [WARNING] BEHAV: Calf-associated behavior(s) 40 recorded but no calf present (rows 105, EVENTNO=105)
    - [WARNING] BEHAV: Calf-associated behavior(s) 40 recorded but no calf present (rows 114, EVENTNO=114)
    - [WARNING] BEHAV: Calf-associated behavior(s) 40 recorded but no calf present (rows 115, EVENTNO=115)
    - [WARNING] BEHAV: Calf-associated behavior(s) 40 recorded but no calf present (rows 128, EVENTNO=128)
    - [WARNING] BEHAV: Calf-associated behavior(s) 40 recorded but no calf present (rows 130, EVENTNO=130)
    - [WARNING] BEHAV: Calf-associated behavior(s) 40 recorded but no calf present (rows 135, EVENTNO=135)
    - [WARNING] BEHAV: Calf-associated behavior(s) 40 recorded but no calf present (rows 143, EVENTNO=143)
    - [WARNING] BEHAV: Calf-associated behavior(s) 40 recorded but no calf present (rows 158, EVENTNO=158)
    - [WARNING] BEHAV: Calf-associated behavior(s) 40 recorded but no calf present (rows 159, EVENTNO=159)
    - [WARNING] BEHAV: Calf-associated behavior(s) 40 recorded but no calf present (rows 169, EVENTNO=169)
    - [WARNING] BEHAV: Calf-associated behavior(s) 40 recorded but no calf present (rows 177, EVENTNO=177)
    - [WARNING] BEHAV: Calf-associated behavior(s) 40 recorded but no calf present (rows 187, EVENTNO=187)
    - [WARNING] BEHAV: Calf-associated behavior(s) 40 recorded but no calf present (rows 190, EVENTNO=190)
    - [WARNING] BEHAV: Calf-associated behavior(s) 40 recorded but no calf present (rows 192, EVENTNO=192)
    - [WARNING] BEHAV: Calf-associated behavior(s) 40 recorded but no calf present (rows 194, EVENTNO=194)
    - [WARNING] BEHAV: Calf-associated behavior(s) 40 recorded but no calf present (rows 221, EVENTNO=221)
--------------------------------------------------------------------------------

[29-Jun-2026 11:49:27] o106951
Type: Validation error
Error: Validation failed: 0 errors, 3 warnings (0 acknowledged, 3 new)
ID: Ingestion:ValidationFailed
Location: BatchUploader.uploadSurvey (line 376)
Validation Details:
  Errors: 0
  Warnings: 3
  Details:
    - [WARNING] NUMCALF: NUMCALF (1) is more than half of NUMBER (1) - verify count (rows 198, EVENTNO=210)
    - [WARNING] NUMCALF: NUMCALF (1) is more than half of NUMBER (1) - verify count (rows 214, EVENTNO=228)
    - [WARNING] NUMCALF: NUMCALF (1) is more than half of NUMBER (1) - verify count (rows 219, EVENTNO=235)
--------------------------------------------------------------------------------

[29-Jun-2026 11:49:28] o107000
Type: Validation error
Error: Validation failed: 0 errors, 69 warnings (0 acknowledged, 69 new)
ID: Ingestion:ValidationFailed
Location: BatchUploader.uploadSurvey (line 376)
Validation Details:
  Errors: 0
  Warnings: 69
  Details:
    - [WARNING] LONG_DD: Longitude outside typical survey area [-85.0, -40.0] (rows 259, EVENTNO=379)
    - [WARNING] BEHAV: Calf-associated behavior(s) 40 recorded but no calf present (rows 10, EVENTNO=14)
    - [WARNING] BEHAV: Calf-associated behavior(s) 40 recorded but no calf present (rows 14, EVENTNO=19)
    - [WARNING] BEHAV: Calf-associated behavior(s) 40 recorded but no calf present (rows 16, EVENTNO=22)
    - [WARNING] BEHAV: Calf-associated behavior(s) 40 recorded but no calf present (rows 17, EVENTNO=24)
    - [WARNING] BEHAV: Calf-associated behavior(s) 40 recorded but no calf present (rows 18, EVENTNO=26)
    - [WARNING] BEHAV: Calf-associated behavior(s) 40 recorded but no calf present (rows 22, EVENTNO=33)
    - [WARNING] BEHAV: Calf-associated behavior(s) 40 recorded but no calf present (rows 23, EVENTNO=35)
    - [WARNING] BEHAV: Calf-associated behavior(s) 40 recorded but no calf present (rows 26, EVENTNO=41)
    - [WARNING] BEHAV: Calf-associated behavior(s) 40 recorded but no calf present (rows 28, EVENTNO=45)
    - [WARNING] BEHAV: Calf-associated behavior(s) 40 recorded but no calf present (rows 31, EVENTNO=50)
    - [WARNING] BEHAV: Calf-associated behavior(s) 40 recorded but no calf present (rows 34, EVENTNO=54)
    - [WARNING] BEHAV: Calf-associated behavior(s) 40 recorded but no calf present (rows 35, EVENTNO=56)
    - [WARNING] BEHAV: Calf-associated behavior(s) 40 recorded but no calf present (rows 40, EVENTNO=65)
    - [WARNING] BEHAV: Calf-associated behavior(s) 40 recorded but no calf present (rows 43, EVENTNO=70)
    - [WARNING] BEHAV: Calf-associated behavior(s) 40 recorded but no calf present (rows 48, EVENTNO=88)
    - [WARNING] BEHAV: Calf-associated behavior(s) 40 recorded but no calf present (rows 51, EVENTNO=94)
    - [WARNING] BEHAV: Calf-associated behavior(s) 40 recorded but no calf present (rows 54, EVENTNO=101)
    - [WARNING] BEHAV: Calf-associated behavior(s) 40 recorded but no calf present (rows 55, EVENTNO=103)
    - [WARNING] BEHAV: Calf-associated behavior(s) 40 recorded but no calf present (rows 56, EVENTNO=105)
    - [WARNING] BEHAV: Calf-associated behavior(s) 40 recorded but no calf present (rows 58, EVENTNO=108)
    - [WARNING] BEHAV: Calf-associated behavior(s) 40 recorded but no calf present (rows 59, EVENTNO=110)
    - [WARNING] BEHAV: Calf-associated behavior(s) 40 recorded but no calf present (rows 62, EVENTNO=114)
    - [WARNING] BEHAV: Calf-associated behavior(s) 40 recorded but no calf present (rows 69, EVENTNO=125)
    - [WARNING] BEHAV: Calf-associated behavior(s) 40 recorded but no calf present (rows 136, EVENTNO=209)
    - [WARNING] BEHAV: Calf-associated behavior(s) 40 recorded but no calf present (rows 137, EVENTNO=211)
    - [WARNING] BEHAV: Calf-associated behavior(s) 40 recorded but no calf present (rows 138, EVENTNO=213)
    - [WARNING] BEHAV: Calf-associated behavior(s) 40 recorded but no calf present (rows 143, EVENTNO=219)
    - [WARNING] BEHAV: Calf-associated behavior(s) 40 recorded but no calf present (rows 145, EVENTNO=222)
    - [WARNING] BEHAV: Calf-associated behavior(s) 40 recorded but no calf present (rows 149, EVENTNO=227)
    - [WARNING] BEHAV: Calf-associated behavior(s) 40 recorded but no calf present (rows 151, EVENTNO=230)
    - [WARNING] BEHAV: Calf-associated behavior(s) 40 recorded but no calf present (rows 155, EVENTNO=235)
    - [WARNING] BEHAV: Calf-associated behavior(s) 40 recorded but no calf present (rows 168, EVENTNO=249)
    - [WARNING] BEHAV: Calf-associated behavior(s) 40 recorded but no calf present (rows 177, EVENTNO=259)
    - [WARNING] BEHAV: Calf-associated behavior(s) 40 recorded but no calf present (rows 181, EVENTNO=265)
    - [WARNING] BEHAV: Calf-associated behavior(s) 40 recorded but no calf present (rows 184, EVENTNO=268)
    - [WARNING] BEHAV: Calf-associated behavior(s) 40 recorded but no calf present (rows 207, EVENTNO=293)
    - [WARNING] BEHAV: Calf-associated behavior(s) 40 recorded but no calf present (rows 234, EVENTNO=330)
    - [WARNING] BEHAV: Calf-associated behavior(s) 40 recorded but no calf present (rows 237, EVENTNO=334)
    - [WARNING] BEHAV: Calf-associated behavior(s) 40 recorded but no calf present (rows 242, EVENTNO=344)
    - [WARNING] BEHAV: Calf-associated behavior(s) 40 recorded but no calf present (rows 245, EVENTNO=349)
    - [WARNING] BEHAV: Calf-associated behavior(s) 40 recorded but no calf present (rows 247, EVENTNO=351)
    - [WARNING] BEHAV: Calf-associated behavior(s) 40 recorded but no calf present (rows 251, EVENTNO=368)
    - [WARNING] BEHAV: Calf-associated behavior(s) 40 recorded but no calf present (rows 258, EVENTNO=377)
    - [WARNING] BEHAV: Calf-associated behavior(s) 40 recorded but no calf present (rows 259, EVENTNO=379)
    - [WARNING] BEHAV: Calf-associated behavior(s) 40 recorded but no calf present (rows 261, EVENTNO=382)
    - [WARNING] BEHAV: Calf-associated behavior(s) 40 recorded but no calf present (rows 264, EVENTNO=386)
    - [WARNING] BEHAV: Calf-associated behavior(s) 40 recorded but no calf present (rows 266, EVENTNO=389)
    - [WARNING] BEHAV: Calf-associated behavior(s) 40 recorded but no calf present (rows 270, EVENTNO=398)
    - [WARNING] BEHAV: Calf-associated behavior(s) 40 recorded but no calf present (rows 271, EVENTNO=400)
    - [WARNING] BEHAV: Calf-associated behavior(s) 40 recorded but no calf present (rows 274, EVENTNO=404)
    - [WARNING] BEHAV: Calf-associated behavior(s) 40 recorded but no calf present (rows 320, EVENTNO=478)
    - [WARNING] BEHAV: Calf-associated behavior(s) 40 recorded but no calf present (rows 323, EVENTNO=482)
    - [WARNING] BEHAV: Calf-associated behavior(s) 40 recorded but no calf present (rows 328, EVENTNO=488)
    - [WARNING] BEHAV: Calf-associated behavior(s) 40 recorded but no calf present (rows 330, EVENTNO=491)
    - [WARNING] BEHAV: Calf-associated behavior(s) 40 recorded but no calf present (rows 334, EVENTNO=499)
    - [WARNING] BEHAV: Calf-associated behavior(s) 40 recorded but no calf present (rows 336, EVENTNO=502)
    - [WARNING] BEHAV: Calf-associated behavior(s) 40 recorded but no calf present (rows 346, EVENTNO=514)
    - [WARNING] BEHAV: Calf-associated behavior(s) 40 recorded but no calf present (rows 349, EVENTNO=518)
    - [WARNING] BEHAV: Calf-associated behavior(s) 40 recorded but no calf present (rows 350, EVENTNO=519)
    - [WARNING] BEHAV: Calf-associated behavior(s) [40 42] recorded but no calf present (rows 351, EVENTNO=520)
    - [WARNING] BEHAV: Calf-associated behavior(s) 40 recorded but no calf present (rows 352, EVENTNO=522)
    - [WARNING] BEHAV: Calf-associated behavior(s) 40 recorded but no calf present (rows 354, EVENTNO=525)
    - [WARNING] BEHAV: Calf-associated behavior(s) 40 recorded but no calf present (rows 356, EVENTNO=528)
    - [WARNING] BEHAV: Calf-associated behavior(s) 40 recorded but no calf present (rows 357, EVENTNO=530)
    - [WARNING] BEHAV: Calf-associated behavior(s) 40 recorded but no calf present (rows 384, EVENTNO=563)
    - [WARNING] BEHAV: Calf-associated behavior(s) 40 recorded but no calf present (rows 385, EVENTNO=565)
    - [WARNING] BEHAV: Calf-associated behavior(s) 40 recorded but no calf present (rows 386, EVENTNO=567)
    - [WARNING] BEHAV: Calf-associated behavior(s) 40 recorded but no calf present (rows 389, EVENTNO=573)
--------------------------------------------------------------------------------

[29-Jun-2026 11:49:28] o107253
Type: Validation error
Error: Validation failed: 0 errors, 2 warnings (0 acknowledged, 2 new)
ID: Ingestion:ValidationFailed
Location: BatchUploader.uploadSurvey (line 376)
Validation Details:
  Errors: 0
  Warnings: 2
  Details:
    - [WARNING] NUMCALF: NUMCALF (1) is more than half of NUMBER (1) - verify count (rows 3, EVENTNO=3)
    - [WARNING] NUMCALF: NUMCALF (1) is more than half of NUMBER (1) - verify count (rows 11, EVENTNO=11)
--------------------------------------------------------------------------------

[29-Jun-2026 11:49:29] o107921
Type: Validation error
Error: Validation failed: 0 errors, 29 warnings (0 acknowledged, 29 new)
ID: Ingestion:ValidationFailed
Location: BatchUploader.uploadSurvey (line 376)
Validation Details:
  Errors: 0
  Warnings: 29
  Details:
    - [WARNING] BEHAV: Calf-associated behavior(s) 40 recorded but no calf present (rows 29, EVENTNO=254)
    - [WARNING] BEHAV: Calf-associated behavior(s) 40 recorded but no calf present (rows 55, EVENTNO=280)
    - [WARNING] BEHAV: Calf-associated behavior(s) 40 recorded but no calf present (rows 56, EVENTNO=281)
    - [WARNING] BEHAV: Calf-associated behavior(s) 40 recorded but no calf present (rows 58, EVENTNO=283)
    - [WARNING] BEHAV: Calf-associated behavior(s) 40 recorded but no calf present (rows 63, EVENTNO=288)
    - [WARNING] BEHAV: Calf-associated behavior(s) 40 recorded but no calf present (rows 109, EVENTNO=335)
    - [WARNING] BEHAV: Calf-associated behavior(s) 40 recorded but no calf present (rows 114, EVENTNO=340)
    - [WARNING] BEHAV: Calf-associated behavior(s) 40 recorded but no calf present (rows 142, EVENTNO=368)
    - [WARNING] BEHAV: Calf-associated behavior(s) 40 recorded but no calf present (rows 160, EVENTNO=386)
    - [WARNING] BEHAV: Calf-associated behavior(s) 40 recorded but no calf present (rows 171, EVENTNO=398)
    - [WARNING] BEHAV: Calf-associated behavior(s) 40 recorded but no calf present (rows 172, EVENTNO=399)
    - [WARNING] BEHAV: Calf-associated behavior(s) 40 recorded but no calf present (rows 173, EVENTNO=400)
    - [WARNING] BEHAV: Calf-associated behavior(s) 40 recorded but no calf present (rows 174, EVENTNO=401)
    - [WARNING] BEHAV: Calf-associated behavior(s) 40 recorded but no calf present (rows 181, EVENTNO=408)
    - [WARNING] BEHAV: Calf-associated behavior(s) 40 recorded but no calf present (rows 187, EVENTNO=414)
    - [WARNING] BEHAV: Calf-associated behavior(s) 40 recorded but no calf present (rows 189, EVENTNO=416)
    - [WARNING] BEHAV: Calf-associated behavior(s) 40 recorded but no calf present (rows 192, EVENTNO=419)
    - [WARNING] BEHAV: Calf-associated behavior(s) 40 recorded but no calf present (rows 193, EVENTNO=420)
    - [WARNING] BEHAV: Calf-associated behavior(s) 40 recorded but no calf present (rows 202, EVENTNO=429)
    - [WARNING] BEHAV: Calf-associated behavior(s) 40 recorded but no calf present (rows 204, EVENTNO=431)
    - [WARNING] BEHAV: Calf-associated behavior(s) 40 recorded but no calf present (rows 225, EVENTNO=452)
    - [WARNING] BEHAV: Calf-associated behavior(s) 40 recorded but no calf present (rows 226, EVENTNO=453)
    - [WARNING] BEHAV: Calf-associated behavior(s) 40 recorded but no calf present (rows 230, EVENTNO=457)
    - [WARNING] BEHAV: Calf-associated behavior(s) 40 recorded but no calf present (rows 231, EVENTNO=458)
    - [WARNING] BEHAV: Calf-associated behavior(s) 40 recorded but no calf present (rows 233, EVENTNO=460)
    - [WARNING] BEHAV: Calf-associated behavior(s) 40 recorded but no calf present (rows 234, EVENTNO=461)
    - [WARNING] BEHAV: Calf-associated behavior(s) 40 recorded but no calf present (rows 262, EVENTNO=489)
    - [WARNING] BEHAV: Calf-associated behavior(s) 40 recorded but no calf present (rows 277, EVENTNO=504)
    - [WARNING] BEHAV: Calf-associated behavior(s) 40 recorded but no calf present (rows 280, EVENTNO=507)
--------------------------------------------------------------------------------

[29-Jun-2026 11:49:30] o108921
Type: Validation error
Error: Validation failed: 0 errors, 2 warnings (0 acknowledged, 2 new)
ID: Ingestion:ValidationFailed
Location: BatchUploader.uploadSurvey (line 376)
Validation Details:
  Errors: 0
  Warnings: 2
  Details:
    - [WARNING] NUMBER: NUMBER=80 exceeds threshold 50 for SPECCODE=RIWH (source: TAXCODE 1 default). Verify count. (rows 169, EVENTNO=684)
    - [WARNING] NUMBER: Right whale group size (80) unusually large - verify count (rows 169, EVENTNO=684)
--------------------------------------------------------------------------------

[29-Jun-2026 11:49:31] o109240
Type: Validation error
Error: Validation failed: 0 errors, 5 warnings (0 acknowledged, 5 new)
ID: Ingestion:ValidationFailed
Location: BatchUploader.uploadSurvey (line 376)
Validation Details:
  Errors: 0
  Warnings: 5
  Details:
    - [WARNING] NUMCALF: NUMCALF (1) is more than half of NUMBER (1) - verify count (rows 11, EVENTNO=11)
    - [WARNING] NUMCALF: NUMCALF (1) is more than half of NUMBER (1) - verify count (rows 12, EVENTNO=12)
    - [WARNING] NUMCALF: NUMCALF (1) is more than half of NUMBER (1) - verify count (rows 49, EVENTNO=49)
    - [WARNING] NUMCALF: NUMCALF (1) is more than half of NUMBER (1) - verify count (rows 50, EVENTNO=50)
    - [WARNING] NUMCALF: NUMCALF (1) is more than half of NUMBER (1) - verify count (rows 71, EVENTNO=71)
--------------------------------------------------------------------------------

[29-Jun-2026 11:49:33] o109911
Type: Validation error
Error: Validation failed: 0 errors, 31 warnings (0 acknowledged, 31 new)
ID: Ingestion:ValidationFailed
Location: BatchUploader.uploadSurvey (line 376)
Validation Details:
  Errors: 0
  Warnings: 31
  Details:
    - [WARNING] LAT_DD: Latitude outside typical survey area [20.0, 55.0] (rows 42, EVENTNO=62)
    - [WARNING] LONG_DD: Longitude outside typical survey area [-85.0, -40.0] (rows 42, EVENTNO=62)
    - [WARNING] LONG_DD: Longitude outside typical survey area [-85.0, -40.0] (rows 229, EVENTNO=325)
    - [WARNING] LONG_DD: Longitude outside typical survey area [-85.0, -40.0] (rows 823, EVENTNO=1407)
    - [WARNING] NUMCALF: NUMCALF (1) is more than half of NUMBER (1) - verify count (rows 57, EVENTNO=77)
    - [WARNING] NUMCALF: NUMCALF (1) is more than half of NUMBER (1) - verify count (rows 62, EVENTNO=84)
    - [WARNING] NUMCALF: NUMCALF (1) is more than half of NUMBER (1) - verify count (rows 66, EVENTNO=95)
    - [WARNING] NUMCALF: NUMCALF (1) is more than half of NUMBER (1) - verify count (rows 69, EVENTNO=98)
    - [WARNING] NUMCALF: NUMCALF (1) is more than half of NUMBER (1) - verify count (rows 85, EVENTNO=122)
    - [WARNING] NUMCALF: NUMCALF (1) is more than half of NUMBER (1) - verify count (rows 122, EVENTNO=176)
    - [WARNING] NUMCALF: NUMCALF (1) is more than half of NUMBER (1) - verify count (rows 126, EVENTNO=182)
    - [WARNING] NUMCALF: NUMCALF (1) is more than half of NUMBER (1) - verify count (rows 131, EVENTNO=188)
    - [WARNING] NUMCALF: NUMCALF (1) is more than half of NUMBER (1) - verify count (rows 140, EVENTNO=200)
    - [WARNING] NUMCALF: NUMCALF (1) is more than half of NUMBER (1) - verify count (rows 146, EVENTNO=209)
    - [WARNING] NUMCALF: NUMCALF (1) is more than half of NUMBER (1) - verify count (rows 147, EVENTNO=210)
    - [WARNING] NUMCALF: NUMCALF (1) is more than half of NUMBER (1) - verify count (rows 179, EVENTNO=257)
    - [WARNING] NUMCALF: NUMCALF (1) is more than half of NUMBER (1) - verify count (rows 196, EVENTNO=276)
    - [WARNING] NUMCALF: NUMCALF (1) is more than half of NUMBER (1) - verify count (rows 202, EVENTNO=284)
    - [WARNING] NUMCALF: NUMCALF (1) is more than half of NUMBER (1) - verify count (rows 261, EVENTNO=381)
    - [WARNING] NUMCALF: NUMCALF (1) is more than half of NUMBER (1) - verify count (rows 309, EVENTNO=443)
    - [WARNING] NUMCALF: NUMCALF (1) is more than half of NUMBER (1) - verify count (rows 482, EVENTNO=780)
    - [WARNING] NUMCALF: NUMCALF (1) is more than half of NUMBER (1) - verify count (rows 501, EVENTNO=818)
    - [WARNING] NUMCALF: NUMCALF (1) is more than half of NUMBER (1) - verify count (rows 511, EVENTNO=856)
    - [WARNING] NUMCALF: NUMCALF (1) is more than half of NUMBER (1) - verify count (rows 517, EVENTNO=865)
    - [WARNING] NUMCALF: NUMCALF (1) is more than half of NUMBER (1) - verify count (rows 518, EVENTNO=866)
    - [WARNING] NUMCALF: NUMCALF (1) is more than half of NUMBER (1) - verify count (rows 605, EVENTNO=1028)
    - [WARNING] NUMCALF: NUMCALF (1) is more than half of NUMBER (1) - verify count (rows 720, EVENTNO=1237)
    - [WARNING] NUMCALF: NUMCALF (1) is more than half of NUMBER (1) - verify count (rows 721, EVENTNO=1238)
    - [WARNING] NUMCALF: NUMCALF (1) is more than half of NUMBER (1) - verify count (rows 820, EVENTNO=1402)
    - [WARNING] NUMCALF: NUMCALF (1) is more than half of NUMBER (1) - verify count (rows 845, EVENTNO=1445)
    - [WARNING] BEHAV: Calf-associated behavior(s) 40 recorded but no calf present (rows 536, EVENTNO=909)
--------------------------------------------------------------------------------

[29-Jun-2026 11:49:33] o109921
Type: Validation error
Error: Validation failed: 0 errors, 5 warnings (0 acknowledged, 5 new)
ID: Ingestion:ValidationFailed
Location: BatchUploader.uploadSurvey (line 376)
Validation Details:
  Errors: 0
  Warnings: 5
  Details:
    - [WARNING] BEHAV: Calf-associated behavior(s) 40 recorded but no calf present (rows 13, EVENTNO=14)
    - [WARNING] BEHAV: Calf-associated behavior(s) 40 recorded but no calf present (rows 49, EVENTNO=50)
    - [WARNING] BEHAV: Calf-associated behavior(s) 40 recorded but no calf present (rows 51, EVENTNO=52)
    - [WARNING] BEHAV: Calf-associated behavior(s) 40 recorded but no calf present (rows 65, EVENTNO=66)
    - [WARNING] BEHAV: Calf-associated behavior(s) 40 recorded but no calf present (rows 80, EVENTNO=81)
--------------------------------------------------------------------------------

[29-Jun-2026 11:49:34] o110262
Type: Validation error
Error: Validation failed: 0 errors, 1 warnings (0 acknowledged, 1 new)
ID: Ingestion:ValidationFailed
Location: BatchUploader.uploadSurvey (line 376)
Validation Details:
  Errors: 0
  Warnings: 1
  Details:
    - [WARNING] NUMCALF: NUMCALF (1) is more than half of NUMBER (1) - verify count (rows 1, EVENTNO=1)
--------------------------------------------------------------------------------

[29-Jun-2026 11:49:35] o110911
Type: Validation error
Error: Validation failed: 1 errors, 21 warnings (0 acknowledged, 21 new)
ID: Ingestion:ValidationFailed
Location: BatchUploader.uploadSurvey (line 376)
Validation Details:
  Errors: 1
  Warnings: 21
  Details:
    - [ERROR] BEHAV: Incompatible behaviors recorded: Dead/stranded animal cannot have active swimming behavior (rows 572)
    - [WARNING] LONG_DD: Longitude outside typical survey area [-85.0, -40.0] (rows 1, EVENTNO=1)
    - [WARNING] LONG_DD: Longitude outside typical survey area [-85.0, -40.0] (rows 2, EVENTNO=2)
    - [WARNING] NUMCALF: NUMCALF (1) is more than half of NUMBER (1) - verify count (rows 16, EVENTNO=21)
    - [WARNING] NUMCALF: NUMCALF (1) is more than half of NUMBER (1) - verify count (rows 55, EVENTNO=86)
    - [WARNING] NUMCALF: NUMCALF (1) is more than half of NUMBER (1) - verify count (rows 90, EVENTNO=145)
    - [WARNING] NUMCALF: NUMCALF (1) is more than half of NUMBER (1) - verify count (rows 103, EVENTNO=163)
    - [WARNING] NUMCALF: NUMCALF (1) is more than half of NUMBER (1) - verify count (rows 109, EVENTNO=175)
    - [WARNING] NUMCALF: NUMCALF (1) is more than half of NUMBER (1) - verify count (rows 122, EVENTNO=194)
    - [WARNING] NUMCALF: NUMCALF (1) is more than half of NUMBER (1) - verify count (rows 125, EVENTNO=197)
    - [WARNING] NUMCALF: NUMCALF (1) is more than half of NUMBER (1) - verify count (rows 141, EVENTNO=219)
    - [WARNING] NUMCALF: NUMCALF (1) is more than half of NUMBER (1) - verify count (rows 150, EVENTNO=230)
    - [WARNING] NUMCALF: NUMCALF (1) is more than half of NUMBER (1) - verify count (rows 263, EVENTNO=506)
    - [WARNING] NUMCALF: NUMCALF (2) is more than half of NUMBER (2) - verify count (rows 290, EVENTNO=598)
    - [WARNING] NUMCALF: NUMCALF (1) is more than half of NUMBER (1) - verify count (rows 311, EVENTNO=638)
    - [WARNING] NUMCALF: NUMCALF (1) is more than half of NUMBER (1) - verify count (rows 344, EVENTNO=732)
    - [WARNING] NUMCALF: NUMCALF (1) is more than half of NUMBER (1) - verify count (rows 358, EVENTNO=793)
    - [WARNING] NUMCALF: NUMCALF (1) is more than half of NUMBER (1) - verify count (rows 455, EVENTNO=1012)
    - [WARNING] NUMCALF: NUMCALF (1) is more than half of NUMBER (1) - verify count (rows 484, EVENTNO=1056)
    - [WARNING] BEHAV: Calf-associated behavior(s) 40 recorded but no calf present (rows 110, EVENTNO=176)
    - [WARNING] BEHAV: Calf-associated behavior(s) 40 recorded but no calf present (rows 310, EVENTNO=636)
    - [WARNING] BEHAV: Calf-associated behavior(s) 40 recorded but no calf present (rows 314, EVENTNO=643)
--------------------------------------------------------------------------------

[29-Jun-2026 11:49:35] o110921
Type: Validation error
Error: Validation failed: 0 errors, 12 warnings (0 acknowledged, 12 new)
ID: Ingestion:ValidationFailed
Location: BatchUploader.uploadSurvey (line 376)
Validation Details:
  Errors: 0
  Warnings: 12
  Details:
    - [WARNING] BEHAV: Calf-associated behavior(s) 40 recorded but no calf present (rows 76, EVENTNO=78)
    - [WARNING] BEHAV: Calf-associated behavior(s) 40 recorded but no calf present (rows 80, EVENTNO=82)
    - [WARNING] BEHAV: Calf-associated behavior(s) 40 recorded but no calf present (rows 81, EVENTNO=83)
    - [WARNING] BEHAV: Calf-associated behavior(s) 40 recorded but no calf present (rows 84, EVENTNO=86)
    - [WARNING] BEHAV: Calf-associated behavior(s) 40 recorded but no calf present (rows 89, EVENTNO=91)
    - [WARNING] BEHAV: Calf-associated behavior(s) 40 recorded but no calf present (rows 93, EVENTNO=95)
    - [WARNING] BEHAV: Calf-associated behavior(s) 40 recorded but no calf present (rows 108, EVENTNO=110)
    - [WARNING] BEHAV: Calf-associated behavior(s) 40 recorded but no calf present (rows 133, EVENTNO=135)
    - [WARNING] BEHAV: Calf-associated behavior(s) 40 recorded but no calf present (rows 146, EVENTNO=148)
    - [WARNING] BEHAV: Calf-associated behavior(s) 40 recorded but no calf present (rows 158, EVENTNO=160)
    - [WARNING] BEHAV: Calf-associated behavior(s) 40 recorded but no calf present (rows 170, EVENTNO=172)
    - [WARNING] BEHAV: Calf-associated behavior(s) 40 recorded but no calf present (rows 173, EVENTNO=175)
--------------------------------------------------------------------------------

[29-Jun-2026 11:49:36] o111229
Type: Validation error
Error: Validation failed: 0 errors, 6 warnings (0 acknowledged, 6 new)
ID: Ingestion:ValidationFailed
Location: BatchUploader.uploadSurvey (line 376)
Validation Details:
  Errors: 0
  Warnings: 6
  Details:
    - [WARNING] NUMCALF: NUMCALF (1) is more than half of NUMBER (1) - verify count (rows 2, EVENTNO=2)
    - [WARNING] NUMCALF: NUMCALF (1) is more than half of NUMBER (1) - verify count (rows 17, EVENTNO=17)
    - [WARNING] NUMCALF: NUMCALF (1) is more than half of NUMBER (1) - verify count (rows 29, EVENTNO=29)
    - [WARNING] NUMCALF: NUMCALF (1) is more than half of NUMBER (1) - verify count (rows 66, EVENTNO=66)
    - [WARNING] BEHAV: Calf-associated behavior(s) 40 recorded but no calf present (rows 33, EVENTNO=33)
    - [WARNING] BEHAV: Calf-associated behavior(s) 40 recorded but no calf present (rows 36, EVENTNO=36)
--------------------------------------------------------------------------------

[29-Jun-2026 11:49:37] o111911
Type: Validation error
Error: Validation failed: 0 errors, 1 warnings (0 acknowledged, 1 new)
ID: Ingestion:ValidationFailed
Location: BatchUploader.uploadSurvey (line 376)
Validation Details:
  Errors: 0
  Warnings: 1
  Details:
    - [WARNING] NUMCALF: NUMCALF (1) is more than half of NUMBER (1) - verify count (rows 111, EVENTNO=204)
--------------------------------------------------------------------------------

[29-Jun-2026 11:49:38] o111921
Type: Validation error
Error: Validation failed: 0 errors, 6 warnings (0 acknowledged, 6 new)
ID: Ingestion:ValidationFailed
Location: BatchUploader.uploadSurvey (line 376)
Validation Details:
  Errors: 0
  Warnings: 6
  Details:
    - [WARNING] BEHAV: Calf-associated behavior(s) 40 recorded but no calf present (rows 98, EVENTNO=98)
    - [WARNING] BEHAV: Calf-associated behavior(s) 40 recorded but no calf present (rows 181, EVENTNO=181)
    - [WARNING] BEHAV: Calf-associated behavior(s) 40 recorded but no calf present (rows 182, EVENTNO=182)
    - [WARNING] BEHAV: Calf-associated behavior(s) 40 recorded but no calf present (rows 209, EVENTNO=209)
    - [WARNING] BEHAV: Calf-associated behavior(s) 40 recorded but no calf present (rows 239, EVENTNO=239)
    - [WARNING] BEHAV: Calf-associated behavior(s) 40 recorded but no calf present (rows 301, EVENTNO=301)
--------------------------------------------------------------------------------

[29-Jun-2026 11:49:38] o112911
Type: Validation error
Error: Validation failed: 0 errors, 10 warnings (0 acknowledged, 10 new)
ID: Ingestion:ValidationFailed
Location: BatchUploader.uploadSurvey (line 376)
Validation Details:
  Errors: 0
  Warnings: 10
  Details:
    - [WARNING] NUMCALF: NUMCALF (1) is more than half of NUMBER (1) - verify count (rows 25, EVENTNO=39)
    - [WARNING] NUMCALF: NUMCALF (1) is more than half of NUMBER (1) - verify count (rows 30, EVENTNO=43)
    - [WARNING] BEHAV: Calf-associated behavior(s) 40 recorded but no calf present (rows 13, EVENTNO=16)
    - [WARNING] BEHAV: Calf-associated behavior(s) 40 recorded but no calf present (rows 133, EVENTNO=217)
    - [WARNING] BEHAV: Calf-associated behavior(s) 40 recorded but no calf present (rows 138, EVENTNO=227)
    - [WARNING] BEHAV: Calf-associated behavior(s) 40 recorded but no calf present (rows 149, EVENTNO=246)
    - [WARNING] BEHAV: Calf-associated behavior(s) 40 recorded but no calf present (rows 238, EVENTNO=380)
    - [WARNING] BEHAV: Calf-associated behavior(s) 40 recorded but no calf present (rows 245, EVENTNO=388)
    - [WARNING] BEHAV: Calf-associated behavior(s) 40 recorded but no calf present (rows 285, EVENTNO=439)
    - [WARNING] BEHAV: Calf-associated behavior(s) 40 recorded but no calf present (rows 320, EVENTNO=507)
--------------------------------------------------------------------------------

[29-Jun-2026 11:49:39] o112921
Type: Validation error
Error: Validation failed: 0 errors, 11 warnings (0 acknowledged, 11 new)
ID: Ingestion:ValidationFailed
Location: BatchUploader.uploadSurvey (line 376)
Validation Details:
  Errors: 0
  Warnings: 11
  Details:
    - [WARNING] BEHAV: Calf-associated behavior(s) 40 recorded but no calf present (rows 14, EVENTNO=14)
    - [WARNING] BEHAV: Calf-associated behavior(s) 40 recorded but no calf present (rows 47, EVENTNO=47)
    - [WARNING] BEHAV: Calf-associated behavior(s) 40 recorded but no calf present (rows 116, EVENTNO=116)
    - [WARNING] BEHAV: Calf-associated behavior(s) 40 recorded but no calf present (rows 148, EVENTNO=148)
    - [WARNING] BEHAV: Calf-associated behavior(s) 40 recorded but no calf present (rows 152, EVENTNO=152)
    - [WARNING] BEHAV: Calf-associated behavior(s) 40 recorded but no calf present (rows 153, EVENTNO=153)
    - [WARNING] BEHAV: Calf-associated behavior(s) 40 recorded but no calf present (rows 174, EVENTNO=174)
    - [WARNING] BEHAV: Calf-associated behavior(s) 40 recorded but no calf present (rows 175, EVENTNO=175)
    - [WARNING] BEHAV: Calf-associated behavior(s) 40 recorded but no calf present (rows 182, EVENTNO=182)
    - [WARNING] BEHAV: Calf-associated behavior(s) 40 recorded but no calf present (rows 186, EVENTNO=186)
    - [WARNING] BEHAV: Calf-associated behavior(s) 40 recorded but no calf present (rows 187, EVENTNO=187)
--------------------------------------------------------------------------------

[29-Jun-2026 11:49:40] o112971
Type: Validation error
Error: Validation failed: 0 errors, 2 warnings (0 acknowledged, 2 new)
ID: Ingestion:ValidationFailed
Location: BatchUploader.uploadSurvey (line 376)
Validation Details:
  Errors: 0
  Warnings: 2
  Details:
    - [WARNING] NUMCALF: NUMCALF (1) is more than half of NUMBER (1) - verify count (rows 116, EVENTNO=120)
    - [WARNING] BEHAV: Calf-associated behavior(s) 40 recorded but no calf present (rows 123, EVENTNO=127)
--------------------------------------------------------------------------------

[29-Jun-2026 11:49:41] o113921
Type: Validation error
Error: Validation failed: 0 errors, 22 warnings (0 acknowledged, 22 new)
ID: Ingestion:ValidationFailed
Location: BatchUploader.uploadSurvey (line 376)
Validation Details:
  Errors: 0
  Warnings: 22
  Details:
    - [WARNING] BEHAV: Calf-associated behavior(s) 40 recorded but no calf present (rows 6, EVENTNO=6)
    - [WARNING] BEHAV: Calf-associated behavior(s) 40 recorded but no calf present (rows 7, EVENTNO=7)
    - [WARNING] BEHAV: Calf-associated behavior(s) 40 recorded but no calf present (rows 9, EVENTNO=9)
    - [WARNING] BEHAV: Calf-associated behavior(s) 40 recorded but no calf present (rows 10, EVENTNO=10)
    - [WARNING] BEHAV: Calf-associated behavior(s) 40 recorded but no calf present (rows 12, EVENTNO=13)
    - [WARNING] BEHAV: Calf-associated behavior(s) 40 recorded but no calf present (rows 15, EVENTNO=16)
    - [WARNING] BEHAV: Calf-associated behavior(s) 40 recorded but no calf present (rows 30, EVENTNO=31)
    - [WARNING] BEHAV: Calf-associated behavior(s) 40 recorded but no calf present (rows 54, EVENTNO=55)
    - [WARNING] BEHAV: Calf-associated behavior(s) 40 recorded but no calf present (rows 59, EVENTNO=60)
    - [WARNING] BEHAV: Calf-associated behavior(s) 40 recorded but no calf present (rows 60, EVENTNO=61)
    - [WARNING] BEHAV: Calf-associated behavior(s) 40 recorded but no calf present (rows 68, EVENTNO=69)
    - [WARNING] BEHAV: Calf-associated behavior(s) 40 recorded but no calf present (rows 105, EVENTNO=106)
    - [WARNING] BEHAV: Calf-associated behavior(s) 40 recorded but no calf present (rows 106, EVENTNO=107)
    - [WARNING] BEHAV: Calf-associated behavior(s) 40 recorded but no calf present (rows 110, EVENTNO=111)
    - [WARNING] BEHAV: Calf-associated behavior(s) 40 recorded but no calf present (rows 111, EVENTNO=112)
    - [WARNING] BEHAV: Calf-associated behavior(s) 40 recorded but no calf present (rows 123, EVENTNO=124)
    - [WARNING] BEHAV: Calf-associated behavior(s) 40 recorded but no calf present (rows 124, EVENTNO=125)
    - [WARNING] BEHAV: Calf-associated behavior(s) 40 recorded but no calf present (rows 133, EVENTNO=134)
    - [WARNING] BEHAV: Calf-associated behavior(s) 40 recorded but no calf present (rows 139, EVENTNO=140)
    - [WARNING] BEHAV: Calf-associated behavior(s) 40 recorded but no calf present (rows 171, EVENTNO=172)
    - [WARNING] BEHAV: Calf-associated behavior(s) 40 recorded but no calf present (rows 175, EVENTNO=176)
    - [WARNING] BEHAV: Calf-associated behavior(s) 40 recorded but no calf present (rows 183, EVENTNO=184)
--------------------------------------------------------------------------------

[29-Jun-2026 11:49:41] o114921
Type: Validation error
Error: Validation failed: 0 errors, 7 warnings (0 acknowledged, 7 new)
ID: Ingestion:ValidationFailed
Location: BatchUploader.uploadSurvey (line 376)
Validation Details:
  Errors: 0
  Warnings: 7
  Details:
    - [WARNING] BEHAV: Calf-associated behavior(s) 40 recorded but no calf present (rows 22, EVENTNO=22)
    - [WARNING] BEHAV: Calf-associated behavior(s) 40 recorded but no calf present (rows 34, EVENTNO=34)
    - [WARNING] BEHAV: Calf-associated behavior(s) 40 recorded but no calf present (rows 68, EVENTNO=68)
    - [WARNING] BEHAV: Calf-associated behavior(s) 40 recorded but no calf present (rows 92, EVENTNO=92)
    - [WARNING] BEHAV: Calf-associated behavior(s) 40 recorded but no calf present (rows 94, EVENTNO=94)
    - [WARNING] BEHAV: Calf-associated behavior(s) 40 recorded but no calf present (rows 97, EVENTNO=97)
    - [WARNING] BEHAV: Calf-associated behavior(s) 40 recorded but no calf present (rows 98, EVENTNO=98)
--------------------------------------------------------------------------------

[29-Jun-2026 11:49:42] o114971
Type: Validation error
Error: Validation failed: 0 errors, 8 warnings (0 acknowledged, 8 new)
ID: Ingestion:ValidationFailed
Location: BatchUploader.uploadSurvey (line 376)
Validation Details:
  Errors: 0
  Warnings: 8
  Details:
    - [WARNING] NUMCALF: NUMCALF (1) is more than half of NUMBER (1) - verify count (rows 6, EVENTNO=6)
    - [WARNING] BEHAV: Calf-associated behavior(s) 40 recorded but no calf present (rows 1, EVENTNO=1)
    - [WARNING] BEHAV: Calf-associated behavior(s) 40 recorded but no calf present (rows 13, EVENTNO=13)
    - [WARNING] BEHAV: Calf-associated behavior(s) 40 recorded but no calf present (rows 24, EVENTNO=24)
    - [WARNING] BEHAV: Calf-associated behavior(s) 40 recorded but no calf present (rows 25, EVENTNO=25)
    - [WARNING] BEHAV: Calf-associated behavior(s) 40 recorded but no calf present (rows 40, EVENTNO=40)
    - [WARNING] BEHAV: Calf-associated behavior(s) 40 recorded but no calf present (rows 46, EVENTNO=46)
    - [WARNING] BEHAV: Calf-associated behavior(s) 40 recorded but no calf present (rows 49, EVENTNO=49)
--------------------------------------------------------------------------------

[29-Jun-2026 11:49:43] o115911
Type: Validation error
Error: Validation failed: 1 errors, 14 warnings (0 acknowledged, 14 new)
ID: Ingestion:ValidationFailed
Location: BatchUploader.uploadSurvey (line 376)
Validation Details:
  Errors: 1
  Warnings: 14
  Details:
    - [ERROR] DAY: Required field DAY cannot be NULL or empty (rows [5;236;237;238;239;240;241;242;243;244;245;246;275])
    - [WARNING] NUMCALF: NUMCALF (1) is more than half of NUMBER (1) - verify count (rows 8, EVENTNO=11)
    - [WARNING] NUMCALF: NUMCALF (1) is more than half of NUMBER (1) - verify count (rows 9, EVENTNO=12)
    - [WARNING] NUMCALF: NUMCALF (1) is more than half of NUMBER (1) - verify count (rows 14, EVENTNO=17)
    - [WARNING] NUMCALF: NUMCALF (1) is more than half of NUMBER (1) - verify count (rows 200, EVENTNO=464)
    - [WARNING] NUMCALF: NUMCALF (1) is more than half of NUMBER (1) - verify count (rows 235, EVENTNO=506)
    - [WARNING] NUMCALF: NUMCALF (1) is more than half of NUMBER (1) - verify count (rows 260, EVENTNO=543)
    - [WARNING] NUMCALF: NUMCALF (1) is more than half of NUMBER (1) - verify count (rows 261, EVENTNO=544)
    - [WARNING] NUMCALF: NUMCALF (1) is more than half of NUMBER (1) - verify count (rows 289, EVENTNO=582)
    - [WARNING] NUMCALF: NUMCALF (1) is more than half of NUMBER (1) - verify count (rows 302, EVENTNO=600)
    - [WARNING] NUMCALF: NUMCALF (1) is more than half of NUMBER (1) - verify count (rows 303, EVENTNO=601)
    - [WARNING] NUMCALF: NUMCALF (1) is more than half of NUMBER (1) - verify count (rows 586, EVENTNO=1040)
    - [WARNING] BEHAV: Calf-associated behavior(s) 40 recorded but no calf present (rows 413, EVENTNO=765)
    - [WARNING] BEHAV: Calf-associated behavior(s) 40 recorded but no calf present (rows 480, EVENTNO=852)
    - [WARNING] BEHAV: Calf-associated behavior(s) 40 recorded but no calf present (rows 635, EVENTNO=1107)
--------------------------------------------------------------------------------

[29-Jun-2026 11:49:44] o115921
Type: Validation error
Error: Validation failed: 0 errors, 14 warnings (0 acknowledged, 14 new)
ID: Ingestion:ValidationFailed
Location: BatchUploader.uploadSurvey (line 376)
Validation Details:
  Errors: 0
  Warnings: 14
  Details:
    - [WARNING] BEHAV: Calf-associated behavior(s) 40 recorded but no calf present (rows 34, EVENTNO=35)
    - [WARNING] BEHAV: Calf-associated behavior(s) 40 recorded but no calf present (rows 103, EVENTNO=107)
    - [WARNING] BEHAV: Calf-associated behavior(s) 40 recorded but no calf present (rows 144, EVENTNO=149)
    - [WARNING] BEHAV: Calf-associated behavior(s) 40 recorded but no calf present (rows 145, EVENTNO=150)
    - [WARNING] BEHAV: Calf-associated behavior(s) 40 recorded but no calf present (rows 149, EVENTNO=154)
    - [WARNING] BEHAV: Calf-associated behavior(s) 40 recorded but no calf present (rows 150, EVENTNO=155)
    - [WARNING] BEHAV: Calf-associated behavior(s) 40 recorded but no calf present (rows 157, EVENTNO=162)
    - [WARNING] BEHAV: Calf-associated behavior(s) 40 recorded but no calf present (rows 164, EVENTNO=169)
    - [WARNING] BEHAV: Calf-associated behavior(s) 40 recorded but no calf present (rows 165, EVENTNO=170)
    - [WARNING] BEHAV: Calf-associated behavior(s) 40 recorded but no calf present (rows 171, EVENTNO=176)
    - [WARNING] BEHAV: Calf-associated behavior(s) 40 recorded but no calf present (rows 191, EVENTNO=198)
    - [WARNING] BEHAV: Calf-associated behavior(s) 40 recorded but no calf present (rows 192, EVENTNO=199)
    - [WARNING] BEHAV: Calf-associated behavior(s) 40 recorded but no calf present (rows 195, EVENTNO=202)
    - [WARNING] BEHAV: Calf-associated behavior(s) 40 recorded but no calf present (rows 202, EVENTNO=210)
--------------------------------------------------------------------------------

[29-Jun-2026 11:49:44] o116911
Type: Validation error
Error: Validation failed: 0 errors, 6 warnings (0 acknowledged, 6 new)
ID: Ingestion:ValidationFailed
Location: BatchUploader.uploadSurvey (line 376)
Validation Details:
  Errors: 0
  Warnings: 6
  Details:
    - [WARNING] NUMCALF: NUMCALF (1) is more than half of NUMBER (1) - verify count (rows 38, EVENTNO=66)
    - [WARNING] NUMCALF: NUMCALF (1) is more than half of NUMBER (1) - verify count (rows 66, EVENTNO=102)
    - [WARNING] NUMCALF: NUMCALF (1) is more than half of NUMBER (1) - verify count (rows 207, EVENTNO=287)
    - [WARNING] NUMCALF: NUMCALF (1) is more than half of NUMBER (1) - verify count (rows 208, EVENTNO=288)
    - [WARNING] NUMCALF: NUMCALF (1) is more than half of NUMBER (1) - verify count (rows 209, EVENTNO=289)
    - [WARNING] NUMCALF: NUMCALF (1) is more than half of NUMBER (1) - verify count (rows 212, EVENTNO=292)
--------------------------------------------------------------------------------

[29-Jun-2026 11:49:45] o116921
Type: Validation error
Error: Validation failed: 0 errors, 8 warnings (0 acknowledged, 8 new)
ID: Ingestion:ValidationFailed
Location: BatchUploader.uploadSurvey (line 376)
Validation Details:
  Errors: 0
  Warnings: 8
  Details:
    - [WARNING] BEHAV: Calf-associated behavior(s) 40 recorded but no calf present (rows 6, EVENTNO=6)
    - [WARNING] BEHAV: Calf-associated behavior(s) 40 recorded but no calf present (rows 41, EVENTNO=45)
    - [WARNING] BEHAV: Calf-associated behavior(s) 40 recorded but no calf present (rows 43, EVENTNO=47)
    - [WARNING] BEHAV: Calf-associated behavior(s) 40 recorded but no calf present (rows 57, EVENTNO=61)
    - [WARNING] BEHAV: Calf-associated behavior(s) 40 recorded but no calf present (rows 58, EVENTNO=62)
    - [WARNING] BEHAV: Calf-associated behavior(s) 40 recorded but no calf present (rows 61, EVENTNO=65)
    - [WARNING] BEHAV: Calf-associated behavior(s) 40 recorded but no calf present (rows 62, EVENTNO=66)
    - [WARNING] BEHAV: Calf-associated behavior(s) 40 recorded but no calf present (rows 121, EVENTNO=128)
--------------------------------------------------------------------------------

[29-Jun-2026 11:49:46] o117001
Type: Validation error
Error: Validation failed: 1 errors, 10 warnings (0 acknowledged, 10 new)
ID: Ingestion:ValidationFailed
Location: BatchUploader.uploadSurvey (line 376)
Validation Details:
  Errors: 1
  Warnings: 10
  Details:
    - [ERROR] DAY: Required field DAY cannot be NULL or empty (rows [26;27;31;32;38;57;58])
    - [WARNING] LAT_DD: Latitude outside typical survey area [20.0, 55.0] (rows 58, EVENTNO=58)
    - [WARNING] LAT_DD: Latitude outside typical survey area [20.0, 55.0] (rows 60, EVENTNO=60)
    - [WARNING] LAT_DD: Latitude outside typical survey area [20.0, 55.0] (rows 61, EVENTNO=61)
    - [WARNING] LONG_DD: Longitude outside typical survey area [-85.0, -40.0] (rows 54, EVENTNO=54)
    - [WARNING] LONG_DD: Longitude outside typical survey area [-85.0, -40.0] (rows 57, EVENTNO=57)
    - [WARNING] LONG_DD: Longitude outside typical survey area [-85.0, -40.0] (rows 58, EVENTNO=58)
    - [WARNING] LONG_DD: Longitude outside typical survey area [-85.0, -40.0] (rows 59, EVENTNO=59)
    - [WARNING] LONG_DD: Longitude outside typical survey area [-85.0, -40.0] (rows 60, EVENTNO=60)
    - [WARNING] LONG_DD: Longitude outside typical survey area [-85.0, -40.0] (rows 61, EVENTNO=61)
    - [WARNING] BEHAV: Calf-associated behavior(s) 40 recorded but no calf present (rows 24, EVENTNO=24)
--------------------------------------------------------------------------------

[29-Jun-2026 11:49:47] o117911
Type: Validation error
Error: Validation failed: 3 errors, 2 warnings (0 acknowledged, 2 new)
ID: Ingestion:ValidationFailed
Location: BatchUploader.uploadSurvey (line 376)
Validation Details:
  Errors: 3
  Warnings: 2
  Details:
    - [ERROR] MONTH: Required field MONTH cannot be NULL or empty (rows 1)
    - [ERROR] DAY: Required field DAY cannot be NULL or empty (rows 1)
    - [ERROR] YEAR: YEAR outside valid range [1970, 2027] (rows 1)
    - [WARNING] NUMCALF: NUMCALF (1) is more than half of NUMBER (1) - verify count (rows 21, EVENTNO=23)
    - [WARNING] NUMCALF: NUMCALF (1) is more than half of NUMBER (1) - verify count (rows 232, EVENTNO=330)
--------------------------------------------------------------------------------

[29-Jun-2026 11:49:47] o117921
Type: Validation error
Error: Validation failed: 0 errors, 3 warnings (0 acknowledged, 3 new)
ID: Ingestion:ValidationFailed
Location: BatchUploader.uploadSurvey (line 376)
Validation Details:
  Errors: 0
  Warnings: 3
  Details:
    - [WARNING] BEHAV: Calf-associated behavior(s) 40 recorded but no calf present (rows 26, EVENTNO=26)
    - [WARNING] BEHAV: Calf-associated behavior(s) 40 recorded but no calf present (rows 116, EVENTNO=117)
    - [WARNING] BEHAV: Calf-associated behavior(s) 40 recorded but no calf present (rows 158, EVENTNO=159)
--------------------------------------------------------------------------------

[29-Jun-2026 11:49:48] o118911
Type: Validation error
Error: Validation failed: 1 errors, 0 warnings (0 acknowledged, 0 new)
ID: Ingestion:ValidationFailed
Location: BatchUploader.uploadSurvey (line 376)
Validation Details:
  Errors: 1
  Warnings: 0
  Details:
    - [ERROR] YEAR: YEAR outside valid range [1970, 2027] (rows 1)
--------------------------------------------------------------------------------

[29-Jun-2026 11:49:49] o118921
Type: Validation error
Error: Validation failed: 0 errors, 2 warnings (0 acknowledged, 2 new)
ID: Ingestion:ValidationFailed
Location: BatchUploader.uploadSurvey (line 376)
Validation Details:
  Errors: 0
  Warnings: 2
  Details:
    - [WARNING] LAT_DD: Latitude outside typical survey area [20.0, 55.0] (rows 422, EVENTNO=435)
    - [WARNING] LONG_DD: Longitude outside typical survey area [-85.0, -40.0] (rows 422, EVENTNO=435)
--------------------------------------------------------------------------------

[29-Jun-2026 11:49:50] o119911
Type: Validation error
Error: Validation failed: 1 errors, 23 warnings (0 acknowledged, 23 new)
ID: Ingestion:ValidationFailed
Location: BatchUploader.uploadSurvey (line 376)
Validation Details:
  Errors: 1
  Warnings: 23
  Details:
    - [ERROR] YEAR: YEAR outside valid range [1970, 2027] (rows [1;2;3;4;5;6;7;8])
    - [WARNING] LAT_DD: Latitude outside typical survey area [20.0, 55.0] (rows 373, EVENTNO=478)
    - [WARNING] LONG_DD: Longitude outside typical survey area [-85.0, -40.0] (rows 226, EVENTNO=286)
    - [WARNING] LONG_DD: Longitude outside typical survey area [-85.0, -40.0] (rows 373, EVENTNO=478)
    - [WARNING] LONG_DD: Longitude outside typical survey area [-85.0, -40.0] (rows 521, EVENTNO=680)
    - [WARNING] BEHAV: Calf-associated behavior(s) 40 recorded but no calf present (rows 10, EVENTNO=16)
    - [WARNING] BEHAV: Calf-associated behavior(s) 40 recorded but no calf present (rows 12, EVENTNO=18)
    - [WARNING] BEHAV: Calf-associated behavior(s) 40 recorded but no calf present (rows 13, EVENTNO=20)
    - [WARNING] BEHAV: Calf-associated behavior(s) 40 recorded but no calf present (rows 14, EVENTNO=22)
    - [WARNING] BEHAV: Calf-associated behavior(s) 40 recorded but no calf present (rows 16, EVENTNO=25)
    - [WARNING] BEHAV: Calf-associated behavior(s) 40 recorded but no calf present (rows 17, EVENTNO=27)
    - [WARNING] BEHAV: Calf-associated behavior(s) 40 recorded but no calf present (rows 20, EVENTNO=33)
    - [WARNING] BEHAV: Calf-associated behavior(s) 40 recorded but no calf present (rows 24, EVENTNO=38)
    - [WARNING] BEHAV: Calf-associated behavior(s) 40 recorded but no calf present (rows 26, EVENTNO=40)
    - [WARNING] BEHAV: Calf-associated behavior(s) 40 recorded but no calf present (rows 60, EVENTNO=76)
    - [WARNING] BEHAV: Calf-associated behavior(s) [40 42] recorded but no calf present (rows 83, EVENTNO=111)
    - [WARNING] BEHAV: Calf-associated behavior(s) 40 recorded but no calf present (rows 98, EVENTNO=133)
    - [WARNING] BEHAV: Calf-associated behavior(s) 40 recorded but no calf present (rows 392, EVENTNO=500)
    - [WARNING] BEHAV: Calf-associated behavior(s) 40 recorded but no calf present (rows 393, EVENTNO=502)
    - [WARNING] BEHAV: Calf-associated behavior(s) 40 recorded but no calf present (rows 395, EVENTNO=505)
    - [WARNING] BEHAV: Calf-associated behavior(s) 40 recorded but no calf present (rows 397, EVENTNO=509)
    - [WARNING] BEHAV: Calf-associated behavior(s) 40 recorded but no calf present (rows 399, EVENTNO=513)
    - [WARNING] BEHAV: Calf-associated behavior(s) 40 recorded but no calf present (rows 400, EVENTNO=515)
    - [WARNING] BEHAV: Calf-associated behavior(s) 40 recorded but no calf present (rows 550, EVENTNO=711)
--------------------------------------------------------------------------------

[29-Jun-2026 11:49:51] o119921
Type: Validation error
Error: Validation failed: 0 errors, 12 warnings (0 acknowledged, 12 new)
ID: Ingestion:ValidationFailed
Location: BatchUploader.uploadSurvey (line 376)
Validation Details:
  Errors: 0
  Warnings: 12
  Details:
    - [WARNING] BEHAV: Calf-associated behavior(s) 40 recorded but no calf present (rows 1, EVENTNO=1)
    - [WARNING] BEHAV: Calf-associated behavior(s) 40 recorded but no calf present (rows 13, EVENTNO=19)
    - [WARNING] BEHAV: Calf-associated behavior(s) 40 recorded but no calf present (rows 29, EVENTNO=35)
    - [WARNING] BEHAV: Calf-associated behavior(s) 40 recorded but no calf present (rows 41, EVENTNO=47)
    - [WARNING] BEHAV: Calf-associated behavior(s) 40 recorded but no calf present (rows 42, EVENTNO=48)
    - [WARNING] BEHAV: Calf-associated behavior(s) 40 recorded but no calf present (rows 60, EVENTNO=78)
    - [WARNING] BEHAV: Calf-associated behavior(s) 40 recorded but no calf present (rows 68, EVENTNO=86)
    - [WARNING] BEHAV: Calf-associated behavior(s) 40 recorded but no calf present (rows 121, EVENTNO=139)
    - [WARNING] BEHAV: Calf-associated behavior(s) 40 recorded but no calf present (rows 127, EVENTNO=145)
    - [WARNING] BEHAV: Calf-associated behavior(s) 40 recorded but no calf present (rows 154, EVENTNO=172)
    - [WARNING] BEHAV: Calf-associated behavior(s) 40 recorded but no calf present (rows 157, EVENTNO=175)
    - [WARNING] BEHAV: Calf-associated behavior(s) 40 recorded but no calf present (rows 240, EVENTNO=260)
--------------------------------------------------------------------------------

[29-Jun-2026 11:49:51] o120911
Type: Validation error
Error: Validation failed: 0 errors, 25 warnings (0 acknowledged, 25 new)
ID: Ingestion:ValidationFailed
Location: BatchUploader.uploadSurvey (line 376)
Validation Details:
  Errors: 0
  Warnings: 25
  Details:
    - [WARNING] LONG_DD: Longitude outside typical survey area [-85.0, -40.0] (rows 205, EVENTNO=272)
    - [WARNING] LONG_DD: Longitude outside typical survey area [-85.0, -40.0] (rows 206, EVENTNO=274)
    - [WARNING] LONG_DD: Longitude outside typical survey area [-85.0, -40.0] (rows 208, EVENTNO=278)
    - [WARNING] LONG_DD: Longitude outside typical survey area [-85.0, -40.0] (rows 209, EVENTNO=279)
    - [WARNING] BEHAV: Calf-associated behavior(s) 40 recorded but no calf present (rows 1, EVENTNO=1)
    - [WARNING] BEHAV: Calf-associated behavior(s) 40 recorded but no calf present (rows 74, EVENTNO=94)
    - [WARNING] BEHAV: Calf-associated behavior(s) 40 recorded but no calf present (rows 76, EVENTNO=96)
    - [WARNING] BEHAV: Calf-associated behavior(s) 40 recorded but no calf present (rows 77, EVENTNO=97)
    - [WARNING] BEHAV: Calf-associated behavior(s) 40 recorded but no calf present (rows 78, EVENTNO=99)
    - [WARNING] BEHAV: Calf-associated behavior(s) 40 recorded but no calf present (rows 79, EVENTNO=100)
    - [WARNING] BEHAV: Calf-associated behavior(s) 40 recorded but no calf present (rows 158, EVENTNO=203)
    - [WARNING] BEHAV: Calf-associated behavior(s) [40 42] recorded but no calf present (rows 175, EVENTNO=224)
    - [WARNING] BEHAV: Calf-associated behavior(s) 40 recorded but no calf present (rows 190, EVENTNO=247)
    - [WARNING] BEHAV: Calf-associated behavior(s) 40 recorded but no calf present (rows 198, EVENTNO=261)
    - [WARNING] BEHAV: Calf-associated behavior(s) 40 recorded but no calf present (rows 201, EVENTNO=264)
    - [WARNING] BEHAV: Calf-associated behavior(s) 40 recorded but no calf present (rows 202, EVENTNO=266)
    - [WARNING] BEHAV: Calf-associated behavior(s) 40 recorded but no calf present (rows 203, EVENTNO=268)
    - [WARNING] BEHAV: Calf-associated behavior(s) 40 recorded but no calf present (rows 204, EVENTNO=270)
    - [WARNING] BEHAV: Calf-associated behavior(s) 40 recorded but no calf present (rows 205, EVENTNO=272)
    - [WARNING] BEHAV: Calf-associated behavior(s) 40 recorded but no calf present (rows 206, EVENTNO=274)
    - [WARNING] BEHAV: Calf-associated behavior(s) 40 recorded but no calf present (rows 207, EVENTNO=276)
    - [WARNING] BEHAV: Calf-associated behavior(s) 40 recorded but no calf present (rows 209, EVENTNO=279)
    - [WARNING] BEHAV: Calf-associated behavior(s) 40 recorded but no calf present (rows 210, EVENTNO=281)
    - [WARNING] BEHAV: Calf-associated behavior(s) 40 recorded but no calf present (rows 211, EVENTNO=283)
    - [WARNING] BEHAV: Calf-associated behavior(s) 40 recorded but no calf present (rows 212, EVENTNO=285)
--------------------------------------------------------------------------------

[29-Jun-2026 11:49:52] o120921
Type: Validation error
Error: Validation failed: 0 errors, 4 warnings (0 acknowledged, 4 new)
ID: Ingestion:ValidationFailed
Location: BatchUploader.uploadSurvey (line 376)
Validation Details:
  Errors: 0
  Warnings: 4
  Details:
    - [WARNING] BEHAV: Calf-associated behavior(s) 40 recorded but no calf present (rows 89, EVENTNO=90)
    - [WARNING] BEHAV: Calf-associated behavior(s) 40 recorded but no calf present (rows 108, EVENTNO=109)
    - [WARNING] BEHAV: Calf-associated behavior(s) 40 recorded but no calf present (rows 115, EVENTNO=116)
    - [WARNING] BEHAV: Calf-associated behavior(s) 40 recorded but no calf present (rows 131, EVENTNO=132)
--------------------------------------------------------------------------------

[29-Jun-2026 11:49:53] o120991
Type: Validation error
Error: Validation failed: 3 errors, 7 warnings (0 acknowledged, 7 new)
ID: Ingestion:ValidationFailed
Location: BatchUploader.uploadSurvey (line 376)
Validation Details:
  Errors: 3
  Warnings: 7
  Details:
    - [ERROR] MONTH: Required field MONTH cannot be NULL or empty (rows [3;4])
    - [ERROR] DAY: Required field DAY cannot be NULL or empty (rows [2;3;4;8])
    - [ERROR] YEAR: YEAR outside valid range [1970, 2027] (rows [1;2;3])
    - [WARNING] LAT_DD: Latitude outside typical survey area [20.0, 55.0] (rows 2, EVENTNO=2)
    - [WARNING] LAT_DD: Latitude outside typical survey area [20.0, 55.0] (rows 4, EVENTNO=4)
    - [WARNING] LONG_DD: Longitude outside typical survey area [-85.0, -40.0] (rows 1, EVENTNO=1)
    - [WARNING] LONG_DD: Longitude outside typical survey area [-85.0, -40.0] (rows 2, EVENTNO=2)
    - [WARNING] LONG_DD: Longitude outside typical survey area [-85.0, -40.0] (rows 3, EVENTNO=3)
    - [WARNING] LONG_DD: Longitude outside typical survey area [-85.0, -40.0] (rows 4, EVENTNO=4)
    - [WARNING] LONG_DD: Longitude outside typical survey area [-85.0, -40.0] (rows 12, EVENTNO=12)
--------------------------------------------------------------------------------

[29-Jun-2026 11:49:53] o121126
Type: Validation error
Error: Validation failed: 1 errors, 0 warnings (0 acknowledged, 0 new)
ID: Ingestion:ValidationFailed
Location: BatchUploader.uploadSurvey (line 376)
Validation Details:
  Errors: 1
  Warnings: 0
  Details:
    - [ERROR] TAXCODE: TAXCODE mismatch: got 4, expected 9 for SPECCODE "UNMM" (rows 16)
--------------------------------------------------------------------------------

[29-Jun-2026 11:49:54] o121911
Type: Validation error
Error: Validation failed: 1 errors, 7 warnings (0 acknowledged, 7 new)
ID: Ingestion:ValidationFailed
Location: BatchUploader.uploadSurvey (line 376)
Validation Details:
  Errors: 1
  Warnings: 7
  Details:
    - [ERROR] CONFIDNC: CONFIDNC contains invalid value(s) not in CONFIDNC lookup table: 90 (rows 444)
    - [WARNING] LONG_DD: Longitude outside typical survey area [-85.0, -40.0] (rows 530, EVENTNO=695)
    - [WARNING] NUMCALF: NUMCALF (1) is more than half of NUMBER (1) - verify count (rows 515, EVENTNO=680)
    - [WARNING] NUMCALF: NUMCALF (1) is more than half of NUMBER (1) - verify count (rows 516, EVENTNO=681)
    - [WARNING] NUMCALF: NUMCALF (1) is more than half of NUMBER (1) - verify count (rows 517, EVENTNO=682)
    - [WARNING] NUMCALF: NUMCALF (1) is more than half of NUMBER (1) - verify count (rows 528, EVENTNO=693)
    - [WARNING] NUMCALF: NUMCALF (1) is more than half of NUMBER (1) - verify count (rows 529, EVENTNO=694)
    - [WARNING] NUMCALF: NUMCALF (1) is more than half of NUMBER (1) - verify count (rows 530, EVENTNO=695)
--------------------------------------------------------------------------------

[29-Jun-2026 11:49:55] o121921a
Type: Validation error
Error: Validation failed: 1 errors, 16 warnings (0 acknowledged, 16 new)
ID: Ingestion:ValidationFailed
Location: BatchUploader.uploadSurvey (line 376)
Validation Details:
  Errors: 1
  Warnings: 16
  Details:
    - [ERROR] PLATFORM: PLATFORM contains invalid value(s) not in PLATFORM lookup table: [329 330 332 644 70] ... (+1 more values) (+62 more rows) (rows [1;2;4;6;17])
    - [WARNING] BEHAV: Calf-associated behavior(s) 40 recorded but no calf present (rows 31, EVENTNO=32)
    - [WARNING] BEHAV: Calf-associated behavior(s) 40 recorded but no calf present (rows 48, EVENTNO=57)
    - [WARNING] BEHAV: Calf-associated behavior(s) 40 recorded but no calf present (rows 53, EVENTNO=62)
    - [WARNING] BEHAV: Calf-associated behavior(s) 40 recorded but no calf present (rows 68, EVENTNO=77)
    - [WARNING] BEHAV: Calf-associated behavior(s) 40 recorded but no calf present (rows 73, EVENTNO=82)
    - [WARNING] BEHAV: Calf-associated behavior(s) 40 recorded but no calf present (rows 107, EVENTNO=116)
    - [WARNING] BEHAV: Calf-associated behavior(s) 40 recorded but no calf present (rows 110, EVENTNO=119)
    - [WARNING] BEHAV: Calf-associated behavior(s) 40 recorded but no calf present (rows 114, EVENTNO=123)
    - [WARNING] BEHAV: Calf-associated behavior(s) 40 recorded but no calf present (rows 119, EVENTNO=128)
    - [WARNING] BEHAV: Calf-associated behavior(s) 40 recorded but no calf present (rows 163, EVENTNO=172)
    - [WARNING] BEHAV: Calf-associated behavior(s) 40 recorded but no calf present (rows 201, EVENTNO=210)
    - [WARNING] BEHAV: Calf-associated behavior(s) 40 recorded but no calf present (rows 205, EVENTNO=214)
    - [WARNING] BEHAV: Calf-associated behavior(s) 40 recorded but no calf present (rows 212, EVENTNO=221)
    - [WARNING] BEHAV: Calf-associated behavior(s) 40 recorded but no calf present (rows 213, EVENTNO=222)
    - [WARNING] BEHAV: Calf-associated behavior(s) 40 recorded but no calf present (rows 254, EVENTNO=263)
    - [WARNING] BEHAV: Calf-associated behavior(s) 40 recorded but no calf present (rows 277, EVENTNO=286)
--------------------------------------------------------------------------------

[29-Jun-2026 11:49:57] o122911
Type: Validation error
Error: Validation failed: 1 errors, 13 warnings (0 acknowledged, 13 new)
ID: Ingestion:ValidationFailed
Location: BatchUploader.uploadSurvey (line 376)
Validation Details:
  Errors: 1
  Warnings: 13
  Details:
    - [ERROR] BEHAV: Incompatible behaviors recorded: Dead/stranded animal cannot have active swimming behavior (rows 240)
    - [WARNING] LONG_DD: Longitude outside typical survey area [-85.0, -40.0] (rows 30, EVENTNO=39)
    - [WARNING] NUMCALF: NUMCALF (1) is more than half of NUMBER (1) - verify count (rows 282, EVENTNO=344)
    - [WARNING] NUMCALF: NUMCALF (1) is more than half of NUMBER (1) - verify count (rows 619, EVENTNO=770)
    - [WARNING] NUMCALF: NUMCALF (1) is more than half of NUMBER (1) - verify count (rows 824, EVENTNO=1017)
    - [WARNING] NUMCALF: NUMCALF (1) is more than half of NUMBER (1) - verify count (rows 889, EVENTNO=1097)
    - [WARNING] NUMCALF: NUMCALF (1) is more than half of NUMBER (1) - verify count (rows 900, EVENTNO=1110)
    - [WARNING] NUMCALF: NUMCALF (1) is more than half of NUMBER (1) - verify count (rows 972, EVENTNO=1188)
    - [WARNING] NUMCALF: NUMCALF (1) is more than half of NUMBER (1) - verify count (rows 983, EVENTNO=1200)
    - [WARNING] NUMCALF: NUMCALF (1) is more than half of NUMBER (1) - verify count (rows 1034, EVENTNO=1264)
    - [WARNING] NUMCALF: NUMCALF (1) is more than half of NUMBER (1) - verify count (rows 1185, EVENTNO=1433)
    - [WARNING] NUMCALF: NUMCALF (1) is more than half of NUMBER (1) - verify count (rows 1191, EVENTNO=1440)
    - [WARNING] NUMCALF: NUMCALF (1) is more than half of NUMBER (1) - verify count (rows 1192, EVENTNO=1441)
    - [WARNING] BEHAV: Calf-associated behavior(s) 40 recorded but no calf present (rows 1299, EVENTNO=1569)
--------------------------------------------------------------------------------

[29-Jun-2026 11:49:58] o122921
Type: Validation error
Error: Validation failed: 1 errors, 11 warnings (0 acknowledged, 11 new)
ID: Ingestion:ValidationFailed
Location: BatchUploader.uploadSurvey (line 376)
Validation Details:
  Errors: 1
  Warnings: 11
  Details:
    - [ERROR] PLATFORM: PLATFORM contains invalid value(s) not in PLATFORM lookup table: [351 336 332 338 333] ... (+4 more values) (+54 more rows) (rows [3;6;50;54;57])
    - [WARNING] NUMBER: NUMBER=58 exceeds threshold 50 for SPECCODE=RIWH (source: TAXCODE 1 default). Verify count. (rows 251, EVENTNO=255)
    - [WARNING] NUMBER: Right whale group size (58) unusually large - verify count (rows 251, EVENTNO=255)
    - [WARNING] BEHAV: Calf-associated behavior(s) 40 recorded but no calf present (rows 21, EVENTNO=21)
    - [WARNING] BEHAV: Calf-associated behavior(s) 40 recorded but no calf present (rows 79, EVENTNO=83)
    - [WARNING] BEHAV: Calf-associated behavior(s) 40 recorded but no calf present (rows 104, EVENTNO=108)
    - [WARNING] BEHAV: Calf-associated behavior(s) 40 recorded but no calf present (rows 108, EVENTNO=112)
    - [WARNING] BEHAV: Calf-associated behavior(s) 40 recorded but no calf present (rows 144, EVENTNO=148)
    - [WARNING] BEHAV: Calf-associated behavior(s) 40 recorded but no calf present (rows 155, EVENTNO=159)
    - [WARNING] BEHAV: Calf-associated behavior(s) 40 recorded but no calf present (rows 229, EVENTNO=233)
    - [WARNING] BEHAV: Calf-associated behavior(s) 40 recorded but no calf present (rows 257, EVENTNO=261)
    - [WARNING] BEHAV: Calf-associated behavior(s) 40 recorded but no calf present (rows 299, EVENTNO=303)
--------------------------------------------------------------------------------

[29-Jun-2026 11:49:59] o123911
Type: Validation error
Error: Validation failed: 0 errors, 91 warnings (0 acknowledged, 91 new)
ID: Ingestion:ValidationFailed
Location: BatchUploader.uploadSurvey (line 376)
Validation Details:
  Errors: 0
  Warnings: 91
  Details:
    - [WARNING] BEHAV: Calf-associated behavior(s) 40 recorded but no calf present (rows 8, EVENTNO=8)
    - [WARNING] BEHAV: Calf-associated behavior(s) 40 recorded but no calf present (rows 12, EVENTNO=12)
    - [WARNING] BEHAV: Calf-associated behavior(s) 40 recorded but no calf present (rows 30, EVENTNO=31)
    - [WARNING] BEHAV: Calf-associated behavior(s) 40 recorded but no calf present (rows 31, EVENTNO=32)
    - [WARNING] BEHAV: Calf-associated behavior(s) 40 recorded but no calf present (rows 32, EVENTNO=33)
    - [WARNING] BEHAV: Calf-associated behavior(s) 40 recorded but no calf present (rows 33, EVENTNO=34)
    - [WARNING] BEHAV: Calf-associated behavior(s) 40 recorded but no calf present (rows 34, EVENTNO=35)
    - [WARNING] BEHAV: Calf-associated behavior(s) 40 recorded but no calf present (rows 35, EVENTNO=36)
    - [WARNING] BEHAV: Calf-associated behavior(s) 40 recorded but no calf present (rows 37, EVENTNO=38)
    - [WARNING] BEHAV: Calf-associated behavior(s) 40 recorded but no calf present (rows 39, EVENTNO=39)
    - [WARNING] BEHAV: Calf-associated behavior(s) 40 recorded but no calf present (rows 40, EVENTNO=40)
    - [WARNING] BEHAV: Calf-associated behavior(s) 40 recorded but no calf present (rows 41, EVENTNO=41)
    - [WARNING] BEHAV: Calf-associated behavior(s) 40 recorded but no calf present (rows 42, EVENTNO=42)
    - [WARNING] BEHAV: Calf-associated behavior(s) 40 recorded but no calf present (rows 43, EVENTNO=43)
    - [WARNING] BEHAV: Calf-associated behavior(s) 40 recorded but no calf present (rows 49, EVENTNO=49)
    - [WARNING] BEHAV: Calf-associated behavior(s) 40 recorded but no calf present (rows 50, EVENTNO=50)
    - [WARNING] BEHAV: Calf-associated behavior(s) 40 recorded but no calf present (rows 54, EVENTNO=53)
    - [WARNING] BEHAV: Calf-associated behavior(s) 40 recorded but no calf present (rows 55, EVENTNO=54)
    - [WARNING] BEHAV: Calf-associated behavior(s) 40 recorded but no calf present (rows 56, EVENTNO=55)
    - [WARNING] BEHAV: Calf-associated behavior(s) 40 recorded but no calf present (rows 57, EVENTNO=56)
    - [WARNING] BEHAV: Calf-associated behavior(s) 40 recorded but no calf present (rows 58, EVENTNO=57)
    - [WARNING] BEHAV: Calf-associated behavior(s) 40 recorded but no calf present (rows 59, EVENTNO=58)
    - [WARNING] BEHAV: Calf-associated behavior(s) 40 recorded but no calf present (rows 60, EVENTNO=59)
    - [WARNING] BEHAV: Calf-associated behavior(s) 40 recorded but no calf present (rows 63, EVENTNO=61)
    - [WARNING] BEHAV: Calf-associated behavior(s) 40 recorded but no calf present (rows 64, EVENTNO=62)
    - [WARNING] BEHAV: Calf-associated behavior(s) 40 recorded but no calf present (rows 65, EVENTNO=63)
    - [WARNING] BEHAV: Calf-associated behavior(s) 40 recorded but no calf present (rows 66, EVENTNO=64)
    - [WARNING] BEHAV: Calf-associated behavior(s) 40 recorded but no calf present (rows 67, EVENTNO=65)
    - [WARNING] BEHAV: Calf-associated behavior(s) 40 recorded but no calf present (rows 69, EVENTNO=66)
    - [WARNING] BEHAV: Calf-associated behavior(s) 40 recorded but no calf present (rows 103, EVENTNO=100)
    - [WARNING] BEHAV: Calf-associated behavior(s) 40 recorded but no calf present (rows 137, EVENTNO=134)
    - [WARNING] BEHAV: Calf-associated behavior(s) 40 recorded but no calf present (rows 146, EVENTNO=143)
    - [WARNING] BEHAV: Calf-associated behavior(s) 40 recorded but no calf present (rows 147, EVENTNO=144)
    - [WARNING] BEHAV: Calf-associated behavior(s) 40 recorded but no calf present (rows 166, EVENTNO=163)
    - [WARNING] BEHAV: Calf-associated behavior(s) 40 recorded but no calf present (rows 168, EVENTNO=165)
    - [WARNING] BEHAV: Calf-associated behavior(s) 40 recorded but no calf present (rows 172, EVENTNO=169)
    - [WARNING] BEHAV: Calf-associated behavior(s) 40 recorded but no calf present (rows 234, EVENTNO=231)
    - [WARNING] BEHAV: Calf-associated behavior(s) 40 recorded but no calf present (rows 235, EVENTNO=232)
    - [WARNING] BEHAV: Calf-associated behavior(s) 40 recorded but no calf present (rows 237, EVENTNO=234)
    - [WARNING] BEHAV: Calf-associated behavior(s) 40 recorded but no calf present (rows 240, EVENTNO=237)
    - [WARNING] BEHAV: Calf-associated behavior(s) 40 recorded but no calf present (rows 241, EVENTNO=238)
    - [WARNING] BEHAV: Calf-associated behavior(s) 40 recorded but no calf present (rows 242, EVENTNO=239)
    - [WARNING] BEHAV: Calf-associated behavior(s) 40 recorded but no calf present (rows 243, EVENTNO=240)
    - [WARNING] BEHAV: Calf-associated behavior(s) 40 recorded but no calf present (rows 244, EVENTNO=241)
    - [WARNING] BEHAV: Calf-associated behavior(s) 40 recorded but no calf present (rows 245, EVENTNO=242)
    - [WARNING] BEHAV: Calf-associated behavior(s) 40 recorded but no calf present (rows 246, EVENTNO=243)
    - [WARNING] BEHAV: Calf-associated behavior(s) 40 recorded but no calf present (rows 248, EVENTNO=244)
    - [WARNING] BEHAV: Calf-associated behavior(s) 40 recorded but no calf present (rows 251, EVENTNO=247)
    - [WARNING] BEHAV: Calf-associated behavior(s) 40 recorded but no calf present (rows 253, EVENTNO=248)
    - [WARNING] BEHAV: Calf-associated behavior(s) 40 recorded but no calf present (rows 254, EVENTNO=249)
    - [WARNING] BEHAV: Calf-associated behavior(s) 40 recorded but no calf present (rows 257, EVENTNO=252)
    - [WARNING] BEHAV: Calf-associated behavior(s) 40 recorded but no calf present (rows 258, EVENTNO=253)
    - [WARNING] BEHAV: Calf-associated behavior(s) 40 recorded but no calf present (rows 259, EVENTNO=254)
    - [WARNING] BEHAV: Calf-associated behavior(s) 40 recorded but no calf present (rows 260, EVENTNO=255)
    - [WARNING] BEHAV: Calf-associated behavior(s) 40 recorded but no calf present (rows 263, EVENTNO=258)
    - [WARNING] BEHAV: Calf-associated behavior(s) 40 recorded but no calf present (rows 264, EVENTNO=259)
    - [WARNING] BEHAV: Calf-associated behavior(s) 40 recorded but no calf present (rows 266, EVENTNO=261)
    - [WARNING] BEHAV: Calf-associated behavior(s) 40 recorded but no calf present (rows 267, EVENTNO=262)
    - [WARNING] BEHAV: Calf-associated behavior(s) 40 recorded but no calf present (rows 268, EVENTNO=263)
    - [WARNING] BEHAV: Calf-associated behavior(s) 40 recorded but no calf present (rows 269, EVENTNO=264)
    - [WARNING] BEHAV: Calf-associated behavior(s) 40 recorded but no calf present (rows 270, EVENTNO=265)
    - [WARNING] BEHAV: Calf-associated behavior(s) 40 recorded but no calf present (rows 271, EVENTNO=266)
    - [WARNING] BEHAV: Calf-associated behavior(s) 40 recorded but no calf present (rows 274, EVENTNO=269)
    - [WARNING] BEHAV: Calf-associated behavior(s) 40 recorded but no calf present (rows 275, EVENTNO=270)
    - [WARNING] BEHAV: Calf-associated behavior(s) 40 recorded but no calf present (rows 276, EVENTNO=271)
    - [WARNING] BEHAV: Calf-associated behavior(s) 40 recorded but no calf present (rows 279, EVENTNO=274)
    - [WARNING] BEHAV: Calf-associated behavior(s) 40 recorded but no calf present (rows 280, EVENTNO=275)
    - [WARNING] BEHAV: Calf-associated behavior(s) 40 recorded but no calf present (rows 314, EVENTNO=309)
    - [WARNING] BEHAV: Calf-associated behavior(s) 40 recorded but no calf present (rows 319, EVENTNO=314)
    - [WARNING] BEHAV: Calf-associated behavior(s) 40 recorded but no calf present (rows 403, EVENTNO=398)
    - [WARNING] BEHAV: Calf-associated behavior(s) 40 recorded but no calf present (rows 445, EVENTNO=440)
    - [WARNING] BEHAV: Calf-associated behavior(s) 40 recorded but no calf present (rows 575, EVENTNO=570)
    - [WARNING] BEHAV: Calf-associated behavior(s) 40 recorded but no calf present (rows 577, EVENTNO=572)
    - [WARNING] BEHAV: Calf-associated behavior(s) 40 recorded but no calf present (rows 587, EVENTNO=582)
    - [WARNING] BEHAV: Calf-associated behavior(s) 40 recorded but no calf present (rows 687, EVENTNO=682)
    - [WARNING] BEHAV: Calf-associated behavior(s) 40 recorded but no calf present (rows 862, EVENTNO=857)
    - [WARNING] BEHAV: Calf-associated behavior(s) 40 recorded but no calf present (rows 926, EVENTNO=921)
    - [WARNING] BEHAV: Calf-associated behavior(s) 40 recorded but no calf present (rows 929, EVENTNO=924)
    - [WARNING] BEHAV: Calf-associated behavior(s) 40 recorded but no calf present (rows 930, EVENTNO=925)
    - [WARNING] BEHAV: Calf-associated behavior(s) 40 recorded but no calf present (rows 931, EVENTNO=926)
    - [WARNING] BEHAV: Calf-associated behavior(s) [40 42] recorded but no calf present (rows 933, EVENTNO=928)
    - [WARNING] BEHAV: Calf-associated behavior(s) [40 41] recorded but no calf present (rows 934, EVENTNO=929)
    - [WARNING] BEHAV: Calf-associated behavior(s) 40 recorded but no calf present (rows 935, EVENTNO=930)
    - [WARNING] BEHAV: Calf-associated behavior(s) 40 recorded but no calf present (rows 937, EVENTNO=932)
    - [WARNING] BEHAV: Calf-associated behavior(s) 40 recorded but no calf present (rows 938, EVENTNO=933)
    - [WARNING] BEHAV: Calf-associated behavior(s) 40 recorded but no calf present (rows 946, EVENTNO=941)
    - [WARNING] BEHAV: Calf-associated behavior(s) [40 41] recorded but no calf present (rows 947, EVENTNO=942)
    - [WARNING] BEHAV: Calf-associated behavior(s) 40 recorded but no calf present (rows 948, EVENTNO=943)
    - [WARNING] BEHAV: Calf-associated behavior(s) 40 recorded but no calf present (rows 949, EVENTNO=944)
    - [WARNING] BEHAV: Calf-associated behavior(s) 40 recorded but no calf present (rows 953, EVENTNO=948)
    - [WARNING] BEHAV: Calf-associated behavior(s) 40 recorded but no calf present (rows 954, EVENTNO=949)
--------------------------------------------------------------------------------

[29-Jun-2026 11:50:00] o123921
Type: Validation error
Error: Validation failed: 3 errors, 1 warnings (0 acknowledged, 1 new)
ID: Ingestion:ValidationFailed
Location: BatchUploader.uploadSurvey (line 376)
Validation Details:
  Errors: 3
  Warnings: 1
  Details:
    - [ERROR] TIME: TIME must be in HHMMSS format (< 240000) (rows [159;211;212])
    - [ERROR] TIME: TIME has invalid hours (>=24) (rows [159;211;212])
    - [ERROR] PLATFORM: PLATFORM contains invalid value(s) not in PLATFORM lookup table: [333 334 340 351 158] ... (+2 more values) (+26 more rows) (rows [6;7;9;36;59])
    - [WARNING] LONG_DD: Longitude outside typical survey area [-85.0, -40.0] (rows 270, EVENTNO=283)
--------------------------------------------------------------------------------

[29-Jun-2026 11:50:01] o124911
Type: Validation error
Error: Validation failed: 0 errors, 18 warnings (0 acknowledged, 18 new)
ID: Ingestion:ValidationFailed
Location: BatchUploader.uploadSurvey (line 376)
Validation Details:
  Errors: 0
  Warnings: 18
  Details:
    - [WARNING] LONG_DD: Longitude outside typical survey area [-85.0, -40.0] (rows 861, EVENTNO=862)
    - [WARNING] LONG_DD: Longitude outside typical survey area [-85.0, -40.0] (rows 917, EVENTNO=918)
    - [WARNING] BEHAV: Calf-associated behavior(s) 40 recorded but no calf present (rows 11, EVENTNO=11)
    - [WARNING] BEHAV: Calf-associated behavior(s) 40 recorded but no calf present (rows 12, EVENTNO=12)
    - [WARNING] BEHAV: Calf-associated behavior(s) 40 recorded but no calf present (rows 147, EVENTNO=148)
    - [WARNING] BEHAV: Calf-associated behavior(s) 40 recorded but no calf present (rows 148, EVENTNO=149)
    - [WARNING] BEHAV: Calf-associated behavior(s) 40 recorded but no calf present (rows 240, EVENTNO=243)
    - [WARNING] BEHAV: Calf-associated behavior(s) 40 recorded but no calf present (rows 361, EVENTNO=363)
    - [WARNING] BEHAV: Calf-associated behavior(s) 40 recorded but no calf present (rows 417, EVENTNO=419)
    - [WARNING] BEHAV: Calf-associated behavior(s) 40 recorded but no calf present (rows 418, EVENTNO=420)
    - [WARNING] BEHAV: Calf-associated behavior(s) 40 recorded but no calf present (rows 430, EVENTNO=432)
    - [WARNING] BEHAV: Calf-associated behavior(s) 40 recorded but no calf present (rows 456, EVENTNO=457)
    - [WARNING] BEHAV: Calf-associated behavior(s) 40 recorded but no calf present (rows 561, EVENTNO=562)
    - [WARNING] BEHAV: Calf-associated behavior(s) 40 recorded but no calf present (rows 614, EVENTNO=615)
    - [WARNING] BEHAV: Calf-associated behavior(s) 40 recorded but no calf present (rows 711, EVENTNO=712)
    - [WARNING] BEHAV: Calf-associated behavior(s) 40 recorded but no calf present (rows 855, EVENTNO=856)
    - [WARNING] BEHAV: Calf-associated behavior(s) 40 recorded but no calf present (rows 915, EVENTNO=916)
    - [WARNING] BEHAV: Calf-associated behavior(s) 40 recorded but no calf present (rows 916, EVENTNO=917)
--------------------------------------------------------------------------------

[29-Jun-2026 11:50:02] o197961
Type: Validation error
Error: Validation failed: 2 errors, 0 warnings (0 acknowledged, 0 new)
ID: Ingestion:ValidationFailed
Location: BatchUploader.uploadSurvey (line 376)
Validation Details:
  Errors: 2
  Warnings: 0
  Details:
    - [ERROR] TAXCODE: TAXCODE mismatch: got 4, expected 9 for SPECCODE "UNCE" (rows 145)
    - [ERROR] TAXCODE: TAXCODE mismatch: got 4, expected 9 for SPECCODE "UNMM" (rows 152)
--------------------------------------------------------------------------------

[29-Jun-2026 11:50:03] o301231
Type: Validation error
Error: Validation failed: 0 errors, 2 warnings (0 acknowledged, 2 new)
ID: Ingestion:ValidationFailed
Location: BatchUploader.uploadSurvey (line 376)
Validation Details:
  Errors: 0
  Warnings: 2
  Details:
    - [WARNING] BEHAV: Calf-associated behavior(s) 40 recorded but no calf present (rows 2, EVENTNO=18)
    - [WARNING] BEHAV: Calf-associated behavior(s) 40 recorded but no calf present (rows 4, EVENTNO=22)
--------------------------------------------------------------------------------

[29-Jun-2026 11:50:03] o301237
Type: Validation error
Error: Validation failed: 0 errors, 4 warnings (0 acknowledged, 4 new)
ID: Ingestion:ValidationFailed
Location: BatchUploader.uploadSurvey (line 376)
Validation Details:
  Errors: 0
  Warnings: 4
  Details:
    - [WARNING] BEHAV: Calf-associated behavior(s) 40 recorded but no calf present (rows 1, EVENTNO=21)
    - [WARNING] BEHAV: Calf-associated behavior(s) 40 recorded but no calf present (rows 3, EVENTNO=25)
    - [WARNING] BEHAV: Calf-associated behavior(s) 40 recorded but no calf present (rows 5, EVENTNO=31)
    - [WARNING] BEHAV: Calf-associated behavior(s) 40 recorded but no calf present (rows 6, EVENTNO=34)
--------------------------------------------------------------------------------

[29-Jun-2026 11:50:05] o406144
Type: Validation error
Error: Validation failed: 0 errors, 121 warnings (0 acknowledged, 121 new)
ID: Ingestion:ValidationFailed
Location: BatchUploader.uploadSurvey (line 376)
Validation Details:
  Errors: 0
  Warnings: 121
  Details:
    - [WARNING] BEHAV: Calf-associated behavior(s) 40 recorded but no calf present (rows 5, EVENTNO=5)
    - [WARNING] BEHAV: Calf-associated behavior(s) 40 recorded but no calf present (rows 48, EVENTNO=48)
    - [WARNING] BEHAV: Calf-associated behavior(s) 40 recorded but no calf present (rows 49, EVENTNO=49)
    - [WARNING] BEHAV: Calf-associated behavior(s) 40 recorded but no calf present (rows 51, EVENTNO=51)
    - [WARNING] BEHAV: Calf-associated behavior(s) 40 recorded but no calf present (rows 52, EVENTNO=52)
    - [WARNING] BEHAV: Calf-associated behavior(s) 40 recorded but no calf present (rows 53, EVENTNO=53)
    - [WARNING] BEHAV: Calf-associated behavior(s) 40 recorded but no calf present (rows 56, EVENTNO=56)
    - [WARNING] BEHAV: Calf-associated behavior(s) 40 recorded but no calf present (rows 62, EVENTNO=62)
    - [WARNING] BEHAV: Calf-associated behavior(s) 40 recorded but no calf present (rows 66, EVENTNO=66)
    - [WARNING] BEHAV: Calf-associated behavior(s) 40 recorded but no calf present (rows 67, EVENTNO=67)
    - [WARNING] BEHAV: Calf-associated behavior(s) 40 recorded but no calf present (rows 69, EVENTNO=69)
    - [WARNING] BEHAV: Calf-associated behavior(s) 40 recorded but no calf present (rows 98, EVENTNO=101)
    - [WARNING] BEHAV: Calf-associated behavior(s) 40 recorded but no calf present (rows 102, EVENTNO=105)
    - [WARNING] BEHAV: Calf-associated behavior(s) 40 recorded but no calf present (rows 107, EVENTNO=110)
    - [WARNING] BEHAV: Calf-associated behavior(s) 40 recorded but no calf present (rows 110, EVENTNO=113)
    - [WARNING] BEHAV: Calf-associated behavior(s) 40 recorded but no calf present (rows 116, EVENTNO=123)
    - [WARNING] BEHAV: Calf-associated behavior(s) 40 recorded but no calf present (rows 132, EVENTNO=143)
    - [WARNING] BEHAV: Calf-associated behavior(s) 40 recorded but no calf present (rows 137, EVENTNO=148)
    - [WARNING] BEHAV: Calf-associated behavior(s) [40 42] recorded but no calf present (rows 139, EVENTNO=150)
    - [WARNING] BEHAV: Calf-associated behavior(s) 40 recorded but no calf present (rows 158, EVENTNO=171)
    - [WARNING] BEHAV: Calf-associated behavior(s) 40 recorded but no calf present (rows 159, EVENTNO=172)
    - [WARNING] BEHAV: Calf-associated behavior(s) 40 recorded but no calf present (rows 162, EVENTNO=175)
    - [WARNING] BEHAV: Calf-associated behavior(s) 40 recorded but no calf present (rows 185, EVENTNO=203)
    - [WARNING] BEHAV: Calf-associated behavior(s) 40 recorded but no calf present (rows 190, EVENTNO=208)
    - [WARNING] BEHAV: Calf-associated behavior(s) 40 recorded but no calf present (rows 218, EVENTNO=240)
    - [WARNING] BEHAV: Calf-associated behavior(s) 40 recorded but no calf present (rows 224, EVENTNO=246)
    - [WARNING] BEHAV: Calf-associated behavior(s) 40 recorded but no calf present (rows 256, EVENTNO=278)
    - [WARNING] BEHAV: Calf-associated behavior(s) 40 recorded but no calf present (rows 257, EVENTNO=279)
    - [WARNING] BEHAV: Calf-associated behavior(s) 40 recorded but no calf present (rows 284, EVENTNO=307)
    - [WARNING] BEHAV: Calf-associated behavior(s) 40 recorded but no calf present (rows 300, EVENTNO=327)
    - [WARNING] BEHAV: Calf-associated behavior(s) 40 recorded but no calf present (rows 313, EVENTNO=340)
    - [WARNING] BEHAV: Calf-associated behavior(s) 40 recorded but no calf present (rows 352, EVENTNO=379)
    - [WARNING] BEHAV: Calf-associated behavior(s) 40 recorded but no calf present (rows 358, EVENTNO=385)
    - [WARNING] BEHAV: Calf-associated behavior(s) 40 recorded but no calf present (rows 363, EVENTNO=390)
    - [WARNING] BEHAV: Calf-associated behavior(s) 40 recorded but no calf present (rows 446, EVENTNO=481)
    - [WARNING] BEHAV: Calf-associated behavior(s) 40 recorded but no calf present (rows 475, EVENTNO=512)
    - [WARNING] BEHAV: Calf-associated behavior(s) 40 recorded but no calf present (rows 478, EVENTNO=515)
    - [WARNING] BEHAV: Calf-associated behavior(s) 40 recorded but no calf present (rows 479, EVENTNO=516)
    - [WARNING] BEHAV: Calf-associated behavior(s) 40 recorded but no calf present (rows 548, EVENTNO=604)
    - [WARNING] BEHAV: Calf-associated behavior(s) 40 recorded but no calf present (rows 549, EVENTNO=605)
    - [WARNING] BEHAV: Calf-associated behavior(s) 40 recorded but no calf present (rows 555, EVENTNO=611)
    - [WARNING] BEHAV: Calf-associated behavior(s) 40 recorded but no calf present (rows 567, EVENTNO=623)
    - [WARNING] BEHAV: Calf-associated behavior(s) 40 recorded but no calf present (rows 568, EVENTNO=624)
    - [WARNING] BEHAV: Calf-associated behavior(s) 40 recorded but no calf present (rows 633, EVENTNO=696)
    - [WARNING] BEHAV: Calf-associated behavior(s) 40 recorded but no calf present (rows 663, EVENTNO=726)
    - [WARNING] BEHAV: Calf-associated behavior(s) 40 recorded but no calf present (rows 693, EVENTNO=756)
    - [WARNING] BEHAV: Calf-associated behavior(s) 40 recorded but no calf present (rows 694, EVENTNO=757)
    - [WARNING] BEHAV: Calf-associated behavior(s) 40 recorded but no calf present (rows 698, EVENTNO=761)
    - [WARNING] BEHAV: Calf-associated behavior(s) 40 recorded but no calf present (rows 702, EVENTNO=765)
    - [WARNING] BEHAV: Calf-associated behavior(s) 40 recorded but no calf present (rows 710, EVENTNO=774)
    - [WARNING] BEHAV: Calf-associated behavior(s) 40 recorded but no calf present (rows 718, EVENTNO=782)
    - [WARNING] BEHAV: Calf-associated behavior(s) 40 recorded but no calf present (rows 719, EVENTNO=783)
    - [WARNING] BEHAV: Calf-associated behavior(s) 40 recorded but no calf present (rows 727, EVENTNO=791)
    - [WARNING] BEHAV: Calf-associated behavior(s) 40 recorded but no calf present (rows 739, EVENTNO=803)
    - [WARNING] BEHAV: Calf-associated behavior(s) 40 recorded but no calf present (rows 750, EVENTNO=814)
    - [WARNING] BEHAV: Calf-associated behavior(s) 40 recorded but no calf present (rows 755, EVENTNO=819)
    - [WARNING] BEHAV: Calf-associated behavior(s) 40 recorded but no calf present (rows 778, EVENTNO=842)
    - [WARNING] BEHAV: Calf-associated behavior(s) 40 recorded but no calf present (rows 785, EVENTNO=849)
    - [WARNING] BEHAV: Calf-associated behavior(s) 40 recorded but no calf present (rows 815, EVENTNO=883)
    - [WARNING] BEHAV: Calf-associated behavior(s) 40 recorded but no calf present (rows 826, EVENTNO=898)
    - [WARNING] BEHAV: Calf-associated behavior(s) 40 recorded but no calf present (rows 827, EVENTNO=899)
    - [WARNING] BEHAV: Calf-associated behavior(s) 40 recorded but no calf present (rows 849, EVENTNO=928)
    - [WARNING] BEHAV: Calf-associated behavior(s) 40 recorded but no calf present (rows 850, EVENTNO=929)
    - [WARNING] BEHAV: Calf-associated behavior(s) 40 recorded but no calf present (rows 851, EVENTNO=930)
    - [WARNING] BEHAV: Calf-associated behavior(s) 40 recorded but no calf present (rows 873, EVENTNO=959)
    - [WARNING] BEHAV: Calf-associated behavior(s) 40 recorded but no calf present (rows 886, EVENTNO=974)
    - [WARNING] BEHAV: Calf-associated behavior(s) 40 recorded but no calf present (rows 892, EVENTNO=985)
    - [WARNING] BEHAV: Calf-associated behavior(s) 40 recorded but no calf present (rows 894, EVENTNO=991)
    - [WARNING] BEHAV: Calf-associated behavior(s) 40 recorded but no calf present (rows 904, EVENTNO=1001)
    - [WARNING] BEHAV: Calf-associated behavior(s) 40 recorded but no calf present (rows 908, EVENTNO=1005)
    - [WARNING] BEHAV: Calf-associated behavior(s) 40 recorded but no calf present (rows 916, EVENTNO=1013)
    - [WARNING] BEHAV: Calf-associated behavior(s) 40 recorded but no calf present (rows 917, EVENTNO=1014)
    - [WARNING] BEHAV: Calf-associated behavior(s) 40 recorded but no calf present (rows 938, EVENTNO=1037)
    - [WARNING] BEHAV: Calf-associated behavior(s) 40 recorded but no calf present (rows 939, EVENTNO=1038)
    - [WARNING] BEHAV: Calf-associated behavior(s) 40 recorded but no calf present (rows 953, EVENTNO=1052)
    - [WARNING] BEHAV: Calf-associated behavior(s) 40 recorded but no calf present (rows 959, EVENTNO=1058)
    - [WARNING] BEHAV: Calf-associated behavior(s) 40 recorded but no calf present (rows 963, EVENTNO=1062)
    - [WARNING] BEHAV: Calf-associated behavior(s) 40 recorded but no calf present (rows 964, EVENTNO=1063)
    - [WARNING] BEHAV: Calf-associated behavior(s) 40 recorded but no calf present (rows 970, EVENTNO=1071)
    - [WARNING] BEHAV: Calf-associated behavior(s) 40 recorded but no calf present (rows 976, EVENTNO=1077)
    - [WARNING] BEHAV: Calf-associated behavior(s) 40 recorded but no calf present (rows 979, EVENTNO=1080)
    - [WARNING] BEHAV: Calf-associated behavior(s) 40 recorded but no calf present (rows 987, EVENTNO=1088)
    - [WARNING] BEHAV: Calf-associated behavior(s) 40 recorded but no calf present (rows 993, EVENTNO=1094)
    - [WARNING] BEHAV: Calf-associated behavior(s) 40 recorded but no calf present (rows 994, EVENTNO=1095)
    - [WARNING] BEHAV: Calf-associated behavior(s) 40 recorded but no calf present (rows 995, EVENTNO=1096)
    - [WARNING] BEHAV: Calf-associated behavior(s) 40 recorded but no calf present (rows 1000, EVENTNO=1108)
    - [WARNING] BEHAV: Calf-associated behavior(s) 40 recorded but no calf present (rows 1018, EVENTNO=1133)
    - [WARNING] BEHAV: Calf-associated behavior(s) 40 recorded but no calf present (rows 1029, EVENTNO=1144)
    - [WARNING] BEHAV: Calf-associated behavior(s) 40 recorded but no calf present (rows 1030, EVENTNO=1145)
    - [WARNING] BEHAV: Calf-associated behavior(s) 40 recorded but no calf present (rows 1042, EVENTNO=1162)
    - [WARNING] BEHAV: Calf-associated behavior(s) 40 recorded but no calf present (rows 1045, EVENTNO=1165)
    - [WARNING] BEHAV: Calf-associated behavior(s) 40 recorded but no calf present (rows 1046, EVENTNO=1166)
    - [WARNING] BEHAV: Calf-associated behavior(s) 40 recorded but no calf present (rows 1051, EVENTNO=1171)
    - [WARNING] BEHAV: Calf-associated behavior(s) 40 recorded but no calf present (rows 1071, EVENTNO=1196)
    - [WARNING] BEHAV: Calf-associated behavior(s) 40 recorded but no calf present (rows 1098, EVENTNO=1235)
    - [WARNING] BEHAV: Calf-associated behavior(s) 40 recorded but no calf present (rows 1099, EVENTNO=1236)
    - [WARNING] BEHAV: Calf-associated behavior(s) 40 recorded but no calf present (rows 1101, EVENTNO=1238)
    - [WARNING] BEHAV: Calf-associated behavior(s) 40 recorded but no calf present (rows 1121, EVENTNO=1268)
    - [WARNING] BEHAV: Calf-associated behavior(s) 40 recorded but no calf present (rows 1122, EVENTNO=1269)
    - [WARNING] BEHAV: Calf-associated behavior(s) 40 recorded but no calf present (rows 1129, EVENTNO=1276)
    - [WARNING] BEHAV: Calf-associated behavior(s) 40 recorded but no calf present (rows 1148, EVENTNO=1295)
    - [WARNING] BEHAV: Calf-associated behavior(s) 40 recorded but no calf present (rows 1158, EVENTNO=1305)
    - [WARNING] BEHAV: Calf-associated behavior(s) 40 recorded but no calf present (rows 1169, EVENTNO=1324)
    - [WARNING] BEHAV: Calf-associated behavior(s) 40 recorded but no calf present (rows 1173, EVENTNO=1328)
    - [WARNING] BEHAV: Calf-associated behavior(s) 40 recorded but no calf present (rows 1189, EVENTNO=1344)
    - [WARNING] BEHAV: Calf-associated behavior(s) 40 recorded but no calf present (rows 1196, EVENTNO=1354)
    - [WARNING] BEHAV: Calf-associated behavior(s) 40 recorded but no calf present (rows 1210, EVENTNO=1368)
    - [WARNING] BEHAV: Calf-associated behavior(s) 40 recorded but no calf present (rows 1241, EVENTNO=1409)
    - [WARNING] BEHAV: Calf-associated behavior(s) 40 recorded but no calf present (rows 1256, EVENTNO=1424)
    - [WARNING] BEHAV: Calf-associated behavior(s) 40 recorded but no calf present (rows 1281, EVENTNO=1454)
    - [WARNING] BEHAV: Calf-associated behavior(s) 40 recorded but no calf present (rows 1282, EVENTNO=1455)
    - [WARNING] BEHAV: Calf-associated behavior(s) 40 recorded but no calf present (rows 1283, EVENTNO=1456)
    - [WARNING] BEHAV: Calf-associated behavior(s) 40 recorded but no calf present (rows 1320, EVENTNO=1505)
    - [WARNING] BEHAV: Calf-associated behavior(s) 40 recorded but no calf present (rows 1334, EVENTNO=1520)
    - [WARNING] BEHAV: Calf-associated behavior(s) 40 recorded but no calf present (rows 1336, EVENTNO=1522)
    - [WARNING] BEHAV: Calf-associated behavior(s) 40 recorded but no calf present (rows 1337, EVENTNO=1530)
    - [WARNING] BEHAV: Calf-associated behavior(s) 40 recorded but no calf present (rows 1339, EVENTNO=1533)
    - [WARNING] BEHAV: Calf-associated behavior(s) 40 recorded but no calf present (rows 1373, EVENTNO=1568)
    - [WARNING] BEHAV: Calf-associated behavior(s) 40 recorded but no calf present (rows 1387, EVENTNO=1585)
    - [WARNING] BEHAV: Calf-associated behavior(s) 40 recorded but no calf present (rows 1436, EVENTNO=1645)
    - [WARNING] BEHAV: Calf-associated behavior(s) 40 recorded but no calf present (rows 1437, EVENTNO=1646)
--------------------------------------------------------------------------------

[29-Jun-2026 11:50:06] o520221
Type: Validation error
Error: Validation failed: 0 errors, 1 warnings (0 acknowledged, 1 new)
ID: Ingestion:ValidationFailed
Location: BatchUploader.uploadSurvey (line 376)
Validation Details:
  Errors: 0
  Warnings: 1
  Details:
    - [WARNING] NUMCALF: NUMCALF (2) is more than half of NUMBER (2) - verify count (rows 36, EVENTNO=36)
--------------------------------------------------------------------------------

[29-Jun-2026 11:50:06] o601027
Type: Validation error
Error: Validation failed: 0 errors, 1 warnings (0 acknowledged, 1 new)
ID: Ingestion:ValidationFailed
Location: BatchUploader.uploadSurvey (line 376)
Validation Details:
  Errors: 0
  Warnings: 1
  Details:
    - [WARNING] NUMCALF: NUMCALF (1) is more than half of NUMBER (1) - verify count (rows 4, EVENTNO=4)
--------------------------------------------------------------------------------

[29-Jun-2026 11:50:07] o624911
Type: Validation error
Error: Validation failed: 0 errors, 73 warnings (0 acknowledged, 73 new)
ID: Ingestion:ValidationFailed
Location: BatchUploader.uploadSurvey (line 376)
Validation Details:
  Errors: 0
  Warnings: 73
  Details:
    - [WARNING] BEHAV: Calf-associated behavior(s) 40 recorded but no calf present (rows 1, EVENTNO=1)
    - [WARNING] BEHAV: Calf-associated behavior(s) 40 recorded but no calf present (rows 3, EVENTNO=3)
    - [WARNING] BEHAV: Calf-associated behavior(s) 40 recorded but no calf present (rows 15, EVENTNO=23)
    - [WARNING] BEHAV: Calf-associated behavior(s) 40 recorded but no calf present (rows 16, EVENTNO=25)
    - [WARNING] BEHAV: Calf-associated behavior(s) 40 recorded but no calf present (rows 17, EVENTNO=27)
    - [WARNING] BEHAV: Calf-associated behavior(s) 40 recorded but no calf present (rows 19, EVENTNO=29)
    - [WARNING] BEHAV: Calf-associated behavior(s) 40 recorded but no calf present (rows 20, EVENTNO=31)
    - [WARNING] BEHAV: Calf-associated behavior(s) 40 recorded but no calf present (rows 21, EVENTNO=33)
    - [WARNING] BEHAV: Calf-associated behavior(s) 40 recorded but no calf present (rows 22, EVENTNO=35)
    - [WARNING] BEHAV: Calf-associated behavior(s) 40 recorded but no calf present (rows 23, EVENTNO=37)
    - [WARNING] BEHAV: Calf-associated behavior(s) [40 42] recorded but no calf present (rows 24, EVENTNO=39)
    - [WARNING] BEHAV: Calf-associated behavior(s) 40 recorded but no calf present (rows 25, EVENTNO=41)
    - [WARNING] BEHAV: Calf-associated behavior(s) 40 recorded but no calf present (rows 26, EVENTNO=43)
    - [WARNING] BEHAV: Calf-associated behavior(s) 40 recorded but no calf present (rows 29, EVENTNO=47)
    - [WARNING] BEHAV: Calf-associated behavior(s) [40 42] recorded but no calf present (rows 31, EVENTNO=49)
    - [WARNING] BEHAV: Calf-associated behavior(s) 40 recorded but no calf present (rows 32, EVENTNO=51)
    - [WARNING] BEHAV: Calf-associated behavior(s) 40 recorded but no calf present (rows 33, EVENTNO=53)
    - [WARNING] BEHAV: Calf-associated behavior(s) 40 recorded but no calf present (rows 34, EVENTNO=55)
    - [WARNING] BEHAV: Calf-associated behavior(s) [40 42] recorded but no calf present (rows 36, EVENTNO=59)
    - [WARNING] BEHAV: Calf-associated behavior(s) 42 recorded but no calf present (rows 37, EVENTNO=59)
    - [WARNING] BEHAV: Calf-associated behavior(s) [40 42] recorded but no calf present (rows 38, EVENTNO=61)
    - [WARNING] BEHAV: Calf-associated behavior(s) 40 recorded but no calf present (rows 39, EVENTNO=63)
    - [WARNING] BEHAV: Calf-associated behavior(s) 40 recorded but no calf present (rows 40, EVENTNO=65)
    - [WARNING] BEHAV: Calf-associated behavior(s) 40 recorded but no calf present (rows 41, EVENTNO=67)
    - [WARNING] BEHAV: Calf-associated behavior(s) 40 recorded but no calf present (rows 42, EVENTNO=69)
    - [WARNING] BEHAV: Calf-associated behavior(s) 40 recorded but no calf present (rows 44, EVENTNO=72)
    - [WARNING] BEHAV: Calf-associated behavior(s) [40 42] recorded but no calf present (rows 46, EVENTNO=75)
    - [WARNING] BEHAV: Calf-associated behavior(s) 40 recorded but no calf present (rows 47, EVENTNO=77)
    - [WARNING] BEHAV: Calf-associated behavior(s) 40 recorded but no calf present (rows 50, EVENTNO=82)
    - [WARNING] BEHAV: Calf-associated behavior(s) 40 recorded but no calf present (rows 51, EVENTNO=83)
    - [WARNING] BEHAV: Calf-associated behavior(s) [41 40] recorded but no calf present (rows 52, EVENTNO=85)
    - [WARNING] BEHAV: Calf-associated behavior(s) 40 recorded but no calf present (rows 54, EVENTNO=88)
    - [WARNING] BEHAV: Calf-associated behavior(s) 40 recorded but no calf present (rows 55, EVENTNO=90)
    - [WARNING] BEHAV: Calf-associated behavior(s) [40 42] recorded but no calf present (rows 56, EVENTNO=91)
    - [WARNING] BEHAV: Calf-associated behavior(s) 42 recorded but no calf present (rows 57, EVENTNO=93)
    - [WARNING] BEHAV: Calf-associated behavior(s) 40 recorded but no calf present (rows 58, EVENTNO=96)
    - [WARNING] BEHAV: Calf-associated behavior(s) 40 recorded but no calf present (rows 59, EVENTNO=97)
    - [WARNING] BEHAV: Calf-associated behavior(s) 40 recorded but no calf present (rows 60, EVENTNO=99)
    - [WARNING] BEHAV: Calf-associated behavior(s) 40 recorded but no calf present (rows 61, EVENTNO=101)
    - [WARNING] BEHAV: Calf-associated behavior(s) 40 recorded but no calf present (rows 63, EVENTNO=104)
    - [WARNING] BEHAV: Calf-associated behavior(s) 40 recorded but no calf present (rows 64, EVENTNO=105)
    - [WARNING] BEHAV: Calf-associated behavior(s) 40 recorded but no calf present (rows 65, EVENTNO=107)
    - [WARNING] BEHAV: Calf-associated behavior(s) 40 recorded but no calf present (rows 66, EVENTNO=109)
    - [WARNING] BEHAV: Calf-associated behavior(s) 40 recorded but no calf present (rows 67, EVENTNO=112)
    - [WARNING] BEHAV: Calf-associated behavior(s) [40 42] recorded but no calf present (rows 68, EVENTNO=113)
    - [WARNING] BEHAV: Calf-associated behavior(s) 40 recorded but no calf present (rows 69, EVENTNO=115)
    - [WARNING] BEHAV: Calf-associated behavior(s) 40 recorded but no calf present (rows 70, EVENTNO=117)
    - [WARNING] BEHAV: Calf-associated behavior(s) [40 42] recorded but no calf present (rows 71, EVENTNO=119)
    - [WARNING] BEHAV: Calf-associated behavior(s) 40 recorded but no calf present (rows 72, EVENTNO=121)
    - [WARNING] BEHAV: Calf-associated behavior(s) 40 recorded but no calf present (rows 73, EVENTNO=123)
    - [WARNING] BEHAV: Calf-associated behavior(s) 40 recorded but no calf present (rows 74, EVENTNO=126)
    - [WARNING] BEHAV: Calf-associated behavior(s) 40 recorded but no calf present (rows 77, EVENTNO=135)
    - [WARNING] BEHAV: Calf-associated behavior(s) 40 recorded but no calf present (rows 78, EVENTNO=137)
    - [WARNING] BEHAV: Calf-associated behavior(s) 40 recorded but no calf present (rows 80, EVENTNO=139)
    - [WARNING] BEHAV: Calf-associated behavior(s) [40 42] recorded but no calf present (rows 81, EVENTNO=141)
    - [WARNING] BEHAV: Calf-associated behavior(s) 40 recorded but no calf present (rows 83, EVENTNO=143)
    - [WARNING] BEHAV: Calf-associated behavior(s) [40 42] recorded but no calf present (rows 85, EVENTNO=145)
    - [WARNING] BEHAV: Calf-associated behavior(s) [40 42] recorded but no calf present (rows 86, EVENTNO=147)
    - [WARNING] BEHAV: Calf-associated behavior(s) [40 42] recorded but no calf present (rows 88, EVENTNO=151)
    - [WARNING] BEHAV: Calf-associated behavior(s) [40 42] recorded but no calf present (rows 89, EVENTNO=154)
    - [WARNING] BEHAV: Calf-associated behavior(s) 40 recorded but no calf present (rows 90, EVENTNO=156)
    - [WARNING] BEHAV: Calf-associated behavior(s) 40 recorded but no calf present (rows 91, EVENTNO=158)
    - [WARNING] BEHAV: Calf-associated behavior(s) 40 recorded but no calf present (rows 92, EVENTNO=159)
    - [WARNING] BEHAV: Calf-associated behavior(s) 40 recorded but no calf present (rows 93, EVENTNO=161)
    - [WARNING] BEHAV: Calf-associated behavior(s) [40 42] recorded but no calf present (rows 94, EVENTNO=163)
    - [WARNING] BEHAV: Calf-associated behavior(s) 40 recorded but no calf present (rows 95, EVENTNO=165)
    - [WARNING] BEHAV: Calf-associated behavior(s) 40 recorded but no calf present (rows 96, EVENTNO=167)
    - [WARNING] BEHAV: Calf-associated behavior(s) 40 recorded but no calf present (rows 98, EVENTNO=170)
    - [WARNING] BEHAV: Calf-associated behavior(s) 40 recorded but no calf present (rows 99, EVENTNO=171)
    - [WARNING] BEHAV: Calf-associated behavior(s) 40 recorded but no calf present (rows 100, EVENTNO=174)
    - [WARNING] BEHAV: Calf-associated behavior(s) [40 42] recorded but no calf present (rows 102, EVENTNO=176)
    - [WARNING] BEHAV: Calf-associated behavior(s) 40 recorded but no calf present (rows 105, EVENTNO=179)
    - [WARNING] BEHAV: Calf-associated behavior(s) 40 recorded but no calf present (rows 106, EVENTNO=181)
--------------------------------------------------------------------------------

[29-Jun-2026 11:50:08] p000190
Type: Validation error
Error: Validation failed: 0 errors, 1 warnings (0 acknowledged, 1 new)
ID: Ingestion:ValidationFailed
Location: BatchUploader.uploadSurvey (line 376)
Validation Details:
  Errors: 0
  Warnings: 1
  Details:
    - [WARNING] NUMCALF: NUMCALF (2) is more than half of NUMBER (2) - verify count (rows 702, EVENTNO=702)
--------------------------------------------------------------------------------

[29-Jun-2026 11:50:09] p002120
Type: Validation error
Error: Validation failed: 0 errors, 2 warnings (0 acknowledged, 2 new)
ID: Ingestion:ValidationFailed
Location: BatchUploader.uploadSurvey (line 376)
Validation Details:
  Errors: 0
  Warnings: 2
  Details:
    - [WARNING] NUMCALF: NUMCALF (1) is more than half of NUMBER (1) - verify count (rows 96, EVENTNO=96)
    - [WARNING] NUMCALF: NUMCALF (2) is more than half of NUMBER (2) - verify count (rows 471, EVENTNO=471)
--------------------------------------------------------------------------------

[29-Jun-2026 11:50:11] p002218
Type: Validation error
Error: Validation failed: 0 errors, 2 warnings (0 acknowledged, 2 new)
ID: Ingestion:ValidationFailed
Location: BatchUploader.uploadSurvey (line 376)
Validation Details:
  Errors: 0
  Warnings: 2
  Details:
    - [WARNING] NUMCALF: NUMCALF (1) is more than half of NUMBER (1) - verify count (rows 842, EVENTNO=842)
    - [WARNING] NUMCALF: NUMCALF (1) is more than half of NUMBER (1) - verify count (rows 843, EVENTNO=843)
--------------------------------------------------------------------------------

[29-Jun-2026 11:50:12] p003218
Type: Validation error
Error: Validation failed: 0 errors, 1 warnings (0 acknowledged, 1 new)
ID: Ingestion:ValidationFailed
Location: BatchUploader.uploadSurvey (line 376)
Validation Details:
  Errors: 0
  Warnings: 1
  Details:
    - [WARNING] NUMCALF: NUMCALF (1) is more than half of NUMBER (1) - verify count (rows 613, EVENTNO=613)
--------------------------------------------------------------------------------

[29-Jun-2026 11:50:14] p022113
Type: Validation error
Error: Validation failed: 0 errors, 1 warnings (0 acknowledged, 1 new)
ID: Ingestion:ValidationFailed
Location: BatchUploader.uploadSurvey (line 376)
Validation Details:
  Errors: 0
  Warnings: 1
  Details:
    - [WARNING] NUMCALF: NUMCALF (2) is more than half of NUMBER (2) - verify count (rows 1661, EVENTNO=1758)
--------------------------------------------------------------------------------

[29-Jun-2026 11:50:34] p100133
Type: Validation error
Error: Validation failed: 0 errors, 1 warnings (0 acknowledged, 1 new)
ID: Ingestion:ValidationFailed
Location: BatchUploader.uploadSurvey (line 376)
Validation Details:
  Errors: 0
  Warnings: 1
  Details:
    - [WARNING] BEHAV: Calf-associated behavior(s) 40 recorded but no calf present (rows 30614, EVENTNO=30618)
--------------------------------------------------------------------------------

[29-Jun-2026 11:50:34] p100236
Type: Validation error
Error: Validation failed: 0 errors, 1 warnings (0 acknowledged, 1 new)
ID: Ingestion:ValidationFailed
Location: BatchUploader.uploadSurvey (line 376)
Validation Details:
  Errors: 0
  Warnings: 1
  Details:
    - [WARNING] NUMCALF: NUMCALF (1) is more than half of NUMBER (1) - verify count (rows 10, EVENTNO=7)
--------------------------------------------------------------------------------

[29-Jun-2026 11:50:35] p101197
Type: Validation error
Error: Validation failed: 0 errors, 2 warnings (0 acknowledged, 2 new)
ID: Ingestion:ValidationFailed
Location: BatchUploader.uploadSurvey (line 376)
Validation Details:
  Errors: 0
  Warnings: 2
  Details:
    - [WARNING] NUMCALF: NUMCALF (1) is more than half of NUMBER (1) - verify count (rows 33, EVENTNO=33)
    - [WARNING] BEHAV: Calf-associated behavior(s) 40 recorded but no calf present (rows 36, EVENTNO=35)
--------------------------------------------------------------------------------

[29-Jun-2026 11:50:35] p101199
Type: Validation error
Error: Validation failed: 0 errors, 6 warnings (0 acknowledged, 6 new)
ID: Ingestion:ValidationFailed
Location: BatchUploader.uploadSurvey (line 376)
Validation Details:
  Errors: 0
  Warnings: 6
  Details:
    - [WARNING] NUMCALF: NUMCALF (1) is more than half of NUMBER (1) - verify count (rows 47, EVENTNO=40)
    - [WARNING] NUMCALF: NUMCALF (1) is more than half of NUMBER (1) - verify count (rows 49, EVENTNO=42)
    - [WARNING] NUMCALF: NUMCALF (1) is more than half of NUMBER (1) - verify count (rows 53, EVENTNO=46)
    - [WARNING] NUMCALF: NUMCALF (1) is more than half of NUMBER (1) - verify count (rows 54, EVENTNO=47)
    - [WARNING] NUMCALF: NUMCALF (1) is more than half of NUMBER (1) - verify count (rows 56, EVENTNO=49)
    - [WARNING] NUMCALF: NUMCALF (1) is more than half of NUMBER (1) - verify count (rows 61, EVENTNO=54)
--------------------------------------------------------------------------------

[29-Jun-2026 11:50:36] p101202
Type: Validation error
Error: Validation failed: 0 errors, 6 warnings (0 acknowledged, 6 new)
ID: Ingestion:ValidationFailed
Location: BatchUploader.uploadSurvey (line 376)
Validation Details:
  Errors: 0
  Warnings: 6
  Details:
    - [WARNING] NUMCALF: NUMCALF (1) is more than half of NUMBER (1) - verify count (rows 52, EVENTNO=50)
    - [WARNING] NUMCALF: NUMCALF (1) is more than half of NUMBER (1) - verify count (rows 53, EVENTNO=51)
    - [WARNING] NUMCALF: NUMCALF (1) is more than half of NUMBER (1) - verify count (rows 54, EVENTNO=52)
    - [WARNING] NUMCALF: NUMCALF (1) is more than half of NUMBER (1) - verify count (rows 62, EVENTNO=60)
    - [WARNING] NUMCALF: NUMCALF (2) is more than half of NUMBER (3) - verify count (rows 64, EVENTNO=62)
    - [WARNING] NUMCALF: NUMCALF (1) is more than half of NUMBER (1) - verify count (rows 68, EVENTNO=66)
--------------------------------------------------------------------------------

[29-Jun-2026 11:50:37] p101207
Type: Validation error
Error: Validation failed: 0 errors, 5 warnings (0 acknowledged, 5 new)
ID: Ingestion:ValidationFailed
Location: BatchUploader.uploadSurvey (line 376)
Validation Details:
  Errors: 0
  Warnings: 5
  Details:
    - [WARNING] NUMCALF: NUMCALF (1) is more than half of NUMBER (1) - verify count (rows 102, EVENTNO=74)
    - [WARNING] NUMCALF: NUMCALF (1) is more than half of NUMBER (1) - verify count (rows 107, EVENTNO=81)
    - [WARNING] NUMCALF: NUMCALF (1) is more than half of NUMBER (1) - verify count (rows 111, EVENTNO=86)
    - [WARNING] NUMCALF: NUMCALF (1) is more than half of NUMBER (1) - verify count (rows 123, EVENTNO=98)
    - [WARNING] BEHAV: Calf-associated behavior(s) [40 42] recorded but no calf present (rows 103, EVENTNO=75)
--------------------------------------------------------------------------------

[29-Jun-2026 11:50:37] p101209
Type: Validation error
Error: Validation failed: 0 errors, 5 warnings (0 acknowledged, 5 new)
ID: Ingestion:ValidationFailed
Location: BatchUploader.uploadSurvey (line 376)
Validation Details:
  Errors: 0
  Warnings: 5
  Details:
    - [WARNING] NUMCALF: NUMCALF (1) is more than half of NUMBER (1) - verify count (rows 104, EVENTNO=90)
    - [WARNING] NUMCALF: NUMCALF (1) is more than half of NUMBER (1) - verify count (rows 112, EVENTNO=97)
    - [WARNING] NUMCALF: NUMCALF (1) is more than half of NUMBER (1) - verify count (rows 113, EVENTNO=98)
    - [WARNING] NUMCALF: NUMCALF (1) is more than half of NUMBER (1) - verify count (rows 134, EVENTNO=119)
    - [WARNING] BEHAV: Calf-associated behavior(s) 40 recorded but no calf present (rows 114, EVENTNO=99)
--------------------------------------------------------------------------------

[29-Jun-2026 11:50:38] p101212
Type: Validation error
Error: Validation failed: 0 errors, 2 warnings (0 acknowledged, 2 new)
ID: Ingestion:ValidationFailed
Location: BatchUploader.uploadSurvey (line 376)
Validation Details:
  Errors: 0
  Warnings: 2
  Details:
    - [WARNING] NUMCALF: NUMCALF (1) is more than half of NUMBER (1) - verify count (rows 61, EVENTNO=57)
    - [WARNING] NUMCALF: NUMCALF (1) is more than half of NUMBER (1) - verify count (rows 71, EVENTNO=67)
--------------------------------------------------------------------------------

[29-Jun-2026 11:50:38] p101213
Type: Validation error
Error: Validation failed: 0 errors, 4 warnings (0 acknowledged, 4 new)
ID: Ingestion:ValidationFailed
Location: BatchUploader.uploadSurvey (line 376)
Validation Details:
  Errors: 0
  Warnings: 4
  Details:
    - [WARNING] NUMCALF: NUMCALF (1) is more than half of NUMBER (1) - verify count (rows 78, EVENTNO=57)
    - [WARNING] NUMCALF: NUMCALF (1) is more than half of NUMBER (1) - verify count (rows 88, EVENTNO=67)
    - [WARNING] NUMCALF: NUMCALF (1) is more than half of NUMBER (1) - verify count (rows 90, EVENTNO=69)
    - [WARNING] NUMCALF: NUMCALF (1) is more than half of NUMBER (1) - verify count (rows 103, EVENTNO=82)
--------------------------------------------------------------------------------

[29-Jun-2026 11:50:39] p101220
Type: Validation error
Error: Validation failed: 0 errors, 9 warnings (0 acknowledged, 9 new)
ID: Ingestion:ValidationFailed
Location: BatchUploader.uploadSurvey (line 376)
Validation Details:
  Errors: 0
  Warnings: 9
  Details:
    - [WARNING] NUMCALF: NUMCALF (1) is more than half of NUMBER (1) - verify count (rows 50, EVENTNO=42)
    - [WARNING] NUMCALF: NUMCALF (1) is more than half of NUMBER (1) - verify count (rows 51, EVENTNO=43)
    - [WARNING] NUMCALF: NUMCALF (1) is more than half of NUMBER (1) - verify count (rows 53, EVENTNO=45)
    - [WARNING] NUMCALF: NUMCALF (1) is more than half of NUMBER (1) - verify count (rows 56, EVENTNO=48)
    - [WARNING] NUMCALF: NUMCALF (1) is more than half of NUMBER (1) - verify count (rows 59, EVENTNO=51)
    - [WARNING] NUMCALF: NUMCALF (1) is more than half of NUMBER (1) - verify count (rows 63, EVENTNO=55)
    - [WARNING] NUMCALF: NUMCALF (1) is more than half of NUMBER (1) - verify count (rows 65, EVENTNO=57)
    - [WARNING] NUMCALF: NUMCALF (1) is more than half of NUMBER (1) - verify count (rows 77, EVENTNO=69)
    - [WARNING] NUMCALF: NUMCALF (1) is more than half of NUMBER (1) - verify count (rows 82, EVENTNO=74)
--------------------------------------------------------------------------------

[29-Jun-2026 11:50:40] p101223
Type: Validation error
Error: Validation failed: 0 errors, 14 warnings (0 acknowledged, 14 new)
ID: Ingestion:ValidationFailed
Location: BatchUploader.uploadSurvey (line 376)
Validation Details:
  Errors: 0
  Warnings: 14
  Details:
    - [WARNING] NUMCALF: NUMCALF (1) is more than half of NUMBER (1) - verify count (rows 57, EVENTNO=55)
    - [WARNING] NUMCALF: NUMCALF (1) is more than half of NUMBER (1) - verify count (rows 61, EVENTNO=59)
    - [WARNING] NUMCALF: NUMCALF (1) is more than half of NUMBER (1) - verify count (rows 67, EVENTNO=63)
    - [WARNING] NUMCALF: NUMCALF (1) is more than half of NUMBER (1) - verify count (rows 68, EVENTNO=64)
    - [WARNING] NUMCALF: NUMCALF (1) is more than half of NUMBER (1) - verify count (rows 69, EVENTNO=65)
    - [WARNING] NUMCALF: NUMCALF (1) is more than half of NUMBER (1) - verify count (rows 76, EVENTNO=71)
    - [WARNING] NUMCALF: NUMCALF (1) is more than half of NUMBER (1) - verify count (rows 77, EVENTNO=72)
    - [WARNING] NUMCALF: NUMCALF (1) is more than half of NUMBER (1) - verify count (rows 88, EVENTNO=83)
    - [WARNING] NUMCALF: NUMCALF (1) is more than half of NUMBER (1) - verify count (rows 92, EVENTNO=87)
    - [WARNING] NUMCALF: NUMCALF (1) is more than half of NUMBER (1) - verify count (rows 93, EVENTNO=88)
    - [WARNING] NUMCALF: NUMCALF (1) is more than half of NUMBER (1) - verify count (rows 95, EVENTNO=90)
    - [WARNING] NUMCALF: NUMCALF (1) is more than half of NUMBER (1) - verify count (rows 96, EVENTNO=91)
    - [WARNING] NUMCALF: NUMCALF (1) is more than half of NUMBER (1) - verify count (rows 99, EVENTNO=94)
    - [WARNING] NUMCALF: NUMCALF (1) is more than half of NUMBER (1) - verify count (rows 100, EVENTNO=95)
--------------------------------------------------------------------------------

[29-Jun-2026 11:50:40] p101226
Type: Validation error
Error: Validation failed: 0 errors, 3 warnings (0 acknowledged, 3 new)
ID: Ingestion:ValidationFailed
Location: BatchUploader.uploadSurvey (line 376)
Validation Details:
  Errors: 0
  Warnings: 3
  Details:
    - [WARNING] NUMCALF: NUMCALF (1) is more than half of NUMBER (1) - verify count (rows 72, EVENTNO=48)
    - [WARNING] NUMCALF: NUMCALF (1) is more than half of NUMBER (1) - verify count (rows 75, EVENTNO=51)
    - [WARNING] NUMCALF: NUMCALF (1) is more than half of NUMBER (1) - verify count (rows 90, EVENTNO=64)
--------------------------------------------------------------------------------

[29-Jun-2026 11:50:41] p101227
Type: Validation error
Error: Validation failed: 0 errors, 8 warnings (0 acknowledged, 8 new)
ID: Ingestion:ValidationFailed
Location: BatchUploader.uploadSurvey (line 376)
Validation Details:
  Errors: 0
  Warnings: 8
  Details:
    - [WARNING] NUMCALF: NUMCALF (1) is more than half of NUMBER (1) - verify count (rows 83, EVENTNO=75)
    - [WARNING] NUMCALF: NUMCALF (1) is more than half of NUMBER (1) - verify count (rows 96, EVENTNO=87)
    - [WARNING] NUMCALF: NUMCALF (1) is more than half of NUMBER (1) - verify count (rows 98, EVENTNO=89)
    - [WARNING] NUMCALF: NUMCALF (1) is more than half of NUMBER (1) - verify count (rows 99, EVENTNO=90)
    - [WARNING] NUMCALF: NUMCALF (1) is more than half of NUMBER (1) - verify count (rows 103, EVENTNO=94)
    - [WARNING] NUMCALF: NUMCALF (1) is more than half of NUMBER (1) - verify count (rows 118, EVENTNO=107)
    - [WARNING] BEHAV: Calf-associated behavior(s) 40 recorded but no calf present (rows 108, EVENTNO=98)
    - [WARNING] BEHAV: Calf-associated behavior(s) 40 recorded but no calf present (rows 110, EVENTNO=100)
--------------------------------------------------------------------------------

[29-Jun-2026 11:50:42] p101231
Type: Validation error
Error: Validation failed: 0 errors, 1 warnings (0 acknowledged, 1 new)
ID: Ingestion:ValidationFailed
Location: BatchUploader.uploadSurvey (line 376)
Validation Details:
  Errors: 0
  Warnings: 1
  Details:
    - [WARNING] NUMCALF: NUMCALF (1) is more than half of NUMBER (1) - verify count (rows 97, EVENTNO=82)
--------------------------------------------------------------------------------

[29-Jun-2026 11:50:42] p101232
Type: Validation error
Error: Validation failed: 0 errors, 1 warnings (0 acknowledged, 1 new)
ID: Ingestion:ValidationFailed
Location: BatchUploader.uploadSurvey (line 376)
Validation Details:
  Errors: 0
  Warnings: 1
  Details:
    - [WARNING] NUMCALF: NUMCALF (1) is more than half of NUMBER (1) - verify count (rows 31, EVENTNO=31)
--------------------------------------------------------------------------------

[29-Jun-2026 11:50:43] p101237
Type: Validation error
Error: Validation failed: 0 errors, 2 warnings (0 acknowledged, 2 new)
ID: Ingestion:ValidationFailed
Location: BatchUploader.uploadSurvey (line 376)
Validation Details:
  Errors: 0
  Warnings: 2
  Details:
    - [WARNING] NUMCALF: NUMCALF (1) is more than half of NUMBER (1) - verify count (rows 51, EVENTNO=47)
    - [WARNING] NUMCALF: NUMCALF (1) is more than half of NUMBER (1) - verify count (rows 91, EVENTNO=86)
--------------------------------------------------------------------------------

[29-Jun-2026 11:50:44] p101242
Type: Validation error
Error: Validation failed: 0 errors, 4 warnings (0 acknowledged, 4 new)
ID: Ingestion:ValidationFailed
Location: BatchUploader.uploadSurvey (line 376)
Validation Details:
  Errors: 0
  Warnings: 4
  Details:
    - [WARNING] NUMCALF: NUMCALF (1) is more than half of NUMBER (1) - verify count (rows 24, EVENTNO=20)
    - [WARNING] NUMCALF: NUMCALF (1) is more than half of NUMBER (1) - verify count (rows 26, EVENTNO=22)
    - [WARNING] NUMCALF: NUMCALF (1) is more than half of NUMBER (1) - verify count (rows 30, EVENTNO=26)
    - [WARNING] NUMCALF: NUMCALF (1) is more than half of NUMBER (1) - verify count (rows 60, EVENTNO=56)
--------------------------------------------------------------------------------

[29-Jun-2026 11:50:44] p101249
Type: Validation error
Error: Validation failed: 0 errors, 2 warnings (0 acknowledged, 2 new)
ID: Ingestion:ValidationFailed
Location: BatchUploader.uploadSurvey (line 376)
Validation Details:
  Errors: 0
  Warnings: 2
  Details:
    - [WARNING] NUMCALF: NUMCALF (1) is more than half of NUMBER (1) - verify count (rows 12, EVENTNO=12)
    - [WARNING] NUMCALF: NUMCALF (1) is more than half of NUMBER (1) - verify count (rows 14, EVENTNO=14)
--------------------------------------------------------------------------------

[29-Jun-2026 11:50:45] p101250
Type: Validation error
Error: Validation failed: 0 errors, 2 warnings (0 acknowledged, 2 new)
ID: Ingestion:ValidationFailed
Location: BatchUploader.uploadSurvey (line 376)
Validation Details:
  Errors: 0
  Warnings: 2
  Details:
    - [WARNING] NUMCALF: NUMCALF (1) is more than half of NUMBER (1) - verify count (rows 17, EVENTNO=18)
    - [WARNING] NUMCALF: NUMCALF (1) is more than half of NUMBER (1) - verify count (rows 33, EVENTNO=34)
--------------------------------------------------------------------------------

[29-Jun-2026 11:50:45] p101254
Type: Validation error
Error: Validation failed: 0 errors, 3 warnings (0 acknowledged, 3 new)
ID: Ingestion:ValidationFailed
Location: BatchUploader.uploadSurvey (line 376)
Validation Details:
  Errors: 0
  Warnings: 3
  Details:
    - [WARNING] NUMCALF: NUMCALF (1) is more than half of NUMBER (1) - verify count (rows 32, EVENTNO=29)
    - [WARNING] NUMCALF: NUMCALF (1) is more than half of NUMBER (1) - verify count (rows 36, EVENTNO=33)
    - [WARNING] NUMCALF: NUMCALF (1) is more than half of NUMBER (1) - verify count (rows 39, EVENTNO=36)
--------------------------------------------------------------------------------

[29-Jun-2026 11:50:46] p101255
Type: Validation error
Error: Validation failed: 0 errors, 4 warnings (0 acknowledged, 4 new)
ID: Ingestion:ValidationFailed
Location: BatchUploader.uploadSurvey (line 376)
Validation Details:
  Errors: 0
  Warnings: 4
  Details:
    - [WARNING] NUMCALF: NUMCALF (1) is more than half of NUMBER (1) - verify count (rows 31, EVENTNO=31)
    - [WARNING] NUMCALF: NUMCALF (1) is more than half of NUMBER (1) - verify count (rows 60, EVENTNO=60)
    - [WARNING] NUMCALF: NUMCALF (1) is more than half of NUMBER (1) - verify count (rows 61, EVENTNO=61)
    - [WARNING] NUMCALF: NUMCALF (1) is more than half of NUMBER (1) - verify count (rows 62, EVENTNO=62)
--------------------------------------------------------------------------------

[29-Jun-2026 11:50:47] p101256
Type: Validation error
Error: Validation failed: 0 errors, 2 warnings (0 acknowledged, 2 new)
ID: Ingestion:ValidationFailed
Location: BatchUploader.uploadSurvey (line 376)
Validation Details:
  Errors: 0
  Warnings: 2
  Details:
    - [WARNING] NUMCALF: NUMCALF (1) is more than half of NUMBER (1) - verify count (rows 34, EVENTNO=27)
    - [WARNING] NUMCALF: NUMCALF (1) is more than half of NUMBER (1) - verify count (rows 40, EVENTNO=33)
--------------------------------------------------------------------------------

[29-Jun-2026 11:50:47] p101258
Type: Validation error
Error: Validation failed: 0 errors, 3 warnings (0 acknowledged, 3 new)
ID: Ingestion:ValidationFailed
Location: BatchUploader.uploadSurvey (line 376)
Validation Details:
  Errors: 0
  Warnings: 3
  Details:
    - [WARNING] NUMCALF: NUMCALF (1) is more than half of NUMBER (1) - verify count (rows 40, EVENTNO=41)
    - [WARNING] NUMCALF: NUMCALF (1) is more than half of NUMBER (1) - verify count (rows 41, EVENTNO=42)
    - [WARNING] NUMCALF: NUMCALF (1) is more than half of NUMBER (1) - verify count (rows 49, EVENTNO=50)
--------------------------------------------------------------------------------

[29-Jun-2026 11:50:48] p101260
Type: Validation error
Error: Validation failed: 0 errors, 1 warnings (0 acknowledged, 1 new)
ID: Ingestion:ValidationFailed
Location: BatchUploader.uploadSurvey (line 376)
Validation Details:
  Errors: 0
  Warnings: 1
  Details:
    - [WARNING] NUMCALF: NUMCALF (1) is more than half of NUMBER (1) - verify count (rows 65, EVENTNO=57)
--------------------------------------------------------------------------------

[29-Jun-2026 11:50:49] p101261
Type: Validation error
Error: Validation failed: 0 errors, 5 warnings (0 acknowledged, 5 new)
ID: Ingestion:ValidationFailed
Location: BatchUploader.uploadSurvey (line 376)
Validation Details:
  Errors: 0
  Warnings: 5
  Details:
    - [WARNING] NUMCALF: NUMCALF (1) is more than half of NUMBER (1) - verify count (rows 41, EVENTNO=34)
    - [WARNING] NUMCALF: NUMCALF (1) is more than half of NUMBER (1) - verify count (rows 46, EVENTNO=38)
    - [WARNING] NUMCALF: NUMCALF (1) is more than half of NUMBER (1) - verify count (rows 48, EVENTNO=40)
    - [WARNING] NUMCALF: NUMCALF (1) is more than half of NUMBER (1) - verify count (rows 63, EVENTNO=53)
    - [WARNING] BEHAV: Calf-associated behavior(s) 40 recorded but no calf present (rows 47, EVENTNO=39)
--------------------------------------------------------------------------------

[29-Jun-2026 11:50:50] p101263
Type: Validation error
Error: Validation failed: 0 errors, 1 warnings (0 acknowledged, 1 new)
ID: Ingestion:ValidationFailed
Location: BatchUploader.uploadSurvey (line 376)
Validation Details:
  Errors: 0
  Warnings: 1
  Details:
    - [WARNING] NUMCALF: NUMCALF (1) is more than half of NUMBER (1) - verify count (rows 37, EVENTNO=38)
--------------------------------------------------------------------------------

[29-Jun-2026 11:50:51] p102212
Type: Validation error
Error: Validation failed: 0 errors, 1 warnings (0 acknowledged, 1 new)
ID: Ingestion:ValidationFailed
Location: BatchUploader.uploadSurvey (line 376)
Validation Details:
  Errors: 0
  Warnings: 1
  Details:
    - [WARNING] NUMCALF: NUMCALF (1) is more than half of NUMBER (1) - verify count (rows 388, EVENTNO=389)
--------------------------------------------------------------------------------

[29-Jun-2026 11:50:51] p102221
Type: Validation error
Error: Validation failed: 0 errors, 2 warnings (0 acknowledged, 2 new)
ID: Ingestion:ValidationFailed
Location: BatchUploader.uploadSurvey (line 376)
Validation Details:
  Errors: 0
  Warnings: 2
  Details:
    - [WARNING] NUMCALF: NUMCALF (1) is more than half of NUMBER (1) - verify count (rows 232, EVENTNO=233)
    - [WARNING] NUMCALF: NUMCALF (1) is more than half of NUMBER (1) - verify count (rows 425, EVENTNO=426)
--------------------------------------------------------------------------------

[29-Jun-2026 11:50:52] p102222
Type: Validation error
Error: Validation failed: 0 errors, 1 warnings (0 acknowledged, 1 new)
ID: Ingestion:ValidationFailed
Location: BatchUploader.uploadSurvey (line 376)
Validation Details:
  Errors: 0
  Warnings: 1
  Details:
    - [WARNING] NUMCALF: NUMCALF (1) is more than half of NUMBER (1) - verify count (rows 277, EVENTNO=277)
--------------------------------------------------------------------------------

[29-Jun-2026 11:50:53] p102260
Type: Validation error
Error: Validation failed: 0 errors, 1 warnings (0 acknowledged, 1 new)
ID: Ingestion:ValidationFailed
Location: BatchUploader.uploadSurvey (line 376)
Validation Details:
  Errors: 0
  Warnings: 1
  Details:
    - [WARNING] NUMCALF: NUMCALF (1) is more than half of NUMBER (1) - verify count (rows 169, EVENTNO=169)
--------------------------------------------------------------------------------

[29-Jun-2026 11:50:54] p102268
Type: Validation error
Error: Validation failed: 0 errors, 4 warnings (0 acknowledged, 4 new)
ID: Ingestion:ValidationFailed
Location: BatchUploader.uploadSurvey (line 376)
Validation Details:
  Errors: 0
  Warnings: 4
  Details:
    - [WARNING] NUMCALF: NUMCALF (1) is more than half of NUMBER (1) - verify count (rows 283, EVENTNO=283)
    - [WARNING] NUMCALF: NUMCALF (1) is more than half of NUMBER (1) - verify count (rows 339, EVENTNO=339)
    - [WARNING] NUMCALF: NUMCALF (1) is more than half of NUMBER (1) - verify count (rows 386, EVENTNO=386)
    - [WARNING] NUMCALF: NUMCALF (1) is more than half of NUMBER (1) - verify count (rows 398, EVENTNO=398)
--------------------------------------------------------------------------------

[29-Jun-2026 11:50:54] p102269
Type: Validation error
Error: Validation failed: 0 errors, 1 warnings (0 acknowledged, 1 new)
ID: Ingestion:ValidationFailed
Location: BatchUploader.uploadSurvey (line 376)
Validation Details:
  Errors: 0
  Warnings: 1
  Details:
    - [WARNING] NUMCALF: NUMCALF (1) is more than half of NUMBER (1) - verify count (rows 205, EVENTNO=209)
--------------------------------------------------------------------------------

[29-Jun-2026 11:50:55] p103224
Type: Validation error
Error: Validation failed: 0 errors, 1 warnings (0 acknowledged, 1 new)
ID: Ingestion:ValidationFailed
Location: BatchUploader.uploadSurvey (line 376)
Validation Details:
  Errors: 0
  Warnings: 1
  Details:
    - [WARNING] NUMCALF: NUMCALF (1) is more than half of NUMBER (1) - verify count (rows 391, EVENTNO=406)
--------------------------------------------------------------------------------

[29-Jun-2026 11:50:57] p103226
Type: Validation error
Error: Validation failed: 0 errors, 3 warnings (0 acknowledged, 3 new)
ID: Ingestion:ValidationFailed
Location: BatchUploader.uploadSurvey (line 376)
Validation Details:
  Errors: 0
  Warnings: 3
  Details:
    - [WARNING] NUMCALF: NUMCALF (1) is more than half of NUMBER (1) - verify count (rows 377, EVENTNO=414)
    - [WARNING] NUMCALF: NUMCALF (1) is more than half of NUMBER (1) - verify count (rows 436, EVENTNO=473)
    - [WARNING] NUMCALF: NUMCALF (1) is more than half of NUMBER (1) - verify count (rows 450, EVENTNO=487)
--------------------------------------------------------------------------------

[29-Jun-2026 11:50:58] p103227
Type: Validation error
Error: Validation failed: 0 errors, 5 warnings (0 acknowledged, 5 new)
ID: Ingestion:ValidationFailed
Location: BatchUploader.uploadSurvey (line 376)
Validation Details:
  Errors: 0
  Warnings: 5
  Details:
    - [WARNING] NUMCALF: NUMCALF (1) is more than half of NUMBER (1) - verify count (rows 238, EVENTNO=262)
    - [WARNING] NUMCALF: NUMCALF (2) is more than half of NUMBER (2) - verify count (rows 266, EVENTNO=290)
    - [WARNING] NUMCALF: NUMCALF (1) is more than half of NUMBER (1) - verify count (rows 283, EVENTNO=307)
    - [WARNING] NUMCALF: NUMCALF (3) is more than half of NUMBER (5) - verify count (rows 598, EVENTNO=622)
    - [WARNING] BEHAV: Calf-associated behavior(s) [40 42] recorded but no calf present (rows 284, EVENTNO=308)
--------------------------------------------------------------------------------

[29-Jun-2026 11:50:58] p103229
Type: Validation error
Error: Validation failed: 0 errors, 3 warnings (0 acknowledged, 3 new)
ID: Ingestion:ValidationFailed
Location: BatchUploader.uploadSurvey (line 376)
Validation Details:
  Errors: 0
  Warnings: 3
  Details:
    - [WARNING] NUMCALF: NUMCALF (1) is more than half of NUMBER (1) - verify count (rows 180, EVENTNO=192)
    - [WARNING] NUMCALF: NUMCALF (1) is more than half of NUMBER (1) - verify count (rows 337, EVENTNO=349)
    - [WARNING] BEHAV: Calf-associated behavior(s) 40 recorded but no calf present (rows 406, EVENTNO=418)
--------------------------------------------------------------------------------

[29-Jun-2026 11:50:59] p103231
Type: Validation error
Error: Validation failed: 0 errors, 4 warnings (0 acknowledged, 4 new)
ID: Ingestion:ValidationFailed
Location: BatchUploader.uploadSurvey (line 376)
Validation Details:
  Errors: 0
  Warnings: 4
  Details:
    - [WARNING] NUMCALF: NUMCALF (1) is more than half of NUMBER (1) - verify count (rows 101, EVENTNO=109)
    - [WARNING] NUMCALF: NUMCALF (1) is more than half of NUMBER (1) - verify count (rows 126, EVENTNO=134)
    - [WARNING] NUMCALF: NUMCALF (1) is more than half of NUMBER (1) - verify count (rows 247, EVENTNO=255)
    - [WARNING] NUMCALF: NUMCALF (1) is more than half of NUMBER (1) - verify count (rows 255, EVENTNO=263)
--------------------------------------------------------------------------------

[29-Jun-2026 11:51:00] p103232
Type: Validation error
Error: Validation failed: 0 errors, 7 warnings (0 acknowledged, 7 new)
ID: Ingestion:ValidationFailed
Location: BatchUploader.uploadSurvey (line 376)
Validation Details:
  Errors: 0
  Warnings: 7
  Details:
    - [WARNING] NUMCALF: NUMCALF (1) is more than half of NUMBER (1) - verify count (rows 139, EVENTNO=155)
    - [WARNING] NUMCALF: NUMCALF (1) is more than half of NUMBER (1) - verify count (rows 201, EVENTNO=217)
    - [WARNING] NUMCALF: NUMCALF (1) is more than half of NUMBER (1) - verify count (rows 292, EVENTNO=308)
    - [WARNING] NUMCALF: NUMCALF (1) is more than half of NUMBER (1) - verify count (rows 299, EVENTNO=315)
    - [WARNING] NUMCALF: NUMCALF (1) is more than half of NUMBER (1) - verify count (rows 314, EVENTNO=330)
    - [WARNING] NUMCALF: NUMCALF (1) is more than half of NUMBER (1) - verify count (rows 403, EVENTNO=419)
    - [WARNING] NUMCALF: NUMCALF (1) is more than half of NUMBER (1) - verify count (rows 463, EVENTNO=479)
--------------------------------------------------------------------------------

[29-Jun-2026 11:51:01] p103233
Type: Validation error
Error: Validation failed: 0 errors, 4 warnings (0 acknowledged, 4 new)
ID: Ingestion:ValidationFailed
Location: BatchUploader.uploadSurvey (line 376)
Validation Details:
  Errors: 0
  Warnings: 4
  Details:
    - [WARNING] NUMCALF: NUMCALF (1) is more than half of NUMBER (1) - verify count (rows 119, EVENTNO=131)
    - [WARNING] NUMCALF: NUMCALF (1) is more than half of NUMBER (1) - verify count (rows 505, EVENTNO=517)
    - [WARNING] NUMCALF: NUMCALF (1) is more than half of NUMBER (1) - verify count (rows 549, EVENTNO=561)
    - [WARNING] NUMCALF: NUMCALF (1) is more than half of NUMBER (1) - verify count (rows 565, EVENTNO=577)
--------------------------------------------------------------------------------

[29-Jun-2026 11:51:01] p103237
Type: Validation error
Error: Validation failed: 0 errors, 1 warnings (0 acknowledged, 1 new)
ID: Ingestion:ValidationFailed
Location: BatchUploader.uploadSurvey (line 376)
Validation Details:
  Errors: 0
  Warnings: 1
  Details:
    - [WARNING] NUMCALF: NUMCALF (1) is more than half of NUMBER (1) - verify count (rows 369, EVENTNO=415)
--------------------------------------------------------------------------------

[29-Jun-2026 11:51:02] p103243
Type: Validation error
Error: Validation failed: 0 errors, 2 warnings (0 acknowledged, 2 new)
ID: Ingestion:ValidationFailed
Location: BatchUploader.uploadSurvey (line 376)
Validation Details:
  Errors: 0
  Warnings: 2
  Details:
    - [WARNING] NUMCALF: NUMCALF (1) is more than half of NUMBER (1) - verify count (rows 254, EVENTNO=263)
    - [WARNING] NUMCALF: NUMCALF (1) is more than half of NUMBER (1) - verify count (rows 270, EVENTNO=279)
--------------------------------------------------------------------------------

[29-Jun-2026 11:51:02] p103245
Type: Validation error
Error: Validation failed: 0 errors, 1 warnings (0 acknowledged, 1 new)
ID: Ingestion:ValidationFailed
Location: BatchUploader.uploadSurvey (line 376)
Validation Details:
  Errors: 0
  Warnings: 1
  Details:
    - [WARNING] BEHAV: Calf-associated behavior(s) 40 recorded but no calf present (rows 321, EVENTNO=334)
--------------------------------------------------------------------------------

[29-Jun-2026 11:51:03] p103246
Type: Validation error
Error: Validation failed: 0 errors, 1 warnings (0 acknowledged, 1 new)
ID: Ingestion:ValidationFailed
Location: BatchUploader.uploadSurvey (line 376)
Validation Details:
  Errors: 0
  Warnings: 1
  Details:
    - [WARNING] NUMCALF: NUMCALF (1) is more than half of NUMBER (1) - verify count (rows 300, EVENTNO=303)
--------------------------------------------------------------------------------

[29-Jun-2026 11:51:04] p103249
Type: Validation error
Error: Validation failed: 0 errors, 9 warnings (0 acknowledged, 9 new)
ID: Ingestion:ValidationFailed
Location: BatchUploader.uploadSurvey (line 376)
Validation Details:
  Errors: 0
  Warnings: 9
  Details:
    - [WARNING] NUMCALF: NUMCALF (1) is more than half of NUMBER (1) - verify count (rows 378, EVENTNO=393)
    - [WARNING] NUMCALF: NUMCALF (1) is more than half of NUMBER (1) - verify count (rows 389, EVENTNO=404)
    - [WARNING] NUMCALF: NUMCALF (1) is more than half of NUMBER (1) - verify count (rows 426, EVENTNO=441)
    - [WARNING] NUMCALF: NUMCALF (1) is more than half of NUMBER (1) - verify count (rows 464, EVENTNO=479)
    - [WARNING] NUMCALF: NUMCALF (1) is more than half of NUMBER (1) - verify count (rows 493, EVENTNO=508)
    - [WARNING] NUMCALF: NUMCALF (1) is more than half of NUMBER (1) - verify count (rows 534, EVENTNO=549)
    - [WARNING] NUMCALF: NUMCALF (1) is more than half of NUMBER (1) - verify count (rows 551, EVENTNO=566)
    - [WARNING] BEHAV: Calf-associated behavior(s) 40 recorded but no calf present (rows 390, EVENTNO=405)
    - [WARNING] BEHAV: Calf-associated behavior(s) 40 recorded but no calf present (rows 489, EVENTNO=504)
--------------------------------------------------------------------------------

[29-Jun-2026 11:51:05] p103250
Type: Validation error
Error: Validation failed: 0 errors, 5 warnings (0 acknowledged, 5 new)
ID: Ingestion:ValidationFailed
Location: BatchUploader.uploadSurvey (line 376)
Validation Details:
  Errors: 0
  Warnings: 5
  Details:
    - [WARNING] NUMCALF: NUMCALF (1) is more than half of NUMBER (1) - verify count (rows 157, EVENTNO=162)
    - [WARNING] NUMCALF: NUMCALF (1) is more than half of NUMBER (1) - verify count (rows 321, EVENTNO=326)
    - [WARNING] NUMCALF: NUMCALF (1) is more than half of NUMBER (1) - verify count (rows 412, EVENTNO=417)
    - [WARNING] NUMCALF: NUMCALF (2) is more than half of NUMBER (3) - verify count (rows 449, EVENTNO=454)
    - [WARNING] NUMCALF: NUMCALF (1) is more than half of NUMBER (1) - verify count (rows 464, EVENTNO=469)
--------------------------------------------------------------------------------

[29-Jun-2026 11:51:06] p103254
Type: Validation error
Error: Validation failed: 0 errors, 5 warnings (0 acknowledged, 5 new)
ID: Ingestion:ValidationFailed
Location: BatchUploader.uploadSurvey (line 376)
Validation Details:
  Errors: 0
  Warnings: 5
  Details:
    - [WARNING] NUMCALF: NUMCALF (1) is more than half of NUMBER (1) - verify count (rows 191, EVENTNO=205)
    - [WARNING] NUMCALF: NUMCALF (1) is more than half of NUMBER (1) - verify count (rows 227, EVENTNO=241)
    - [WARNING] NUMCALF: NUMCALF (1) is more than half of NUMBER (1) - verify count (rows 270, EVENTNO=284)
    - [WARNING] NUMCALF: NUMCALF (1) is more than half of NUMBER (1) - verify count (rows 292, EVENTNO=306)
    - [WARNING] BEHAV: Calf-associated behavior(s) 40 recorded but no calf present (rows 189, EVENTNO=203)
--------------------------------------------------------------------------------

[29-Jun-2026 11:51:07] p103255
Type: Validation error
Error: Validation failed: 0 errors, 5 warnings (0 acknowledged, 5 new)
ID: Ingestion:ValidationFailed
Location: BatchUploader.uploadSurvey (line 376)
Validation Details:
  Errors: 0
  Warnings: 5
  Details:
    - [WARNING] NUMCALF: NUMCALF (1) is more than half of NUMBER (1) - verify count (rows 199, EVENTNO=210)
    - [WARNING] NUMCALF: NUMCALF (1) is more than half of NUMBER (1) - verify count (rows 272, EVENTNO=283)
    - [WARNING] NUMCALF: NUMCALF (1) is more than half of NUMBER (1) - verify count (rows 292, EVENTNO=303)
    - [WARNING] NUMCALF: NUMCALF (1) is more than half of NUMBER (1) - verify count (rows 452, EVENTNO=463)
    - [WARNING] NUMCALF: NUMCALF (1) is more than half of NUMBER (1) - verify count (rows 470, EVENTNO=481)
--------------------------------------------------------------------------------

[29-Jun-2026 11:51:08] p103260
Type: Validation error
Error: Validation failed: 0 errors, 1 warnings (0 acknowledged, 1 new)
ID: Ingestion:ValidationFailed
Location: BatchUploader.uploadSurvey (line 376)
Validation Details:
  Errors: 0
  Warnings: 1
  Details:
    - [WARNING] NUMCALF: NUMCALF (1) is more than half of NUMBER (1) - verify count (rows 547, EVENTNO=557)
--------------------------------------------------------------------------------

[29-Jun-2026 11:51:08] p103261
Type: Validation error
Error: Validation failed: 0 errors, 1 warnings (0 acknowledged, 1 new)
ID: Ingestion:ValidationFailed
Location: BatchUploader.uploadSurvey (line 376)
Validation Details:
  Errors: 0
  Warnings: 1
  Details:
    - [WARNING] NUMCALF: NUMCALF (1) is more than half of NUMBER (1) - verify count (rows 272, EVENTNO=281)
--------------------------------------------------------------------------------

[29-Jun-2026 11:51:10] p104266
Type: Validation error
Error: Validation failed: 0 errors, 1 warnings (0 acknowledged, 1 new)
ID: Ingestion:ValidationFailed
Location: BatchUploader.uploadSurvey (line 376)
Validation Details:
  Errors: 0
  Warnings: 1
  Details:
    - [WARNING] NUMCALF: NUMCALF (1) is more than half of NUMBER (1) - verify count (rows 459, EVENTNO=490)
--------------------------------------------------------------------------------

[29-Jun-2026 11:51:11] p104271
Type: Validation error
Error: Validation failed: 0 errors, 2 warnings (0 acknowledged, 2 new)
ID: Ingestion:ValidationFailed
Location: BatchUploader.uploadSurvey (line 376)
Validation Details:
  Errors: 0
  Warnings: 2
  Details:
    - [WARNING] NUMCALF: NUMCALF (1) is more than half of NUMBER (1) - verify count (rows 827, EVENTNO=844)
    - [WARNING] NUMCALF: NUMCALF (1) is more than half of NUMBER (1) - verify count (rows 989, EVENTNO=1006)
--------------------------------------------------------------------------------

[29-Jun-2026 11:51:13] p105219
Type: Validation error
Error: Validation failed: 0 errors, 3 warnings (0 acknowledged, 3 new)
ID: Ingestion:ValidationFailed
Location: BatchUploader.uploadSurvey (line 376)
Validation Details:
  Errors: 0
  Warnings: 3
  Details:
    - [WARNING] NUMCALF: NUMCALF (1) is more than half of NUMBER (1) - verify count (rows 1277, EVENTNO=1280)
    - [WARNING] NUMCALF: NUMCALF (1) is more than half of NUMBER (1) - verify count (rows 1656, EVENTNO=1658)
    - [WARNING] NUMCALF: NUMCALF (1) is more than half of NUMBER (1) - verify count (rows 1682, EVENTNO=1684)
--------------------------------------------------------------------------------

[29-Jun-2026 11:51:16] p105224
Type: Validation error
Error: Validation failed: 0 errors, 2 warnings (0 acknowledged, 2 new)
ID: Ingestion:ValidationFailed
Location: BatchUploader.uploadSurvey (line 376)
Validation Details:
  Errors: 0
  Warnings: 2
  Details:
    - [WARNING] NUMCALF: NUMCALF (2) is more than half of NUMBER (2) - verify count (rows 1150, EVENTNO=1165)
    - [WARNING] BEHAV: Calf-associated behavior(s) 40 recorded but no calf present (rows 1167, EVENTNO=1182)
--------------------------------------------------------------------------------

[29-Jun-2026 11:51:18] p105230
Type: Validation error
Error: Validation failed: 0 errors, 2 warnings (0 acknowledged, 2 new)
ID: Ingestion:ValidationFailed
Location: BatchUploader.uploadSurvey (line 376)
Validation Details:
  Errors: 0
  Warnings: 2
  Details:
    - [WARNING] NUMCALF: NUMCALF (1) is more than half of NUMBER (1) - verify count (rows 1467, EVENTNO=1477)
    - [WARNING] NUMCALF: NUMCALF (1) is more than half of NUMBER (1) - verify count (rows 2957, EVENTNO=2967)
--------------------------------------------------------------------------------

[29-Jun-2026 11:51:21] p105238
Type: Validation error
Error: Validation failed: 0 errors, 1 warnings (0 acknowledged, 1 new)
ID: Ingestion:ValidationFailed
Location: BatchUploader.uploadSurvey (line 376)
Validation Details:
  Errors: 0
  Warnings: 1
  Details:
    - [WARNING] NUMCALF: NUMCALF (1) is more than half of NUMBER (1) - verify count (rows 1491, EVENTNO=1574)
--------------------------------------------------------------------------------

[29-Jun-2026 11:51:24] p105245
Type: Validation error
Error: Validation failed: 0 errors, 1 warnings (0 acknowledged, 1 new)
ID: Ingestion:ValidationFailed
Location: BatchUploader.uploadSurvey (line 376)
Validation Details:
  Errors: 0
  Warnings: 1
  Details:
    - [WARNING] BEHAV: Calf-associated behavior(s) 40 recorded but no calf present (rows 1348, EVENTNO=1421)
--------------------------------------------------------------------------------

[29-Jun-2026 11:51:27] p105247
Type: Validation error
Error: Validation failed: 0 errors, 2 warnings (0 acknowledged, 2 new)
ID: Ingestion:ValidationFailed
Location: BatchUploader.uploadSurvey (line 376)
Validation Details:
  Errors: 0
  Warnings: 2
  Details:
    - [WARNING] NUMCALF: NUMCALF (1) is more than half of NUMBER (1) - verify count (rows 1588, EVENTNO=1649)
    - [WARNING] NUMCALF: NUMCALF (1) is more than half of NUMBER (1) - verify count (rows 2608, EVENTNO=2669)
--------------------------------------------------------------------------------

[29-Jun-2026 11:51:29] p105249
Type: Validation error
Error: Validation failed: 0 errors, 4 warnings (0 acknowledged, 4 new)
ID: Ingestion:ValidationFailed
Location: BatchUploader.uploadSurvey (line 376)
Validation Details:
  Errors: 0
  Warnings: 4
  Details:
    - [WARNING] NUMCALF: NUMCALF (1) is more than half of NUMBER (1) - verify count (rows 985, EVENTNO=1026)
    - [WARNING] NUMCALF: NUMCALF (1) is more than half of NUMBER (1) - verify count (rows 1288, EVENTNO=1329)
    - [WARNING] NUMCALF: NUMCALF (1) is more than half of NUMBER (1) - verify count (rows 1354, EVENTNO=1395)
    - [WARNING] NUMCALF: NUMCALF (1) is more than half of NUMBER (1) - verify count (rows 2230, EVENTNO=2272)
--------------------------------------------------------------------------------

[29-Jun-2026 11:51:31] p105271
Type: Validation error
Error: Validation failed: 0 errors, 1 warnings (0 acknowledged, 1 new)
ID: Ingestion:ValidationFailed
Location: BatchUploader.uploadSurvey (line 376)
Validation Details:
  Errors: 0
  Warnings: 1
  Details:
    - [WARNING] NUMCALF: NUMCALF (1) is more than half of NUMBER (1) - verify count (rows 2586, EVENTNO=2672)
--------------------------------------------------------------------------------

[29-Jun-2026 11:51:31] p106215
Type: Validation error
Error: Validation failed: 0 errors, 2 warnings (0 acknowledged, 2 new)
ID: Ingestion:ValidationFailed
Location: BatchUploader.uploadSurvey (line 376)
Validation Details:
  Errors: 0
  Warnings: 2
  Details:
    - [WARNING] NUMCALF: NUMCALF (1) is more than half of NUMBER (1) - verify count (rows 492, EVENTNO=3025)
    - [WARNING] NUMCALF: NUMCALF (1) is more than half of NUMBER (1) - verify count (rows 522, EVENTNO=3198)
--------------------------------------------------------------------------------

[29-Jun-2026 11:51:32] p106216
Type: Validation error
Error: Validation failed: 0 errors, 2 warnings (0 acknowledged, 2 new)
ID: Ingestion:ValidationFailed
Location: BatchUploader.uploadSurvey (line 376)
Validation Details:
  Errors: 0
  Warnings: 2
  Details:
    - [WARNING] NUMCALF: NUMCALF (1) is more than half of NUMBER (1) - verify count (rows 178, EVENTNO=1091)
    - [WARNING] NUMCALF: NUMCALF (1) is more than half of NUMBER (1) - verify count (rows 212, EVENTNO=1283)
--------------------------------------------------------------------------------

[29-Jun-2026 11:51:33] p106217
Type: Validation error
Error: Validation failed: 0 errors, 4 warnings (0 acknowledged, 4 new)
ID: Ingestion:ValidationFailed
Location: BatchUploader.uploadSurvey (line 376)
Validation Details:
  Errors: 0
  Warnings: 4
  Details:
    - [WARNING] NUMCALF: NUMCALF (1) is more than half of NUMBER (1) - verify count (rows 111, EVENTNO=597)
    - [WARNING] NUMCALF: NUMCALF (1) is more than half of NUMBER (1) - verify count (rows 113, EVENTNO=605)
    - [WARNING] NUMCALF: NUMCALF (1) is more than half of NUMBER (1) - verify count (rows 234, EVENTNO=1279)
    - [WARNING] NUMCALF: NUMCALF (1) is more than half of NUMBER (1) - verify count (rows 462, EVENTNO=2558)
--------------------------------------------------------------------------------

[29-Jun-2026 11:51:33] p106218
Type: Validation error
Error: Validation failed: 0 errors, 5 warnings (0 acknowledged, 5 new)
ID: Ingestion:ValidationFailed
Location: BatchUploader.uploadSurvey (line 376)
Validation Details:
  Errors: 0
  Warnings: 5
  Details:
    - [WARNING] NUMCALF: NUMCALF (1) is more than half of NUMBER (1) - verify count (rows 502, EVENTNO=2754)
    - [WARNING] NUMCALF: NUMCALF (1) is more than half of NUMBER (1) - verify count (rows 507, EVENTNO=2781)
    - [WARNING] NUMCALF: NUMCALF (1) is more than half of NUMBER (1) - verify count (rows 521, EVENTNO=2856)
    - [WARNING] NUMCALF: NUMCALF (1) is more than half of NUMBER (1) - verify count (rows 560, EVENTNO=3040)
    - [WARNING] NUMCALF: NUMCALF (1) is more than half of NUMBER (1) - verify count (rows 636, EVENTNO=3453)
--------------------------------------------------------------------------------

[29-Jun-2026 11:51:34] p106221
Type: Validation error
Error: Validation failed: 0 errors, 1 warnings (0 acknowledged, 1 new)
ID: Ingestion:ValidationFailed
Location: BatchUploader.uploadSurvey (line 376)
Validation Details:
  Errors: 0
  Warnings: 1
  Details:
    - [WARNING] NUMCALF: NUMCALF (1) is more than half of NUMBER (1) - verify count (rows 337, EVENTNO=1767)
--------------------------------------------------------------------------------

[29-Jun-2026 11:51:35] p106228
Type: Validation error
Error: Validation failed: 0 errors, 1 warnings (0 acknowledged, 1 new)
ID: Ingestion:ValidationFailed
Location: BatchUploader.uploadSurvey (line 376)
Validation Details:
  Errors: 0
  Warnings: 1
  Details:
    - [WARNING] NUMCALF: NUMCALF (1) is more than half of NUMBER (1) - verify count (rows 302, EVENTNO=1607)
--------------------------------------------------------------------------------

[29-Jun-2026 11:51:36] p106229
Type: Validation error
Error: Validation failed: 0 errors, 2 warnings (0 acknowledged, 2 new)
ID: Ingestion:ValidationFailed
Location: BatchUploader.uploadSurvey (line 376)
Validation Details:
  Errors: 0
  Warnings: 2
  Details:
    - [WARNING] NUMCALF: NUMCALF (1) is more than half of NUMBER (1) - verify count (rows 508, EVENTNO=2876)
    - [WARNING] NUMCALF: NUMCALF (1) is more than half of NUMBER (1) - verify count (rows 514, EVENTNO=2911)
--------------------------------------------------------------------------------

[29-Jun-2026 11:51:38] p106230
Type: Validation error
Error: Validation failed: 0 errors, 1 warnings (0 acknowledged, 1 new)
ID: Ingestion:ValidationFailed
Location: BatchUploader.uploadSurvey (line 376)
Validation Details:
  Errors: 0
  Warnings: 1
  Details:
    - [WARNING] NUMCALF: NUMCALF (1) is more than half of NUMBER (1) - verify count (rows 208, EVENTNO=1121)
--------------------------------------------------------------------------------

[29-Jun-2026 11:51:39] p106239
Type: Validation error
Error: Validation failed: 0 errors, 3 warnings (0 acknowledged, 3 new)
ID: Ingestion:ValidationFailed
Location: BatchUploader.uploadSurvey (line 376)
Validation Details:
  Errors: 0
  Warnings: 3
  Details:
    - [WARNING] NUMCALF: NUMCALF (1) is more than half of NUMBER (1) - verify count (rows 238, EVENTNO=1322)
    - [WARNING] NUMCALF: NUMCALF (1) is more than half of NUMBER (1) - verify count (rows 287, EVENTNO=1602)
    - [WARNING] NUMCALF: NUMCALF (1) is more than half of NUMBER (1) - verify count (rows 314, EVENTNO=1746)
--------------------------------------------------------------------------------

[29-Jun-2026 11:51:39] p106242
Type: Validation error
Error: Validation failed: 0 errors, 1 warnings (0 acknowledged, 1 new)
ID: Ingestion:ValidationFailed
Location: BatchUploader.uploadSurvey (line 376)
Validation Details:
  Errors: 0
  Warnings: 1
  Details:
    - [WARNING] NUMCALF: NUMCALF (1) is more than half of NUMBER (1) - verify count (rows 573, EVENTNO=3277)
--------------------------------------------------------------------------------

[29-Jun-2026 11:51:40] p106245
Type: Validation error
Error: Validation failed: 0 errors, 2 warnings (0 acknowledged, 2 new)
ID: Ingestion:ValidationFailed
Location: BatchUploader.uploadSurvey (line 376)
Validation Details:
  Errors: 0
  Warnings: 2
  Details:
    - [WARNING] NUMCALF: NUMCALF (1) is more than half of NUMBER (1) - verify count (rows 254, EVENTNO=1477)
    - [WARNING] NUMCALF: NUMCALF (1) is more than half of NUMBER (1) - verify count (rows 284, EVENTNO=1629)
--------------------------------------------------------------------------------

[29-Jun-2026 11:51:41] p106246
Type: Validation error
Error: Validation failed: 0 errors, 4 warnings (0 acknowledged, 4 new)
ID: Ingestion:ValidationFailed
Location: BatchUploader.uploadSurvey (line 376)
Validation Details:
  Errors: 0
  Warnings: 4
  Details:
    - [WARNING] NUMCALF: NUMCALF (1) is more than half of NUMBER (1) - verify count (rows 338, EVENTNO=1943)
    - [WARNING] NUMCALF: NUMCALF (1) is more than half of NUMBER (1) - verify count (rows 352, EVENTNO=2015)
    - [WARNING] NUMCALF: NUMCALF (1) is more than half of NUMBER (1) - verify count (rows 373, EVENTNO=2134)
    - [WARNING] NUMCALF: NUMCALF (1) is more than half of NUMBER (1) - verify count (rows 421, EVENTNO=2413)
--------------------------------------------------------------------------------

[29-Jun-2026 11:51:42] p106256
Type: Validation error
Error: Validation failed: 0 errors, 1 warnings (0 acknowledged, 1 new)
ID: Ingestion:ValidationFailed
Location: BatchUploader.uploadSurvey (line 376)
Validation Details:
  Errors: 0
  Warnings: 1
  Details:
    - [WARNING] NUMCALF: NUMCALF (1) is more than half of NUMBER (1) - verify count (rows 161, EVENTNO=917)
--------------------------------------------------------------------------------

[29-Jun-2026 11:51:42] p106259
Type: Validation error
Error: Validation failed: 0 errors, 1 warnings (0 acknowledged, 1 new)
ID: Ingestion:ValidationFailed
Location: BatchUploader.uploadSurvey (line 376)
Validation Details:
  Errors: 0
  Warnings: 1
  Details:
    - [WARNING] NUMCALF: NUMCALF (1) is more than half of NUMBER (1) - verify count (rows 77, EVENTNO=1003)
--------------------------------------------------------------------------------

[29-Jun-2026 11:51:43] p106260
Type: Validation error
Error: Validation failed: 0 errors, 3 warnings (0 acknowledged, 3 new)
ID: Ingestion:ValidationFailed
Location: BatchUploader.uploadSurvey (line 376)
Validation Details:
  Errors: 0
  Warnings: 3
  Details:
    - [WARNING] NUMCALF: NUMCALF (1) is more than half of NUMBER (1) - verify count (rows 318, EVENTNO=1649)
    - [WARNING] NUMCALF: NUMCALF (1) is more than half of NUMBER (1) - verify count (rows 408, EVENTNO=2127)
    - [WARNING] NUMCALF: NUMCALF (1) is more than half of NUMBER (1) - verify count (rows 492, EVENTNO=2591)
--------------------------------------------------------------------------------

[29-Jun-2026 11:51:44] p106270
Type: Validation error
Error: Validation failed: 0 errors, 1 warnings (0 acknowledged, 1 new)
ID: Ingestion:ValidationFailed
Location: BatchUploader.uploadSurvey (line 376)
Validation Details:
  Errors: 0
  Warnings: 1
  Details:
    - [WARNING] NUMCALF: NUMCALF (1) is more than half of NUMBER (1) - verify count (rows 378, EVENTNO=2176)
--------------------------------------------------------------------------------

[29-Jun-2026 11:51:45] p106271
Type: Validation error
Error: Validation failed: 0 errors, 2 warnings (0 acknowledged, 2 new)
ID: Ingestion:ValidationFailed
Location: BatchUploader.uploadSurvey (line 376)
Validation Details:
  Errors: 0
  Warnings: 2
  Details:
    - [WARNING] NUMCALF: NUMCALF (1) is more than half of NUMBER (1) - verify count (rows 200, EVENTNO=1175)
    - [WARNING] NUMCALF: NUMCALF (1) is more than half of NUMBER (1) - verify count (rows 557, EVENTNO=3127)
--------------------------------------------------------------------------------

[29-Jun-2026 11:51:46] p107223
Type: Validation error
Error: Validation failed: 0 errors, 2 warnings (0 acknowledged, 2 new)
ID: Ingestion:ValidationFailed
Location: BatchUploader.uploadSurvey (line 376)
Validation Details:
  Errors: 0
  Warnings: 2
  Details:
    - [WARNING] NUMCALF: NUMCALF (1) is more than half of NUMBER (1) - verify count (rows 647, EVENTNO=651)
    - [WARNING] NUMCALF: NUMCALF (1) is more than half of NUMBER (1) - verify count (rows 717, EVENTNO=721)
--------------------------------------------------------------------------------

[29-Jun-2026 11:51:47] p107226
Type: Validation error
Error: Validation failed: 0 errors, 1 warnings (0 acknowledged, 1 new)
ID: Ingestion:ValidationFailed
Location: BatchUploader.uploadSurvey (line 376)
Validation Details:
  Errors: 0
  Warnings: 1
  Details:
    - [WARNING] NUMCALF: NUMCALF (1) is more than half of NUMBER (1) - verify count (rows 721, EVENTNO=723)
--------------------------------------------------------------------------------

[29-Jun-2026 11:51:48] p107228
Type: Validation error
Error: Validation failed: 0 errors, 1 warnings (0 acknowledged, 1 new)
ID: Ingestion:ValidationFailed
Location: BatchUploader.uploadSurvey (line 376)
Validation Details:
  Errors: 0
  Warnings: 1
  Details:
    - [WARNING] NUMCALF: NUMCALF (1) is more than half of NUMBER (1) - verify count (rows 476, EVENTNO=500)
--------------------------------------------------------------------------------

[29-Jun-2026 11:51:49] p107233
Type: Validation error
Error: Validation failed: 0 errors, 2 warnings (0 acknowledged, 2 new)
ID: Ingestion:ValidationFailed
Location: BatchUploader.uploadSurvey (line 376)
Validation Details:
  Errors: 0
  Warnings: 2
  Details:
    - [WARNING] NUMCALF: NUMCALF (1) is more than half of NUMBER (1) - verify count (rows 609, EVENTNO=618)
    - [WARNING] NUMCALF: NUMCALF (1) is more than half of NUMBER (1) - verify count (rows 690, EVENTNO=699)
--------------------------------------------------------------------------------

[29-Jun-2026 11:51:50] p107234
Type: Validation error
Error: Validation failed: 0 errors, 3 warnings (0 acknowledged, 3 new)
ID: Ingestion:ValidationFailed
Location: BatchUploader.uploadSurvey (line 376)
Validation Details:
  Errors: 0
  Warnings: 3
  Details:
    - [WARNING] NUMCALF: NUMCALF (1) is more than half of NUMBER (1) - verify count (rows 715, EVENTNO=722)
    - [WARNING] NUMCALF: NUMCALF (1) is more than half of NUMBER (1) - verify count (rows 759, EVENTNO=766)
    - [WARNING] BEHAV: Calf-associated behavior(s) 42 recorded but no calf present (rows 257, EVENTNO=264)
--------------------------------------------------------------------------------

[29-Jun-2026 11:51:50] p107235
Type: Validation error
Error: Validation failed: 0 errors, 3 warnings (0 acknowledged, 3 new)
ID: Ingestion:ValidationFailed
Location: BatchUploader.uploadSurvey (line 376)
Validation Details:
  Errors: 0
  Warnings: 3
  Details:
    - [WARNING] NUMCALF: NUMCALF (1) is more than half of NUMBER (1) - verify count (rows 235, EVENTNO=270)
    - [WARNING] NUMCALF: NUMCALF (1) is more than half of NUMBER (1) - verify count (rows 352, EVENTNO=387)
    - [WARNING] NUMCALF: NUMCALF (1) is more than half of NUMBER (1) - verify count (rows 531, EVENTNO=566)
--------------------------------------------------------------------------------

[29-Jun-2026 11:51:52] p107239
Type: Validation error
Error: Validation failed: 0 errors, 2 warnings (0 acknowledged, 2 new)
ID: Ingestion:ValidationFailed
Location: BatchUploader.uploadSurvey (line 376)
Validation Details:
  Errors: 0
  Warnings: 2
  Details:
    - [WARNING] NUMCALF: NUMCALF (1) is more than half of NUMBER (1) - verify count (rows 137, EVENTNO=148)
    - [WARNING] NUMCALF: NUMCALF (2) is more than half of NUMBER (3) - verify count (rows 510, EVENTNO=521)
--------------------------------------------------------------------------------

[29-Jun-2026 11:51:53] p107256
Type: Validation error
Error: Validation failed: 0 errors, 3 warnings (0 acknowledged, 3 new)
ID: Ingestion:ValidationFailed
Location: BatchUploader.uploadSurvey (line 376)
Validation Details:
  Errors: 0
  Warnings: 3
  Details:
    - [WARNING] NUMCALF: NUMCALF (1) is more than half of NUMBER (1) - verify count (rows 210, EVENTNO=225)
    - [WARNING] NUMCALF: NUMCALF (1) is more than half of NUMBER (1) - verify count (rows 354, EVENTNO=369)
    - [WARNING] NUMCALF: NUMCALF (1) is more than half of NUMBER (1) - verify count (rows 744, EVENTNO=759)
--------------------------------------------------------------------------------

[29-Jun-2026 11:51:54] p107257
Type: Validation error
Error: Validation failed: 0 errors, 4 warnings (0 acknowledged, 4 new)
ID: Ingestion:ValidationFailed
Location: BatchUploader.uploadSurvey (line 376)
Validation Details:
  Errors: 0
  Warnings: 4
  Details:
    - [WARNING] NUMCALF: NUMCALF (1) is more than half of NUMBER (1) - verify count (rows 275, EVENTNO=289)
    - [WARNING] NUMCALF: NUMCALF (1) is more than half of NUMBER (1) - verify count (rows 277, EVENTNO=291)
    - [WARNING] NUMCALF: NUMCALF (1) is more than half of NUMBER (1) - verify count (rows 285, EVENTNO=299)
    - [WARNING] NUMCALF: NUMCALF (1) is more than half of NUMBER (1) - verify count (rows 330, EVENTNO=344)
--------------------------------------------------------------------------------

[29-Jun-2026 11:51:55] p107260
Type: Validation error
Error: Validation failed: 0 errors, 2 warnings (0 acknowledged, 2 new)
ID: Ingestion:ValidationFailed
Location: BatchUploader.uploadSurvey (line 376)
Validation Details:
  Errors: 0
  Warnings: 2
  Details:
    - [WARNING] NUMCALF: NUMCALF (1) is more than half of NUMBER (1) - verify count (rows 203, EVENTNO=221)
    - [WARNING] NUMCALF: NUMCALF (1) is more than half of NUMBER (1) - verify count (rows 331, EVENTNO=349)
--------------------------------------------------------------------------------

[29-Jun-2026 11:51:57] p107261
Type: Validation error
Error: Validation failed: 0 errors, 1 warnings (0 acknowledged, 1 new)
ID: Ingestion:ValidationFailed
Location: BatchUploader.uploadSurvey (line 376)
Validation Details:
  Errors: 0
  Warnings: 1
  Details:
    - [WARNING] NUMCALF: NUMCALF (1) is more than half of NUMBER (1) - verify count (rows 808, EVENTNO=860)
--------------------------------------------------------------------------------

[29-Jun-2026 11:52:00] p107262a
Type: Validation error
Error: Validation failed: 0 errors, 4 warnings (0 acknowledged, 4 new)
ID: Ingestion:ValidationFailed
Location: BatchUploader.uploadSurvey (line 376)
Validation Details:
  Errors: 0
  Warnings: 4
  Details:
    - [WARNING] NUMCALF: NUMCALF (1) is more than half of NUMBER (1) - verify count (rows 1052, EVENTNO=1123)
    - [WARNING] NUMCALF: NUMCALF (1) is more than half of NUMBER (1) - verify count (rows 1195, EVENTNO=1266)
    - [WARNING] NUMCALF: NUMCALF (1) is more than half of NUMBER (1) - verify count (rows 2004, EVENTNO=2075)
    - [WARNING] NUMCALF: NUMCALF (1) is more than half of NUMBER (1) - verify count (rows 2464, EVENTNO=2535)
--------------------------------------------------------------------------------

[29-Jun-2026 11:52:01] p107268
Type: Validation error
Error: Validation failed: 0 errors, 2 warnings (0 acknowledged, 2 new)
ID: Ingestion:ValidationFailed
Location: BatchUploader.uploadSurvey (line 376)
Validation Details:
  Errors: 0
  Warnings: 2
  Details:
    - [WARNING] NUMCALF: NUMCALF (1) is more than half of NUMBER (1) - verify count (rows 726, EVENTNO=751)
    - [WARNING] NUMCALF: NUMCALF (1) is more than half of NUMBER (1) - verify count (rows 792, EVENTNO=817)
--------------------------------------------------------------------------------

[29-Jun-2026 11:52:03] p107273
Type: Validation error
Error: Validation failed: 0 errors, 1 warnings (0 acknowledged, 1 new)
ID: Ingestion:ValidationFailed
Location: BatchUploader.uploadSurvey (line 376)
Validation Details:
  Errors: 0
  Warnings: 1
  Details:
    - [WARNING] NUMCALF: NUMCALF (1) is more than half of NUMBER (1) - verify count (rows 761, EVENTNO=809)
--------------------------------------------------------------------------------

[29-Jun-2026 11:52:04] p108219
Type: Validation error
Error: Validation failed: 0 errors, 6 warnings (0 acknowledged, 6 new)
ID: Ingestion:ValidationFailed
Location: BatchUploader.uploadSurvey (line 376)
Validation Details:
  Errors: 0
  Warnings: 6
  Details:
    - [WARNING] NUMCALF: NUMCALF (1) is more than half of NUMBER (1) - verify count (rows 244, EVENTNO=1297)
    - [WARNING] NUMCALF: NUMCALF (1) is more than half of NUMBER (1) - verify count (rows 277, EVENTNO=1483)
    - [WARNING] NUMCALF: NUMCALF (1) is more than half of NUMBER (1) - verify count (rows 280, EVENTNO=1498)
    - [WARNING] NUMCALF: NUMCALF (1) is more than half of NUMBER (1) - verify count (rows 295, EVENTNO=1581)
    - [WARNING] NUMCALF: NUMCALF (1) is more than half of NUMBER (1) - verify count (rows 504, EVENTNO=2739)
    - [WARNING] NUMCALF: NUMCALF (1) is more than half of NUMBER (1) - verify count (rows 635, EVENTNO=3473)
--------------------------------------------------------------------------------

[29-Jun-2026 11:52:05] p108220
Type: Validation error
Error: Validation failed: 0 errors, 5 warnings (0 acknowledged, 5 new)
ID: Ingestion:ValidationFailed
Location: BatchUploader.uploadSurvey (line 376)
Validation Details:
  Errors: 0
  Warnings: 5
  Details:
    - [WARNING] NUMCALF: NUMCALF (1) is more than half of NUMBER (1) - verify count (rows 458, EVENTNO=470)
    - [WARNING] NUMCALF: NUMCALF (1) is more than half of NUMBER (1) - verify count (rows 493, EVENTNO=505)
    - [WARNING] NUMCALF: NUMCALF (1) is more than half of NUMBER (1) - verify count (rows 564, EVENTNO=576)
    - [WARNING] NUMCALF: NUMCALF (2) is more than half of NUMBER (3) - verify count (rows 647, EVENTNO=659)
    - [WARNING] NUMCALF: NUMCALF (1) is more than half of NUMBER (1) - verify count (rows 678, EVENTNO=690)
--------------------------------------------------------------------------------

[29-Jun-2026 11:52:05] p108235
Type: Validation error
Error: Validation failed: 0 errors, 2 warnings (0 acknowledged, 2 new)
ID: Ingestion:ValidationFailed
Location: BatchUploader.uploadSurvey (line 376)
Validation Details:
  Errors: 0
  Warnings: 2
  Details:
    - [WARNING] NUMCALF: NUMCALF (2) is more than half of NUMBER (3) - verify count (rows 208, EVENTNO=226)
    - [WARNING] BEHAV: Calf-associated behavior(s) 40 recorded but no calf present (rows 457, EVENTNO=501)
--------------------------------------------------------------------------------

[29-Jun-2026 11:52:06] p108237
Type: Validation error
Error: Validation failed: 0 errors, 5 warnings (0 acknowledged, 5 new)
ID: Ingestion:ValidationFailed
Location: BatchUploader.uploadSurvey (line 376)
Validation Details:
  Errors: 0
  Warnings: 5
  Details:
    - [WARNING] NUMCALF: NUMCALF (1) is more than half of NUMBER (1) - verify count (rows 224, EVENTNO=253)
    - [WARNING] NUMCALF: NUMCALF (1) is more than half of NUMBER (1) - verify count (rows 275, EVENTNO=304)
    - [WARNING] NUMCALF: NUMCALF (2) is more than half of NUMBER (2) - verify count (rows 294, EVENTNO=323)
    - [WARNING] NUMCALF: NUMCALF (1) is more than half of NUMBER (1) - verify count (rows 333, EVENTNO=362)
    - [WARNING] NUMCALF: NUMCALF (1) is more than half of NUMBER (1) - verify count (rows 340, EVENTNO=369)
--------------------------------------------------------------------------------

[29-Jun-2026 11:52:07] p108243
Type: Validation error
Error: Validation failed: 0 errors, 3 warnings (0 acknowledged, 3 new)
ID: Ingestion:ValidationFailed
Location: BatchUploader.uploadSurvey (line 376)
Validation Details:
  Errors: 0
  Warnings: 3
  Details:
    - [WARNING] NUMCALF: NUMCALF (1) is more than half of NUMBER (1) - verify count (rows 160, EVENTNO=200)
    - [WARNING] NUMCALF: NUMCALF (1) is more than half of NUMBER (1) - verify count (rows 242, EVENTNO=282)
    - [WARNING] NUMCALF: NUMCALF (1) is more than half of NUMBER (1) - verify count (rows 373, EVENTNO=413)
--------------------------------------------------------------------------------

[29-Jun-2026 11:52:08] p108244
Type: Validation error
Error: Validation failed: 0 errors, 4 warnings (0 acknowledged, 4 new)
ID: Ingestion:ValidationFailed
Location: BatchUploader.uploadSurvey (line 376)
Validation Details:
  Errors: 0
  Warnings: 4
  Details:
    - [WARNING] NUMCALF: NUMCALF (1) is more than half of NUMBER (1) - verify count (rows 125, EVENTNO=125)
    - [WARNING] NUMCALF: NUMCALF (1) is more than half of NUMBER (1) - verify count (rows 261, EVENTNO=279)
    - [WARNING] NUMCALF: NUMCALF (1) is more than half of NUMBER (1) - verify count (rows 282, EVENTNO=300)
    - [WARNING] NUMCALF: NUMCALF (1) is more than half of NUMBER (1) - verify count (rows 362, EVENTNO=380)
--------------------------------------------------------------------------------

[29-Jun-2026 11:52:09] p108255
Type: Validation error
Error: Validation failed: 0 errors, 4 warnings (0 acknowledged, 4 new)
ID: Ingestion:ValidationFailed
Location: BatchUploader.uploadSurvey (line 376)
Validation Details:
  Errors: 0
  Warnings: 4
  Details:
    - [WARNING] NUMCALF: NUMCALF (1) is more than half of NUMBER (1) - verify count (rows 280, EVENTNO=309)
    - [WARNING] NUMCALF: NUMCALF (1) is more than half of NUMBER (1) - verify count (rows 313, EVENTNO=342)
    - [WARNING] NUMCALF: NUMCALF (1) is more than half of NUMBER (1) - verify count (rows 360, EVENTNO=389)
    - [WARNING] NUMCALF: NUMCALF (1) is more than half of NUMBER (1) - verify count (rows 410, EVENTNO=439)
--------------------------------------------------------------------------------

[29-Jun-2026 11:52:10] p108260
Type: Validation error
Error: Validation failed: 0 errors, 1 warnings (0 acknowledged, 1 new)
ID: Ingestion:ValidationFailed
Location: BatchUploader.uploadSurvey (line 376)
Validation Details:
  Errors: 0
  Warnings: 1
  Details:
    - [WARNING] NUMCALF: NUMCALF (1) is more than half of NUMBER (1) - verify count (rows 265, EVENTNO=268)
--------------------------------------------------------------------------------

[29-Jun-2026 11:52:10] p108261
Type: Validation error
Error: Validation failed: 0 errors, 2 warnings (0 acknowledged, 2 new)
ID: Ingestion:ValidationFailed
Location: BatchUploader.uploadSurvey (line 376)
Validation Details:
  Errors: 0
  Warnings: 2
  Details:
    - [WARNING] NUMCALF: NUMCALF (1) is more than half of NUMBER (1) - verify count (rows 261, EVENTNO=270)
    - [WARNING] NUMCALF: NUMCALF (1) is more than half of NUMBER (1) - verify count (rows 335, EVENTNO=343)
--------------------------------------------------------------------------------

[29-Jun-2026 11:52:11] p108264
Type: Validation error
Error: Validation failed: 0 errors, 1 warnings (0 acknowledged, 1 new)
ID: Ingestion:ValidationFailed
Location: BatchUploader.uploadSurvey (line 376)
Validation Details:
  Errors: 0
  Warnings: 1
  Details:
    - [WARNING] NUMCALF: NUMCALF (1) is more than half of NUMBER (1) - verify count (rows 547, EVENTNO=546)
--------------------------------------------------------------------------------

[29-Jun-2026 11:52:12] p108267
Type: Validation error
Error: Validation failed: 0 errors, 1 warnings (0 acknowledged, 1 new)
ID: Ingestion:ValidationFailed
Location: BatchUploader.uploadSurvey (line 376)
Validation Details:
  Errors: 0
  Warnings: 1
  Details:
    - [WARNING] NUMCALF: NUMCALF (1) is more than half of NUMBER (1) - verify count (rows 327, EVENTNO=415)
--------------------------------------------------------------------------------

[29-Jun-2026 11:52:13] p108268
Type: Validation error
Error: Validation failed: 0 errors, 4 warnings (0 acknowledged, 4 new)
ID: Ingestion:ValidationFailed
Location: BatchUploader.uploadSurvey (line 376)
Validation Details:
  Errors: 0
  Warnings: 4
  Details:
    - [WARNING] NUMCALF: NUMCALF (1) is more than half of NUMBER (1) - verify count (rows 270, EVENTNO=279)
    - [WARNING] NUMCALF: NUMCALF (1) is more than half of NUMBER (1) - verify count (rows 275, EVENTNO=284)
    - [WARNING] NUMCALF: NUMCALF (1) is more than half of NUMBER (1) - verify count (rows 297, EVENTNO=306)
    - [WARNING] BEHAV: Calf-associated behavior(s) 40 recorded but no calf present (rows 375, EVENTNO=384)
--------------------------------------------------------------------------------

[29-Jun-2026 11:52:13] p108269
Type: Validation error
Error: Validation failed: 0 errors, 1 warnings (0 acknowledged, 1 new)
ID: Ingestion:ValidationFailed
Location: BatchUploader.uploadSurvey (line 376)
Validation Details:
  Errors: 0
  Warnings: 1
  Details:
    - [WARNING] NUMCALF: NUMCALF (1) is more than half of NUMBER (1) - verify count (rows 536, EVENTNO=563)
--------------------------------------------------------------------------------

[29-Jun-2026 11:52:14] p109225
Type: Validation error
Error: Validation failed: 0 errors, 1 warnings (0 acknowledged, 1 new)
ID: Ingestion:ValidationFailed
Location: BatchUploader.uploadSurvey (line 376)
Validation Details:
  Errors: 0
  Warnings: 1
  Details:
    - [WARNING] NUMCALF: NUMCALF (1) is more than half of NUMBER (1) - verify count (rows 157, EVENTNO=176)
--------------------------------------------------------------------------------

[29-Jun-2026 11:52:15] p109239
Type: Validation error
Error: Validation failed: 0 errors, 4 warnings (0 acknowledged, 4 new)
ID: Ingestion:ValidationFailed
Location: BatchUploader.uploadSurvey (line 376)
Validation Details:
  Errors: 0
  Warnings: 4
  Details:
    - [WARNING] NUMCALF: NUMCALF (1) is more than half of NUMBER (1) - verify count (rows 341, EVENTNO=339)
    - [WARNING] NUMCALF: NUMCALF (1) is more than half of NUMBER (1) - verify count (rows 356, EVENTNO=353)
    - [WARNING] NUMCALF: NUMCALF (1) is more than half of NUMBER (1) - verify count (rows 405, EVENTNO=402)
    - [WARNING] NUMCALF: NUMCALF (1) is more than half of NUMBER (1) - verify count (rows 485, EVENTNO=482)
--------------------------------------------------------------------------------

[29-Jun-2026 11:52:16] p109240
Type: Validation error
Error: Validation failed: 0 errors, 1 warnings (0 acknowledged, 1 new)
ID: Ingestion:ValidationFailed
Location: BatchUploader.uploadSurvey (line 376)
Validation Details:
  Errors: 0
  Warnings: 1
  Details:
    - [WARNING] NUMCALF: NUMCALF (1) is more than half of NUMBER (1) - verify count (rows 505, EVENTNO=535)
--------------------------------------------------------------------------------

[29-Jun-2026 11:52:17] p109245
Type: Validation error
Error: Validation failed: 0 errors, 5 warnings (0 acknowledged, 5 new)
ID: Ingestion:ValidationFailed
Location: BatchUploader.uploadSurvey (line 376)
Validation Details:
  Errors: 0
  Warnings: 5
  Details:
    - [WARNING] NUMCALF: NUMCALF (1) is more than half of NUMBER (1) - verify count (rows 238, EVENTNO=247)
    - [WARNING] NUMCALF: NUMCALF (1) is more than half of NUMBER (1) - verify count (rows 258, EVENTNO=267)
    - [WARNING] NUMCALF: NUMCALF (1) is more than half of NUMBER (1) - verify count (rows 269, EVENTNO=278)
    - [WARNING] NUMCALF: NUMCALF (1) is more than half of NUMBER (1) - verify count (rows 294, EVENTNO=303)
    - [WARNING] NUMCALF: NUMCALF (1) is more than half of NUMBER (1) - verify count (rows 308, EVENTNO=317)
--------------------------------------------------------------------------------

[29-Jun-2026 11:52:17] p109250
Type: Validation error
Error: Validation failed: 0 errors, 1 warnings (0 acknowledged, 1 new)
ID: Ingestion:ValidationFailed
Location: BatchUploader.uploadSurvey (line 376)
Validation Details:
  Errors: 0
  Warnings: 1
  Details:
    - [WARNING] NUMCALF: NUMCALF (1) is more than half of NUMBER (1) - verify count (rows 428, EVENTNO=416)
--------------------------------------------------------------------------------

[29-Jun-2026 11:52:18] p109251
Type: Validation error
Error: Validation failed: 0 errors, 1 warnings (0 acknowledged, 1 new)
ID: Ingestion:ValidationFailed
Location: BatchUploader.uploadSurvey (line 376)
Validation Details:
  Errors: 0
  Warnings: 1
  Details:
    - [WARNING] NUMCALF: NUMCALF (1) is more than half of NUMBER (1) - verify count (rows 168, EVENTNO=172)
--------------------------------------------------------------------------------

[29-Jun-2026 11:52:19] p109254
Type: Validation error
Error: Validation failed: 0 errors, 1 warnings (0 acknowledged, 1 new)
ID: Ingestion:ValidationFailed
Location: BatchUploader.uploadSurvey (line 376)
Validation Details:
  Errors: 0
  Warnings: 1
  Details:
    - [WARNING] NUMCALF: NUMCALF (1) is more than half of NUMBER (1) - verify count (rows 320, EVENTNO=349)
--------------------------------------------------------------------------------

[29-Jun-2026 11:52:20] p109255
Type: Validation error
Error: Validation failed: 0 errors, 4 warnings (0 acknowledged, 4 new)
ID: Ingestion:ValidationFailed
Location: BatchUploader.uploadSurvey (line 376)
Validation Details:
  Errors: 0
  Warnings: 4
  Details:
    - [WARNING] NUMCALF: NUMCALF (1) is more than half of NUMBER (1) - verify count (rows 264, EVENTNO=251)
    - [WARNING] NUMCALF: NUMCALF (1) is more than half of NUMBER (1) - verify count (rows 360, EVENTNO=346)
    - [WARNING] NUMCALF: NUMCALF (1) is more than half of NUMBER (1) - verify count (rows 435, EVENTNO=448)
    - [WARNING] NUMCALF: NUMCALF (1) is more than half of NUMBER (1) - verify count (rows 443, EVENTNO=456)
--------------------------------------------------------------------------------

[29-Jun-2026 11:52:21] p109264
Type: Validation error
Error: Validation failed: 0 errors, 1 warnings (0 acknowledged, 1 new)
ID: Ingestion:ValidationFailed
Location: BatchUploader.uploadSurvey (line 376)
Validation Details:
  Errors: 0
  Warnings: 1
  Details:
    - [WARNING] NUMCALF: NUMCALF (1) is more than half of NUMBER (1) - verify count (rows 332, EVENTNO=331)
--------------------------------------------------------------------------------

[29-Jun-2026 11:52:22] p109267
Type: Validation error
Error: Validation failed: 0 errors, 2 warnings (0 acknowledged, 2 new)
ID: Ingestion:ValidationFailed
Location: BatchUploader.uploadSurvey (line 376)
Validation Details:
  Errors: 0
  Warnings: 2
  Details:
    - [WARNING] NUMCALF: NUMCALF (1) is more than half of NUMBER (1) - verify count (rows 153, EVENTNO=164)
    - [WARNING] NUMCALF: NUMCALF (1) is more than half of NUMBER (1) - verify count (rows 255, EVENTNO=266)
--------------------------------------------------------------------------------

[29-Jun-2026 11:52:23] p110223
Type: Validation error
Error: Validation failed: 0 errors, 1 warnings (0 acknowledged, 1 new)
ID: Ingestion:ValidationFailed
Location: BatchUploader.uploadSurvey (line 376)
Validation Details:
  Errors: 0
  Warnings: 1
  Details:
    - [WARNING] NUMCALF: NUMCALF (1) is more than half of NUMBER (1) - verify count (rows 484, EVENTNO=636)
--------------------------------------------------------------------------------

[29-Jun-2026 11:52:23] p110239
Type: Validation error
Error: Validation failed: 0 errors, 1 warnings (0 acknowledged, 1 new)
ID: Ingestion:ValidationFailed
Location: BatchUploader.uploadSurvey (line 376)
Validation Details:
  Errors: 0
  Warnings: 1
  Details:
    - [WARNING] NUMCALF: NUMCALF (1) is more than half of NUMBER (1) - verify count (rows 428, EVENTNO=435)
--------------------------------------------------------------------------------

[29-Jun-2026 11:52:24] p110242
Type: Validation error
Error: Validation failed: 0 errors, 1 warnings (0 acknowledged, 1 new)
ID: Ingestion:ValidationFailed
Location: BatchUploader.uploadSurvey (line 376)
Validation Details:
  Errors: 0
  Warnings: 1
  Details:
    - [WARNING] NUMCALF: NUMCALF (1) is more than half of NUMBER (1) - verify count (rows 232, EVENTNO=239)
--------------------------------------------------------------------------------

[29-Jun-2026 11:52:25] p111221
Type: Validation error
Error: Validation failed: 0 errors, 2 warnings (0 acknowledged, 2 new)
ID: Ingestion:ValidationFailed
Location: BatchUploader.uploadSurvey (line 376)
Validation Details:
  Errors: 0
  Warnings: 2
  Details:
    - [WARNING] NUMCALF: NUMCALF (1) is more than half of NUMBER (1) - verify count (rows 1136, EVENTNO=1136)
    - [WARNING] NUMCALF: NUMCALF (1) is more than half of NUMBER (1) - verify count (rows 1242, EVENTNO=1242)
--------------------------------------------------------------------------------

[29-Jun-2026 11:52:26] p111229
Type: Validation error
Error: Validation failed: 0 errors, 1 warnings (0 acknowledged, 1 new)
ID: Ingestion:ValidationFailed
Location: BatchUploader.uploadSurvey (line 376)
Validation Details:
  Errors: 0
  Warnings: 1
  Details:
    - [WARNING] NUMCALF: NUMCALF (1) is more than half of NUMBER (1) - verify count (rows 907, EVENTNO=907)
--------------------------------------------------------------------------------

[29-Jun-2026 11:52:27] p111236
Type: Validation error
Error: Validation failed: 0 errors, 1 warnings (0 acknowledged, 1 new)
ID: Ingestion:ValidationFailed
Location: BatchUploader.uploadSurvey (line 376)
Validation Details:
  Errors: 0
  Warnings: 1
  Details:
    - [WARNING] NUMCALF: NUMCALF (1) is more than half of NUMBER (1) - verify count (rows 610, EVENTNO=610)
--------------------------------------------------------------------------------

[29-Jun-2026 11:52:28] p111242
Type: Validation error
Error: Validation failed: 0 errors, 1 warnings (0 acknowledged, 1 new)
ID: Ingestion:ValidationFailed
Location: BatchUploader.uploadSurvey (line 376)
Validation Details:
  Errors: 0
  Warnings: 1
  Details:
    - [WARNING] NUMCALF: NUMCALF (1) is more than half of NUMBER (1) - verify count (rows 759, EVENTNO=759)
--------------------------------------------------------------------------------

[29-Jun-2026 11:52:29] p111252
Type: Validation error
Error: Validation failed: 0 errors, 2 warnings (0 acknowledged, 2 new)
ID: Ingestion:ValidationFailed
Location: BatchUploader.uploadSurvey (line 376)
Validation Details:
  Errors: 0
  Warnings: 2
  Details:
    - [WARNING] NUMCALF: NUMCALF (1) is more than half of NUMBER (1) - verify count (rows 349, EVENTNO=349)
    - [WARNING] BEHAV: Calf-associated behavior(s) 40 recorded but no calf present (rows 190, EVENTNO=190)
--------------------------------------------------------------------------------

[29-Jun-2026 11:52:30] p112233
Type: Validation error
Error: Validation failed: 0 errors, 1 warnings (0 acknowledged, 1 new)
ID: Ingestion:ValidationFailed
Location: BatchUploader.uploadSurvey (line 376)
Validation Details:
  Errors: 0
  Warnings: 1
  Details:
    - [WARNING] NUMCALF: NUMCALF (1) is more than half of NUMBER (1) - verify count (rows 173, EVENTNO=173)
--------------------------------------------------------------------------------

[29-Jun-2026 11:52:31] p112234
Type: Validation error
Error: Validation failed: 0 errors, 1 warnings (0 acknowledged, 1 new)
ID: Ingestion:ValidationFailed
Location: BatchUploader.uploadSurvey (line 376)
Validation Details:
  Errors: 0
  Warnings: 1
  Details:
    - [WARNING] NUMCALF: NUMCALF (1) is more than half of NUMBER (1) - verify count (rows 190, EVENTNO=190)
--------------------------------------------------------------------------------

[29-Jun-2026 11:52:31] p112239
Type: Validation error
Error: Validation failed: 0 errors, 2 warnings (0 acknowledged, 2 new)
ID: Ingestion:ValidationFailed
Location: BatchUploader.uploadSurvey (line 376)
Validation Details:
  Errors: 0
  Warnings: 2
  Details:
    - [WARNING] NUMCALF: NUMCALF (1) is more than half of NUMBER (1) - verify count (rows 132, EVENTNO=132)
    - [WARNING] NUMCALF: NUMCALF (1) is more than half of NUMBER (1) - verify count (rows 198, EVENTNO=198)
--------------------------------------------------------------------------------

[29-Jun-2026 11:52:32] p116233
Type: Validation error
Error: Validation failed: 0 errors, 1 warnings (0 acknowledged, 1 new)
ID: Ingestion:ValidationFailed
Location: BatchUploader.uploadSurvey (line 376)
Validation Details:
  Errors: 0
  Warnings: 1
  Details:
    - [WARNING] NUMCALF: NUMCALF (1) is more than half of NUMBER (1) - verify count (rows 308, EVENTNO=309)
--------------------------------------------------------------------------------

[29-Jun-2026 11:52:33] p116247
Type: Validation error
Error: Validation failed: 0 errors, 1 warnings (0 acknowledged, 1 new)
ID: Ingestion:ValidationFailed
Location: BatchUploader.uploadSurvey (line 376)
Validation Details:
  Errors: 0
  Warnings: 1
  Details:
    - [WARNING] NUMCALF: NUMCALF (1) is more than half of NUMBER (1) - verify count (rows 193, EVENTNO=193)
--------------------------------------------------------------------------------

[29-Jun-2026 11:52:34] p116248
Type: Validation error
Error: Validation failed: 0 errors, 1 warnings (0 acknowledged, 1 new)
ID: Ingestion:ValidationFailed
Location: BatchUploader.uploadSurvey (line 376)
Validation Details:
  Errors: 0
  Warnings: 1
  Details:
    - [WARNING] NUMCALF: NUMCALF (1) is more than half of NUMBER (1) - verify count (rows 379, EVENTNO=379)
--------------------------------------------------------------------------------

[29-Jun-2026 11:52:35] p118174
Type: Validation error
Error: Validation failed: 0 errors, 1 warnings (0 acknowledged, 1 new)
ID: Ingestion:ValidationFailed
Location: BatchUploader.uploadSurvey (line 376)
Validation Details:
  Errors: 0
  Warnings: 1
  Details:
    - [WARNING] NUMCALF: NUMCALF (1) is more than half of NUMBER (1) - verify count (rows 748, EVENTNO=749)
--------------------------------------------------------------------------------

[29-Jun-2026 11:52:36] p118225
Type: Validation error
Error: Validation failed: 0 errors, 1 warnings (0 acknowledged, 1 new)
ID: Ingestion:ValidationFailed
Location: BatchUploader.uploadSurvey (line 376)
Validation Details:
  Errors: 0
  Warnings: 1
  Details:
    - [WARNING] NUMCALF: NUMCALF (1) is more than half of NUMBER (1) - verify count (rows 45, EVENTNO=45)
--------------------------------------------------------------------------------

[29-Jun-2026 11:52:44] p203243
Type: Validation error
Error: Validation failed: 0 errors, 1 warnings (0 acknowledged, 1 new)
ID: Ingestion:ValidationFailed
Location: BatchUploader.uploadSurvey (line 376)
Validation Details:
  Errors: 0
  Warnings: 1
  Details:
    - [WARNING] BEHAV: Calf-associated behavior(s) 40 recorded but no calf present (rows 83, EVENTNO=85)
--------------------------------------------------------------------------------

[29-Jun-2026 11:52:45] p203244
Type: Validation error
Error: Validation failed: 0 errors, 1 warnings (0 acknowledged, 1 new)
ID: Ingestion:ValidationFailed
Location: BatchUploader.uploadSurvey (line 376)
Validation Details:
  Errors: 0
  Warnings: 1
  Details:
    - [WARNING] NUMCALF: NUMCALF (1) is more than half of NUMBER (1) - verify count (rows 56, EVENTNO=57)
--------------------------------------------------------------------------------

[29-Jun-2026 11:52:45] p210243
Type: Validation error
Error: Validation failed: 0 errors, 1 warnings (0 acknowledged, 1 new)
ID: Ingestion:ValidationFailed
Location: BatchUploader.uploadSurvey (line 376)
Validation Details:
  Errors: 0
  Warnings: 1
  Details:
    - [WARNING] NUMCALF: NUMCALF (1) is more than half of NUMBER (1) - verify count (rows 573, EVENTNO=600)
--------------------------------------------------------------------------------

[29-Jun-2026 11:52:46] p300232
Type: Validation error
Error: Validation failed: 0 errors, 2 warnings (0 acknowledged, 2 new)
ID: Ingestion:ValidationFailed
Location: BatchUploader.uploadSurvey (line 376)
Validation Details:
  Errors: 0
  Warnings: 2
  Details:
    - [WARNING] NUMCALF: NUMCALF (1) is more than half of NUMBER (1) - verify count (rows 10, EVENTNO=9)
    - [WARNING] NUMCALF: NUMCALF (2) is more than half of NUMBER (3) - verify count (rows 21, EVENTNO=19)
--------------------------------------------------------------------------------

[29-Jun-2026 11:52:46] p301200
Type: Validation error
Error: Validation failed: 0 errors, 3 warnings (0 acknowledged, 3 new)
ID: Ingestion:ValidationFailed
Location: BatchUploader.uploadSurvey (line 376)
Validation Details:
  Errors: 0
  Warnings: 3
  Details:
    - [WARNING] NUMCALF: NUMCALF (1) is more than half of NUMBER (1) - verify count (rows 71, EVENTNO=61)
    - [WARNING] NUMCALF: NUMCALF (1) is more than half of NUMBER (1) - verify count (rows 72, EVENTNO=62)
    - [WARNING] NUMCALF: NUMCALF (2) is more than half of NUMBER (2) - verify count (rows 83, EVENTNO=73)
--------------------------------------------------------------------------------

[29-Jun-2026 11:52:47] p301220
Type: Validation error
Error: Validation failed: 0 errors, 1 warnings (0 acknowledged, 1 new)
ID: Ingestion:ValidationFailed
Location: BatchUploader.uploadSurvey (line 376)
Validation Details:
  Errors: 0
  Warnings: 1
  Details:
    - [WARNING] NUMCALF: NUMCALF (1) is more than half of NUMBER (1) - verify count (rows 21, EVENTNO=20)
--------------------------------------------------------------------------------

[29-Jun-2026 11:52:47] p301225
Type: Validation error
Error: Validation failed: 0 errors, 1 warnings (0 acknowledged, 1 new)
ID: Ingestion:ValidationFailed
Location: BatchUploader.uploadSurvey (line 376)
Validation Details:
  Errors: 0
  Warnings: 1
  Details:
    - [WARNING] NUMCALF: NUMCALF (1) is more than half of NUMBER (1) - verify count (rows 19, EVENTNO=16)
--------------------------------------------------------------------------------

[29-Jun-2026 11:52:48] p301227
Type: Validation error
Error: Validation failed: 0 errors, 1 warnings (0 acknowledged, 1 new)
ID: Ingestion:ValidationFailed
Location: BatchUploader.uploadSurvey (line 376)
Validation Details:
  Errors: 0
  Warnings: 1
  Details:
    - [WARNING] NUMCALF: NUMCALF (1) is more than half of NUMBER (1) - verify count (rows 26, EVENTNO=25)
--------------------------------------------------------------------------------

[29-Jun-2026 11:52:48] p301228
Type: Validation error
Error: Validation failed: 0 errors, 1 warnings (0 acknowledged, 1 new)
ID: Ingestion:ValidationFailed
Location: BatchUploader.uploadSurvey (line 376)
Validation Details:
  Errors: 0
  Warnings: 1
  Details:
    - [WARNING] NUMCALF: NUMCALF (1) is more than half of NUMBER (1) - verify count (rows 20, EVENTNO=19)
--------------------------------------------------------------------------------

[29-Jun-2026 11:52:49] p301246
Type: Validation error
Error: Validation failed: 0 errors, 1 warnings (0 acknowledged, 1 new)
ID: Ingestion:ValidationFailed
Location: BatchUploader.uploadSurvey (line 376)
Validation Details:
  Errors: 0
  Warnings: 1
  Details:
    - [WARNING] NUMCALF: NUMCALF (1) is more than half of NUMBER (1) - verify count (rows 14, EVENTNO=12)
--------------------------------------------------------------------------------

[29-Jun-2026 11:52:49] p301248
Type: Validation error
Error: Validation failed: 0 errors, 1 warnings (0 acknowledged, 1 new)
ID: Ingestion:ValidationFailed
Location: BatchUploader.uploadSurvey (line 376)
Validation Details:
  Errors: 0
  Warnings: 1
  Details:
    - [WARNING] NUMCALF: NUMCALF (1) is more than half of NUMBER (1) - verify count (rows 27, EVENTNO=25)
--------------------------------------------------------------------------------

[29-Jun-2026 11:52:50] p301255
Type: Validation error
Error: Validation failed: 0 errors, 2 warnings (0 acknowledged, 2 new)
ID: Ingestion:ValidationFailed
Location: BatchUploader.uploadSurvey (line 376)
Validation Details:
  Errors: 0
  Warnings: 2
  Details:
    - [WARNING] NUMCALF: NUMCALF (1) is more than half of NUMBER (1) - verify count (rows 49, EVENTNO=46)
    - [WARNING] BEHAV: Calf-associated behavior(s) 40 recorded but no calf present (rows 28, EVENTNO=27)
--------------------------------------------------------------------------------

[29-Jun-2026 11:52:51] p301256
Type: Validation error
Error: Validation failed: 0 errors, 4 warnings (0 acknowledged, 4 new)
ID: Ingestion:ValidationFailed
Location: BatchUploader.uploadSurvey (line 376)
Validation Details:
  Errors: 0
  Warnings: 4
  Details:
    - [WARNING] NUMCALF: NUMCALF (1) is more than half of NUMBER (1) - verify count (rows 18, EVENTNO=18)
    - [WARNING] NUMCALF: NUMCALF (1) is more than half of NUMBER (1) - verify count (rows 24, EVENTNO=24)
    - [WARNING] NUMCALF: NUMCALF (1) is more than half of NUMBER (1) - verify count (rows 28, EVENTNO=28)
    - [WARNING] NUMCALF: NUMCALF (1) is more than half of NUMBER (1) - verify count (rows 31, EVENTNO=31)
--------------------------------------------------------------------------------

[29-Jun-2026 11:52:52] p302236
Type: Validation error
Error: Validation failed: 1 errors, 0 warnings (0 acknowledged, 0 new)
ID: Ingestion:ValidationFailed
Location: BatchUploader.uploadSurvey (line 376)
Validation Details:
  Errors: 1
  Warnings: 0
  Details:
    - [ERROR] BEHAV: Incompatible behaviors recorded: Behaviors 6 and 22 are incompatible (rows 23)
--------------------------------------------------------------------------------

[29-Jun-2026 11:52:52] p302245
Type: Validation error
Error: Validation failed: 0 errors, 1 warnings (0 acknowledged, 1 new)
ID: Ingestion:ValidationFailed
Location: BatchUploader.uploadSurvey (line 376)
Validation Details:
  Errors: 0
  Warnings: 1
  Details:
    - [WARNING] NUMCALF: NUMCALF (1) is more than half of NUMBER (1) - verify count (rows 32, EVENTNO=31)
--------------------------------------------------------------------------------

[29-Jun-2026 11:52:53] p316210
Type: Validation error
Error: Validation failed: 0 errors, 2 warnings (0 acknowledged, 2 new)
ID: Ingestion:ValidationFailed
Location: BatchUploader.uploadSurvey (line 376)
Validation Details:
  Errors: 0
  Warnings: 2
  Details:
    - [WARNING] NUMCALF: NUMCALF (1) is more than half of NUMBER (1) - verify count (rows 348, EVENTNO=348)
    - [WARNING] BEHAV: Calf-associated behavior(s) 40 recorded but no calf present (rows 352, EVENTNO=352)
--------------------------------------------------------------------------------

[29-Jun-2026 11:52:54] p316216
Type: Validation error
Error: Validation failed: 0 errors, 1 warnings (0 acknowledged, 1 new)
ID: Ingestion:ValidationFailed
Location: BatchUploader.uploadSurvey (line 376)
Validation Details:
  Errors: 0
  Warnings: 1
  Details:
    - [WARNING] BEHAV: Calf-associated behavior(s) 40 recorded but no calf present (rows 98, EVENTNO=100)
--------------------------------------------------------------------------------

[29-Jun-2026 11:52:55] p317214
Type: Validation error
Error: Validation failed: 0 errors, 2 warnings (0 acknowledged, 2 new)
ID: Ingestion:ValidationFailed
Location: BatchUploader.uploadSurvey (line 376)
Validation Details:
  Errors: 0
  Warnings: 2
  Details:
    - [WARNING] LAT_DD: Latitude outside typical survey area [20.0, 55.0] (rows 540, EVENTNO=540)
    - [WARNING] LONG_DD: Longitude outside typical survey area [-85.0, -40.0] (rows 540, EVENTNO=540)
--------------------------------------------------------------------------------

[29-Jun-2026 11:52:56] p319198
Type: Validation error
Error: Validation failed: 0 errors, 1 warnings (0 acknowledged, 1 new)
ID: Ingestion:ValidationFailed
Location: BatchUploader.uploadSurvey (line 376)
Validation Details:
  Errors: 0
  Warnings: 1
  Details:
    - [WARNING] NUMCALF: NUMCALF (1) is more than half of NUMBER (1) - verify count (rows 1570, EVENTNO=1586)
--------------------------------------------------------------------------------

[29-Jun-2026 11:52:57] p319199
Type: Validation error
Error: Validation failed: 0 errors, 2 warnings (0 acknowledged, 2 new)
ID: Ingestion:ValidationFailed
Location: BatchUploader.uploadSurvey (line 376)
Validation Details:
  Errors: 0
  Warnings: 2
  Details:
    - [WARNING] NUMCALF: NUMCALF (1) is more than half of NUMBER (1) - verify count (rows 601, EVENTNO=610)
    - [WARNING] BEHAV: Calf-associated behavior(s) 40 recorded but no calf present (rows 881, EVENTNO=896)
--------------------------------------------------------------------------------

[29-Jun-2026 11:52:59] p321194
Type: Validation error
Error: Validation failed: 0 errors, 3 warnings (0 acknowledged, 3 new)
ID: Ingestion:ValidationFailed
Location: BatchUploader.uploadSurvey (line 376)
Validation Details:
  Errors: 0
  Warnings: 3
  Details:
    - [WARNING] NUMCALF: NUMCALF (1) is more than half of NUMBER (1) - verify count (rows 790, EVENTNO=844)
    - [WARNING] NUMCALF: NUMCALF (1) is more than half of NUMBER (1) - verify count (rows 1195, EVENTNO=1250)
    - [WARNING] NUMCALF: NUMCALF (1) is more than half of NUMBER (1) - verify count (rows 1264, EVENTNO=1321)
--------------------------------------------------------------------------------

[29-Jun-2026 11:53:00] p321198
Type: Validation error
Error: Validation failed: 0 errors, 2 warnings (0 acknowledged, 2 new)
ID: Ingestion:ValidationFailed
Location: BatchUploader.uploadSurvey (line 376)
Validation Details:
  Errors: 0
  Warnings: 2
  Details:
    - [WARNING] NUMCALF: NUMCALF (1) is more than half of NUMBER (1) - verify count (rows 136, EVENTNO=148)
    - [WARNING] NUMCALF: NUMCALF (1) is more than half of NUMBER (1) - verify count (rows 388, EVENTNO=410)
--------------------------------------------------------------------------------

[29-Jun-2026 11:53:01] p321221
Type: Validation error
Error: Validation failed: 0 errors, 1 warnings (0 acknowledged, 1 new)
ID: Ingestion:ValidationFailed
Location: BatchUploader.uploadSurvey (line 376)
Validation Details:
  Errors: 0
  Warnings: 1
  Details:
    - [WARNING] NUMCALF: NUMCALF (1) is more than half of NUMBER (1) - verify count (rows 972, EVENTNO=1023)
--------------------------------------------------------------------------------

[29-Jun-2026 11:53:02] p321224
Type: Validation error
Error: Validation failed: 0 errors, 1 warnings (0 acknowledged, 1 new)
ID: Ingestion:ValidationFailed
Location: BatchUploader.uploadSurvey (line 376)
Validation Details:
  Errors: 0
  Warnings: 1
  Details:
    - [WARNING] NUMCALF: NUMCALF (1) is more than half of NUMBER (1) - verify count (rows 431, EVENTNO=451)
--------------------------------------------------------------------------------

[29-Jun-2026 11:53:04] p322197
Type: Validation error
Error: Validation failed: 0 errors, 1 warnings (0 acknowledged, 1 new)
ID: Ingestion:ValidationFailed
Location: BatchUploader.uploadSurvey (line 376)
Validation Details:
  Errors: 0
  Warnings: 1
  Details:
    - [WARNING] NUMCALF: NUMCALF (1) is more than half of NUMBER (1) - verify count (rows 1634, EVENTNO=1722)
--------------------------------------------------------------------------------

[29-Jun-2026 11:53:05] p322198
Type: Validation error
Error: Validation failed: 0 errors, 1 warnings (0 acknowledged, 1 new)
ID: Ingestion:ValidationFailed
Location: BatchUploader.uploadSurvey (line 376)
Validation Details:
  Errors: 0
  Warnings: 1
  Details:
    - [WARNING] NUMCALF: NUMCALF (1) is more than half of NUMBER (1) - verify count (rows 612, EVENTNO=650)
--------------------------------------------------------------------------------

[29-Jun-2026 11:53:06] p322218
Type: Validation error
Error: Validation failed: 0 errors, 2 warnings (0 acknowledged, 2 new)
ID: Ingestion:ValidationFailed
Location: BatchUploader.uploadSurvey (line 376)
Validation Details:
  Errors: 0
  Warnings: 2
  Details:
    - [WARNING] NUMCALF: NUMCALF (1) is more than half of NUMBER (1) - verify count (rows 227, EVENTNO=236)
    - [WARNING] NUMCALF: NUMCALF (1) is more than half of NUMBER (1) - verify count (rows 435, EVENTNO=452)
--------------------------------------------------------------------------------

[29-Jun-2026 11:53:06] p401223
Type: Validation error
Error: Validation failed: 0 errors, 1 warnings (0 acknowledged, 1 new)
ID: Ingestion:ValidationFailed
Location: BatchUploader.uploadSurvey (line 376)
Validation Details:
  Errors: 0
  Warnings: 1
  Details:
    - [WARNING] NUMCALF: NUMCALF (1) is more than half of NUMBER (1) - verify count (rows 15, EVENTNO=14)
--------------------------------------------------------------------------------

[29-Jun-2026 11:53:07] p401224
Type: Validation error
Error: Validation failed: 0 errors, 1 warnings (0 acknowledged, 1 new)
ID: Ingestion:ValidationFailed
Location: BatchUploader.uploadSurvey (line 376)
Validation Details:
  Errors: 0
  Warnings: 1
  Details:
    - [WARNING] BEHAV: Calf-associated behavior(s) 40 recorded but no calf present (rows 13, EVENTNO=13)
--------------------------------------------------------------------------------

[29-Jun-2026 11:53:07] p401226
Type: Validation error
Error: Validation failed: 0 errors, 2 warnings (0 acknowledged, 2 new)
ID: Ingestion:ValidationFailed
Location: BatchUploader.uploadSurvey (line 376)
Validation Details:
  Errors: 0
  Warnings: 2
  Details:
    - [WARNING] NUMCALF: NUMCALF (1) is more than half of NUMBER (1) - verify count (rows 26, EVENTNO=24)
    - [WARNING] NUMCALF: NUMCALF (2) is more than half of NUMBER (2) - verify count (rows 28, EVENTNO=25)
--------------------------------------------------------------------------------

[29-Jun-2026 11:53:08] p401228
Type: Validation error
Error: Validation failed: 0 errors, 1 warnings (0 acknowledged, 1 new)
ID: Ingestion:ValidationFailed
Location: BatchUploader.uploadSurvey (line 376)
Validation Details:
  Errors: 0
  Warnings: 1
  Details:
    - [WARNING] NUMCALF: NUMCALF (1) is more than half of NUMBER (1) - verify count (rows 16, EVENTNO=16)
--------------------------------------------------------------------------------

[29-Jun-2026 11:53:08] p401231
Type: Validation error
Error: Validation failed: 0 errors, 1 warnings (0 acknowledged, 1 new)
ID: Ingestion:ValidationFailed
Location: BatchUploader.uploadSurvey (line 376)
Validation Details:
  Errors: 0
  Warnings: 1
  Details:
    - [WARNING] NUMCALF: NUMCALF (1) is more than half of NUMBER (1) - verify count (rows 26, EVENTNO=24)
--------------------------------------------------------------------------------

[29-Jun-2026 11:53:09] p501210
Type: Validation error
Error: Validation failed: 0 errors, 1 warnings (0 acknowledged, 1 new)
ID: Ingestion:ValidationFailed
Location: BatchUploader.uploadSurvey (line 376)
Validation Details:
  Errors: 0
  Warnings: 1
  Details:
    - [WARNING] NUMCALF: NUMCALF (1) is more than half of NUMBER (1) - verify count (rows 33, EVENTNO=31)
--------------------------------------------------------------------------------

[29-Jun-2026 11:53:09] p501216
Type: Validation error
Error: Validation failed: 0 errors, 6 warnings (0 acknowledged, 6 new)
ID: Ingestion:ValidationFailed
Location: BatchUploader.uploadSurvey (line 376)
Validation Details:
  Errors: 0
  Warnings: 6
  Details:
    - [WARNING] NUMCALF: NUMCALF (1) is more than half of NUMBER (1) - verify count (rows 9, EVENTNO=9)
    - [WARNING] NUMCALF: NUMCALF (1) is more than half of NUMBER (1) - verify count (rows 13, EVENTNO=10)
    - [WARNING] NUMCALF: NUMCALF (1) is more than half of NUMBER (1) - verify count (rows 18, EVENTNO=13)
    - [WARNING] NUMCALF: NUMCALF (1) is more than half of NUMBER (1) - verify count (rows 24, EVENTNO=17)
    - [WARNING] NUMCALF: NUMCALF (1) is more than half of NUMBER (1) - verify count (rows 25, EVENTNO=18)
    - [WARNING] BEHAV: Calf-associated behavior(s) 40 recorded but no calf present (rows 10, EVENTNO=9)
--------------------------------------------------------------------------------

[29-Jun-2026 11:53:10] p501231
Type: Validation error
Error: Validation failed: 0 errors, 4 warnings (0 acknowledged, 4 new)
ID: Ingestion:ValidationFailed
Location: BatchUploader.uploadSurvey (line 376)
Validation Details:
  Errors: 0
  Warnings: 4
  Details:
    - [WARNING] NUMCALF: NUMCALF (1) is more than half of NUMBER (1) - verify count (rows 17, EVENTNO=15)
    - [WARNING] NUMCALF: NUMCALF (1) is more than half of NUMBER (1) - verify count (rows 19, EVENTNO=16)
    - [WARNING] NUMCALF: NUMCALF (1) is more than half of NUMBER (1) - verify count (rows 20, EVENTNO=17)
    - [WARNING] NUMCALF: NUMCALF (1) is more than half of NUMBER (1) - verify count (rows 22, EVENTNO=19)
--------------------------------------------------------------------------------

[29-Jun-2026 11:53:20] p519219
Type: Validation error
Error: Validation failed: 0 errors, 3 warnings (0 acknowledged, 3 new)
ID: Ingestion:ValidationFailed
Location: BatchUploader.uploadSurvey (line 376)
Validation Details:
  Errors: 0
  Warnings: 3
  Details:
    - [WARNING] BEHAV: Calf-associated behavior(s) 40 recorded but no calf present (rows 3285, EVENTNO=3285)
    - [WARNING] BEHAV: Calf-associated behavior(s) 40 recorded but no calf present (rows 6476, EVENTNO=6476)
    - [WARNING] BEHAV: Calf-associated behavior(s) [42 40] recorded but no calf present (rows 6823, EVENTNO=6823)
--------------------------------------------------------------------------------

[29-Jun-2026 11:53:26] p520216
Type: Validation error
Error: Validation failed: 0 errors, 1 warnings (0 acknowledged, 1 new)
ID: Ingestion:ValidationFailed
Location: BatchUploader.uploadSurvey (line 376)
Validation Details:
  Errors: 0
  Warnings: 1
  Details:
    - [WARNING] BEHAV: Calf-associated behavior(s) 40 recorded but no calf present (rows 18751, EVENTNO=18768)
--------------------------------------------------------------------------------

[29-Jun-2026 11:53:26] p702197
Type: Validation error
Error: Validation failed: 0 errors, 1 warnings (0 acknowledged, 1 new)
ID: Ingestion:ValidationFailed
Location: BatchUploader.uploadSurvey (line 376)
Validation Details:
  Errors: 0
  Warnings: 1
  Details:
    - [WARNING] BEHAV: Calf-associated behavior(s) 40 recorded but no calf present (rows 16, EVENTNO=16)
--------------------------------------------------------------------------------

[29-Jun-2026 11:53:27] p702212
Type: Validation error
Error: Validation failed: 0 errors, 1 warnings (0 acknowledged, 1 new)
ID: Ingestion:ValidationFailed
Location: BatchUploader.uploadSurvey (line 376)
Validation Details:
  Errors: 0
  Warnings: 1
  Details:
    - [WARNING] NUMCALF: NUMCALF (1) is more than half of NUMBER (1) - verify count (rows 22, EVENTNO=22)
--------------------------------------------------------------------------------

[29-Jun-2026 11:53:27] p704321
Type: Validation error
Error: Validation failed: 0 errors, 2 warnings (0 acknowledged, 2 new)
ID: Ingestion:ValidationFailed
Location: BatchUploader.uploadSurvey (line 376)
Validation Details:
  Errors: 0
  Warnings: 2
  Details:
    - [WARNING] BEHAV: Calf-associated behavior(s) 40 recorded but no calf present (rows 73, EVENTNO=1399)
    - [WARNING] BEHAV: Calf-associated behavior(s) 40 recorded but no calf present (rows 78, EVENTNO=1404)
--------------------------------------------------------------------------------

[29-Jun-2026 11:53:28] p704323
Type: Validation error
Error: Validation failed: 0 errors, 1 warnings (0 acknowledged, 1 new)
ID: Ingestion:ValidationFailed
Location: BatchUploader.uploadSurvey (line 376)
Validation Details:
  Errors: 0
  Warnings: 1
  Details:
    - [WARNING] BEHAV: Calf-associated behavior(s) 40 recorded but no calf present (rows 113, EVENTNO=1535)
--------------------------------------------------------------------------------

[29-Jun-2026 11:53:29] p704324
Type: Validation error
Error: Validation failed: 0 errors, 2 warnings (0 acknowledged, 2 new)
ID: Ingestion:ValidationFailed
Location: BatchUploader.uploadSurvey (line 376)
Validation Details:
  Errors: 0
  Warnings: 2
  Details:
    - [WARNING] BEHAV: Calf-associated behavior(s) 40 recorded but no calf present (rows 49, EVENTNO=1616)
    - [WARNING] BEHAV: Calf-associated behavior(s) 40 recorded but no calf present (rows 67, EVENTNO=1634)
--------------------------------------------------------------------------------

[29-Jun-2026 11:53:30] p704347
Type: Validation error
Error: Validation failed: 0 errors, 1 warnings (0 acknowledged, 1 new)
ID: Ingestion:ValidationFailed
Location: BatchUploader.uploadSurvey (line 376)
Validation Details:
  Errors: 0
  Warnings: 1
  Details:
    - [WARNING] BEHAV: Calf-associated behavior(s) 40 recorded but no calf present (rows 22, EVENTNO=2219)
--------------------------------------------------------------------------------

[29-Jun-2026 11:53:30] p802205
Type: Validation error
Error: Validation failed: 0 errors, 1 warnings (0 acknowledged, 1 new)
ID: Ingestion:ValidationFailed
Location: BatchUploader.uploadSurvey (line 376)
Validation Details:
  Errors: 0
  Warnings: 1
  Details:
    - [WARNING] BEHAV: Calf-associated behavior(s) 40 recorded but no calf present (rows 11, EVENTNO=11)
--------------------------------------------------------------------------------

[29-Jun-2026 11:53:39] p902041G
Type: Validation error
Error: Validation failed: 0 errors, 97 warnings (0 acknowledged, 97 new)
ID: Ingestion:ValidationFailed
Location: BatchUploader.uploadSurvey (line 376)
Validation Details:
  Errors: 0
  Warnings: 97
  Details:
    - [WARNING] LONG_DD: Longitude outside typical survey area [-85.0, -40.0] (rows 23725, EVENTNO=23725)
    - [WARNING] LONG_DD: Longitude outside typical survey area [-85.0, -40.0] (rows 23726, EVENTNO=23726)
    - [WARNING] LONG_DD: Longitude outside typical survey area [-85.0, -40.0] (rows 23727, EVENTNO=23727)
    - [WARNING] LONG_DD: Longitude outside typical survey area [-85.0, -40.0] (rows 23728, EVENTNO=23728)
    - [WARNING] LONG_DD: Longitude outside typical survey area [-85.0, -40.0] (rows 23729, EVENTNO=23729)
    - [WARNING] LONG_DD: Longitude outside typical survey area [-85.0, -40.0] (rows 23730, EVENTNO=23730)
    - [WARNING] LONG_DD: Longitude outside typical survey area [-85.0, -40.0] (rows 23731, EVENTNO=23731)
    - [WARNING] LONG_DD: Longitude outside typical survey area [-85.0, -40.0] (rows 23732, EVENTNO=23732)
    - [WARNING] LONG_DD: Longitude outside typical survey area [-85.0, -40.0] (rows 23733, EVENTNO=23733)
    - [WARNING] LONG_DD: Longitude outside typical survey area [-85.0, -40.0] (rows 23734, EVENTNO=23734)
    - [WARNING] LONG_DD: Longitude outside typical survey area [-85.0, -40.0] (rows 23735, EVENTNO=23735)
    - [WARNING] LONG_DD: Longitude outside typical survey area [-85.0, -40.0] (rows 23736, EVENTNO=23736)
    - [WARNING] LONG_DD: Longitude outside typical survey area [-85.0, -40.0] (rows 23737, EVENTNO=23737)
    - [WARNING] LONG_DD: Longitude outside typical survey area [-85.0, -40.0] (rows 23738, EVENTNO=23738)
    - [WARNING] LONG_DD: Longitude outside typical survey area [-85.0, -40.0] (rows 23739, EVENTNO=23739)
    - [WARNING] LONG_DD: Longitude outside typical survey area [-85.0, -40.0] (rows 23740, EVENTNO=23740)
    - [WARNING] LONG_DD: Longitude outside typical survey area [-85.0, -40.0] (rows 23741, EVENTNO=23741)
    - [WARNING] LONG_DD: Longitude outside typical survey area [-85.0, -40.0] (rows 23742, EVENTNO=23742)
    - [WARNING] LONG_DD: Longitude outside typical survey area [-85.0, -40.0] (rows 23743, EVENTNO=23743)
    - [WARNING] LONG_DD: Longitude outside typical survey area [-85.0, -40.0] (rows 23744, EVENTNO=23744)
    - [WARNING] LONG_DD: Longitude outside typical survey area [-85.0, -40.0] (rows 23745, EVENTNO=23745)
    - [WARNING] LONG_DD: Longitude outside typical survey area [-85.0, -40.0] (rows 23746, EVENTNO=23746)
    - [WARNING] LONG_DD: Longitude outside typical survey area [-85.0, -40.0] (rows 23747, EVENTNO=23747)
    - [WARNING] LONG_DD: Longitude outside typical survey area [-85.0, -40.0] (rows 23748, EVENTNO=23748)
    - [WARNING] LONG_DD: Longitude outside typical survey area [-85.0, -40.0] (rows 23749, EVENTNO=23749)
    - [WARNING] BEHAV: Calf-associated behavior(s) 40 recorded but no calf present (rows 81, EVENTNO=81)
    - [WARNING] BEHAV: Calf-associated behavior(s) 40 recorded but no calf present (rows 82, EVENTNO=82)
    - [WARNING] BEHAV: Calf-associated behavior(s) 40 recorded but no calf present (rows 1097, EVENTNO=1097)
    - [WARNING] BEHAV: Calf-associated behavior(s) 40 recorded but no calf present (rows 1220, EVENTNO=1220)
    - [WARNING] BEHAV: Calf-associated behavior(s) 40 recorded but no calf present (rows 1335, EVENTNO=1335)
    - [WARNING] BEHAV: Calf-associated behavior(s) 40 recorded but no calf present (rows 1348, EVENTNO=1348)
    - [WARNING] BEHAV: Calf-associated behavior(s) 40 recorded but no calf present (rows 2099, EVENTNO=2099)
    - [WARNING] BEHAV: Calf-associated behavior(s) 40 recorded but no calf present (rows 2466, EVENTNO=2466)
    - [WARNING] BEHAV: Calf-associated behavior(s) 40 recorded but no calf present (rows 3197, EVENTNO=3197)
    - [WARNING] BEHAV: Calf-associated behavior(s) 40 recorded but no calf present (rows 3469, EVENTNO=3469)
    - [WARNING] BEHAV: Calf-associated behavior(s) 40 recorded but no calf present (rows 3542, EVENTNO=3542)
    - [WARNING] BEHAV: Calf-associated behavior(s) 40 recorded but no calf present (rows 4521, EVENTNO=4521)
    - [WARNING] BEHAV: Calf-associated behavior(s) 40 recorded but no calf present (rows 5451, EVENTNO=5451)
    - [WARNING] BEHAV: Calf-associated behavior(s) 40 recorded but no calf present (rows 5653, EVENTNO=5653)
    - [WARNING] BEHAV: Calf-associated behavior(s) 40 recorded but no calf present (rows 5914, EVENTNO=5914)
    - [WARNING] BEHAV: Calf-associated behavior(s) 40 recorded but no calf present (rows 7107, EVENTNO=7107)
    - [WARNING] BEHAV: Calf-associated behavior(s) 40 recorded but no calf present (rows 7181, EVENTNO=7181)
    - [WARNING] BEHAV: Calf-associated behavior(s) 40 recorded but no calf present (rows 8464, EVENTNO=8464)
    - [WARNING] BEHAV: Calf-associated behavior(s) 40 recorded but no calf present (rows 8504, EVENTNO=8504)
    - [WARNING] BEHAV: Calf-associated behavior(s) 40 recorded but no calf present (rows 8559, EVENTNO=8559)
    - [WARNING] BEHAV: Calf-associated behavior(s) 40 recorded but no calf present (rows 8806, EVENTNO=8806)
    - [WARNING] BEHAV: Calf-associated behavior(s) 40 recorded but no calf present (rows 8861, EVENTNO=8861)
    - [WARNING] BEHAV: Calf-associated behavior(s) 40 recorded but no calf present (rows 9101, EVENTNO=9101)
    - [WARNING] BEHAV: Calf-associated behavior(s) 40 recorded but no calf present (rows 9694, EVENTNO=9694)
    - [WARNING] BEHAV: Calf-associated behavior(s) 40 recorded but no calf present (rows 9857, EVENTNO=9857)
    - [WARNING] BEHAV: Calf-associated behavior(s) 40 recorded but no calf present (rows 9930, EVENTNO=9930)
    - [WARNING] BEHAV: Calf-associated behavior(s) 40 recorded but no calf present (rows 9940, EVENTNO=9940)
    - [WARNING] BEHAV: Calf-associated behavior(s) 40 recorded but no calf present (rows 10021, EVENTNO=10021)
    - [WARNING] BEHAV: Calf-associated behavior(s) 40 recorded but no calf present (rows 10630, EVENTNO=10630)
    - [WARNING] BEHAV: Calf-associated behavior(s) 40 recorded but no calf present (rows 11372, EVENTNO=11372)
    - [WARNING] BEHAV: Calf-associated behavior(s) 40 recorded but no calf present (rows 11638, EVENTNO=11638)
    - [WARNING] BEHAV: Calf-associated behavior(s) 40 recorded but no calf present (rows 12241, EVENTNO=12241)
    - [WARNING] BEHAV: Calf-associated behavior(s) 40 recorded but no calf present (rows 12327, EVENTNO=12327)
    - [WARNING] BEHAV: Calf-associated behavior(s) 40 recorded but no calf present (rows 12380, EVENTNO=12380)
    - [WARNING] BEHAV: Calf-associated behavior(s) 40 recorded but no calf present (rows 12887, EVENTNO=12887)
    - [WARNING] BEHAV: Calf-associated behavior(s) 40 recorded but no calf present (rows 12962, EVENTNO=12962)
    - [WARNING] BEHAV: Calf-associated behavior(s) 40 recorded but no calf present (rows 13220, EVENTNO=13220)
    - [WARNING] BEHAV: Calf-associated behavior(s) 40 recorded but no calf present (rows 13263, EVENTNO=13263)
    - [WARNING] BEHAV: Calf-associated behavior(s) 40 recorded but no calf present (rows 13629, EVENTNO=13629)
    - [WARNING] BEHAV: Calf-associated behavior(s) 40 recorded but no calf present (rows 13763, EVENTNO=13763)
    - [WARNING] BEHAV: Calf-associated behavior(s) 40 recorded but no calf present (rows 13793, EVENTNO=13793)
    - [WARNING] BEHAV: Calf-associated behavior(s) 40 recorded but no calf present (rows 13901, EVENTNO=13901)
    - [WARNING] BEHAV: Calf-associated behavior(s) 40 recorded but no calf present (rows 14436, EVENTNO=14436)
    - [WARNING] BEHAV: Calf-associated behavior(s) 40 recorded but no calf present (rows 14960, EVENTNO=14960)
    - [WARNING] BEHAV: Calf-associated behavior(s) 40 recorded but no calf present (rows 15289, EVENTNO=15289)
    - [WARNING] BEHAV: Calf-associated behavior(s) 40 recorded but no calf present (rows 15419, EVENTNO=15419)
    - [WARNING] BEHAV: Calf-associated behavior(s) 40 recorded but no calf present (rows 15622, EVENTNO=15622)
    - [WARNING] BEHAV: Calf-associated behavior(s) 40 recorded but no calf present (rows 15682, EVENTNO=15682)
    - [WARNING] BEHAV: Calf-associated behavior(s) 40 recorded but no calf present (rows 15699, EVENTNO=15699)
    - [WARNING] BEHAV: Calf-associated behavior(s) 40 recorded but no calf present (rows 15742, EVENTNO=15742)
    - [WARNING] BEHAV: Calf-associated behavior(s) 40 recorded but no calf present (rows 16096, EVENTNO=16096)
    - [WARNING] BEHAV: Calf-associated behavior(s) 40 recorded but no calf present (rows 17062, EVENTNO=17062)
    - [WARNING] BEHAV: Calf-associated behavior(s) 40 recorded but no calf present (rows 17448, EVENTNO=17448)
    - [WARNING] BEHAV: Calf-associated behavior(s) 40 recorded but no calf present (rows 17959, EVENTNO=17959)
    - [WARNING] BEHAV: Calf-associated behavior(s) 40 recorded but no calf present (rows 18103, EVENTNO=18103)
    - [WARNING] BEHAV: Calf-associated behavior(s) 40 recorded but no calf present (rows 18163, EVENTNO=18163)
    - [WARNING] BEHAV: Calf-associated behavior(s) 40 recorded but no calf present (rows 18242, EVENTNO=18242)
    - [WARNING] BEHAV: Calf-associated behavior(s) 40 recorded but no calf present (rows 18271, EVENTNO=18271)
    - [WARNING] BEHAV: Calf-associated behavior(s) 40 recorded but no calf present (rows 18613, EVENTNO=18613)
    - [WARNING] BEHAV: Calf-associated behavior(s) 40 recorded but no calf present (rows 18773, EVENTNO=18773)
    - [WARNING] BEHAV: Calf-associated behavior(s) 40 recorded but no calf present (rows 18847, EVENTNO=18847)
    - [WARNING] BEHAV: Calf-associated behavior(s) 40 recorded but no calf present (rows 18891, EVENTNO=18891)
    - [WARNING] BEHAV: Calf-associated behavior(s) 40 recorded but no calf present (rows 20995, EVENTNO=20995)
    - [WARNING] BEHAV: Calf-associated behavior(s) 40 recorded but no calf present (rows 21126, EVENTNO=21126)
    - [WARNING] BEHAV: Calf-associated behavior(s) 40 recorded but no calf present (rows 21334, EVENTNO=21334)
    - [WARNING] BEHAV: Calf-associated behavior(s) 40 recorded but no calf present (rows 21406, EVENTNO=21406)
    - [WARNING] BEHAV: Calf-associated behavior(s) 40 recorded but no calf present (rows 21510, EVENTNO=21510)
    - [WARNING] BEHAV: Calf-associated behavior(s) 40 recorded but no calf present (rows 21901, EVENTNO=21901)
    - [WARNING] BEHAV: Calf-associated behavior(s) 40 recorded but no calf present (rows 22778, EVENTNO=22778)
    - [WARNING] BEHAV: Calf-associated behavior(s) 40 recorded but no calf present (rows 23199, EVENTNO=23199)
    - [WARNING] BEHAV: Calf-associated behavior(s) 40 recorded but no calf present (rows 23221, EVENTNO=23221)
    - [WARNING] BEHAV: Calf-associated behavior(s) 40 recorded but no calf present (rows 23452, EVENTNO=23452)
--------------------------------------------------------------------------------

[29-Jun-2026 11:53:54] p904177G
Type: Validation error
Error: Validation failed: 0 errors, 83 warnings (0 acknowledged, 83 new)
ID: Ingestion:ValidationFailed
Location: BatchUploader.uploadSurvey (line 376)
Validation Details:
  Errors: 0
  Warnings: 83
  Details:
    - [WARNING] BEHAV: Calf-associated behavior(s) 40 recorded but no calf present (rows 742, EVENTNO=742)
    - [WARNING] BEHAV: Calf-associated behavior(s) 40 recorded but no calf present (rows 984, EVENTNO=997)
    - [WARNING] BEHAV: Calf-associated behavior(s) 40 recorded but no calf present (rows 1107, EVENTNO=1120)
    - [WARNING] BEHAV: Calf-associated behavior(s) 40 recorded but no calf present (rows 1256, EVENTNO=1269)
    - [WARNING] BEHAV: Calf-associated behavior(s) 40 recorded but no calf present (rows 1580, EVENTNO=1593)
    - [WARNING] BEHAV: Calf-associated behavior(s) 40 recorded but no calf present (rows 1608, EVENTNO=1621)
    - [WARNING] BEHAV: Calf-associated behavior(s) 40 recorded but no calf present (rows 1665, EVENTNO=1678)
    - [WARNING] BEHAV: Calf-associated behavior(s) 40 recorded but no calf present (rows 2170, EVENTNO=2183)
    - [WARNING] BEHAV: Calf-associated behavior(s) 40 recorded but no calf present (rows 3531, EVENTNO=3544)
    - [WARNING] BEHAV: Calf-associated behavior(s) 40 recorded but no calf present (rows 4681, EVENTNO=4694)
    - [WARNING] BEHAV: Calf-associated behavior(s) 40 recorded but no calf present (rows 5395, EVENTNO=5408)
    - [WARNING] BEHAV: Calf-associated behavior(s) 40 recorded but no calf present (rows 11406, EVENTNO=11419)
    - [WARNING] BEHAV: Calf-associated behavior(s) 40 recorded but no calf present (rows 11748, EVENTNO=11761)
    - [WARNING] BEHAV: Calf-associated behavior(s) 40 recorded but no calf present (rows 11964, EVENTNO=11977)
    - [WARNING] BEHAV: Calf-associated behavior(s) 40 recorded but no calf present (rows 12279, EVENTNO=12292)
    - [WARNING] BEHAV: Calf-associated behavior(s) 40 recorded but no calf present (rows 12431, EVENTNO=12444)
    - [WARNING] BEHAV: Calf-associated behavior(s) 40 recorded but no calf present (rows 12672, EVENTNO=12685)
    - [WARNING] BEHAV: Calf-associated behavior(s) 40 recorded but no calf present (rows 12718, EVENTNO=12731)
    - [WARNING] BEHAV: Calf-associated behavior(s) 40 recorded but no calf present (rows 12834, EVENTNO=12847)
    - [WARNING] BEHAV: Calf-associated behavior(s) 40 recorded but no calf present (rows 12906, EVENTNO=12919)
    - [WARNING] BEHAV: Calf-associated behavior(s) 40 recorded but no calf present (rows 12909, EVENTNO=12922)
    - [WARNING] BEHAV: Calf-associated behavior(s) 40 recorded but no calf present (rows 13000, EVENTNO=13013)
    - [WARNING] BEHAV: Calf-associated behavior(s) 40 recorded but no calf present (rows 13113, EVENTNO=13126)
    - [WARNING] BEHAV: Calf-associated behavior(s) 40 recorded but no calf present (rows 13166, EVENTNO=13179)
    - [WARNING] BEHAV: Calf-associated behavior(s) 40 recorded but no calf present (rows 17880, EVENTNO=17893)
    - [WARNING] BEHAV: Calf-associated behavior(s) 40 recorded but no calf present (rows 18434, EVENTNO=18447)
    - [WARNING] BEHAV: Calf-associated behavior(s) 40 recorded but no calf present (rows 19024, EVENTNO=19037)
    - [WARNING] BEHAV: Calf-associated behavior(s) 40 recorded but no calf present (rows 19604, EVENTNO=19617)
    - [WARNING] BEHAV: Calf-associated behavior(s) 40 recorded but no calf present (rows 20636, EVENTNO=20649)
    - [WARNING] BEHAV: Calf-associated behavior(s) 40 recorded but no calf present (rows 20760, EVENTNO=20773)
    - [WARNING] BEHAV: Calf-associated behavior(s) 40 recorded but no calf present (rows 21174, EVENTNO=21187)
    - [WARNING] BEHAV: Calf-associated behavior(s) 40 recorded but no calf present (rows 21211, EVENTNO=21224)
    - [WARNING] BEHAV: Calf-associated behavior(s) 40 recorded but no calf present (rows 21330, EVENTNO=21343)
    - [WARNING] BEHAV: Calf-associated behavior(s) 40 recorded but no calf present (rows 21442, EVENTNO=21455)
    - [WARNING] BEHAV: Calf-associated behavior(s) 40 recorded but no calf present (rows 21488, EVENTNO=21501)
    - [WARNING] BEHAV: Calf-associated behavior(s) 40 recorded but no calf present (rows 21969, EVENTNO=21982)
    - [WARNING] BEHAV: Calf-associated behavior(s) 40 recorded but no calf present (rows 22089, EVENTNO=22102)
    - [WARNING] BEHAV: Calf-associated behavior(s) 40 recorded but no calf present (rows 22190, EVENTNO=22203)
    - [WARNING] BEHAV: Calf-associated behavior(s) 40 recorded but no calf present (rows 22277, EVENTNO=22290)
    - [WARNING] BEHAV: Calf-associated behavior(s) 40 recorded but no calf present (rows 22986, EVENTNO=22999)
    - [WARNING] BEHAV: Calf-associated behavior(s) 40 recorded but no calf present (rows 22995, EVENTNO=23008)
    - [WARNING] BEHAV: Calf-associated behavior(s) 40 recorded but no calf present (rows 23583, EVENTNO=23596)
    - [WARNING] BEHAV: Calf-associated behavior(s) 40 recorded but no calf present (rows 23709, EVENTNO=23722)
    - [WARNING] BEHAV: Calf-associated behavior(s) 40 recorded but no calf present (rows 23771, EVENTNO=23784)
    - [WARNING] BEHAV: Calf-associated behavior(s) 40 recorded but no calf present (rows 23973, EVENTNO=23986)
    - [WARNING] BEHAV: Calf-associated behavior(s) 40 recorded but no calf present (rows 24060, EVENTNO=24073)
    - [WARNING] BEHAV: Calf-associated behavior(s) 40 recorded but no calf present (rows 24581, EVENTNO=24594)
    - [WARNING] BEHAV: Calf-associated behavior(s) 40 recorded but no calf present (rows 24706, EVENTNO=24719)
    - [WARNING] BEHAV: Calf-associated behavior(s) 40 recorded but no calf present (rows 25173, EVENTNO=25186)
    - [WARNING] BEHAV: Calf-associated behavior(s) 40 recorded but no calf present (rows 25348, EVENTNO=25361)
    - [WARNING] BEHAV: Calf-associated behavior(s) 40 recorded but no calf present (rows 25441, EVENTNO=25454)
    - [WARNING] BEHAV: Calf-associated behavior(s) 40 recorded but no calf present (rows 25600, EVENTNO=25613)
    - [WARNING] BEHAV: Calf-associated behavior(s) 40 recorded but no calf present (rows 25758, EVENTNO=25771)
    - [WARNING] BEHAV: Calf-associated behavior(s) 40 recorded but no calf present (rows 25933, EVENTNO=25946)
    - [WARNING] BEHAV: Calf-associated behavior(s) 40 recorded but no calf present (rows 26154, EVENTNO=26167)
    - [WARNING] BEHAV: Calf-associated behavior(s) 40 recorded but no calf present (rows 26216, EVENTNO=26229)
    - [WARNING] BEHAV: Calf-associated behavior(s) 40 recorded but no calf present (rows 26982, EVENTNO=26995)
    - [WARNING] BEHAV: Calf-associated behavior(s) 40 recorded but no calf present (rows 27418, EVENTNO=27431)
    - [WARNING] BEHAV: Calf-associated behavior(s) 40 recorded but no calf present (rows 27654, EVENTNO=27667)
    - [WARNING] BEHAV: Calf-associated behavior(s) 40 recorded but no calf present (rows 27666, EVENTNO=27679)
    - [WARNING] BEHAV: Calf-associated behavior(s) 40 recorded but no calf present (rows 28045, EVENTNO=28058)
    - [WARNING] BEHAV: Calf-associated behavior(s) 40 recorded but no calf present (rows 28081, EVENTNO=28094)
    - [WARNING] BEHAV: Calf-associated behavior(s) 40 recorded but no calf present (rows 28283, EVENTNO=28296)
    - [WARNING] BEHAV: Calf-associated behavior(s) 40 recorded but no calf present (rows 28433, EVENTNO=28446)
    - [WARNING] BEHAV: Calf-associated behavior(s) 40 recorded but no calf present (rows 28506, EVENTNO=28519)
    - [WARNING] BEHAV: Calf-associated behavior(s) 40 recorded but no calf present (rows 28568, EVENTNO=28581)
    - [WARNING] BEHAV: Calf-associated behavior(s) 40 recorded but no calf present (rows 28657, EVENTNO=28670)
    - [WARNING] BEHAV: Calf-associated behavior(s) 40 recorded but no calf present (rows 28718, EVENTNO=28731)
    - [WARNING] BEHAV: Calf-associated behavior(s) 40 recorded but no calf present (rows 29003, EVENTNO=29016)
    - [WARNING] BEHAV: Calf-associated behavior(s) 40 recorded but no calf present (rows 29042, EVENTNO=29055)
    - [WARNING] BEHAV: Calf-associated behavior(s) 40 recorded but no calf present (rows 29096, EVENTNO=29109)
    - [WARNING] BEHAV: Calf-associated behavior(s) 40 recorded but no calf present (rows 29260, EVENTNO=29273)
    - [WARNING] BEHAV: Calf-associated behavior(s) 40 recorded but no calf present (rows 29610, EVENTNO=29623)
    - [WARNING] BEHAV: Calf-associated behavior(s) 40 recorded but no calf present (rows 30718, EVENTNO=30731)
    - [WARNING] BEHAV: Calf-associated behavior(s) 40 recorded but no calf present (rows 31309, EVENTNO=31322)
    - [WARNING] BEHAV: Calf-associated behavior(s) 40 recorded but no calf present (rows 31548, EVENTNO=31561)
    - [WARNING] BEHAV: Calf-associated behavior(s) 40 recorded but no calf present (rows 31638, EVENTNO=31651)
    - [WARNING] BEHAV: Calf-associated behavior(s) 40 recorded but no calf present (rows 31643, EVENTNO=31656)
    - [WARNING] BEHAV: Calf-associated behavior(s) 40 recorded but no calf present (rows 34077, EVENTNO=34090)
    - [WARNING] BEHAV: Calf-associated behavior(s) 40 recorded but no calf present (rows 34544, EVENTNO=34557)
    - [WARNING] BEHAV: Calf-associated behavior(s) 40 recorded but no calf present (rows 34567, EVENTNO=34580)
    - [WARNING] BEHAV: Calf-associated behavior(s) 40 recorded but no calf present (rows 35014, EVENTNO=35027)
    - [WARNING] BEHAV: Calf-associated behavior(s) 40 recorded but no calf present (rows 35083, EVENTNO=35096)
--------------------------------------------------------------------------------

[29-Jun-2026 11:54:09] p905169G
Type: Validation error
Error: Validation failed: 5 errors, 96 warnings (0 acknowledged, 96 new)
ID: Ingestion:ValidationFailed
Location: BatchUploader.uploadSurvey (line 376)
Validation Details:
  Errors: 5
  Warnings: 96
  Details:
    - [ERROR] MONTH: Required field MONTH cannot be NULL or empty (rows [16209;21238])
    - [ERROR] LAT_DD: Latitude out of valid range [-90.0, 90.0] (rows 30150)
    - [ERROR] LONG_DD: Longitude out of valid range [-180.0, 180.0] (rows [32820;34007])
    - [ERROR] YEAR: YEAR outside valid range [1970, 2027] (rows 27978)
    - [ERROR] DDSOURCE: DDSOURCE contains invalid value(s) not in DDSOURCE lookup table: GMIGMI, I (rows [15511;34034])
    - [WARNING] LAT_DD: Latitude outside typical survey area [20.0, 55.0] (rows 26839, EVENTNO=17444)
    - [WARNING] LAT_DD: Latitude outside typical survey area [20.0, 55.0] (rows 30150, EVENTNO=24376)
    - [WARNING] LONG_DD: Longitude outside typical survey area [-85.0, -40.0] (rows 20207, EVENTNO=24590)
    - [WARNING] LONG_DD: Longitude outside typical survey area [-85.0, -40.0] (rows 32820, EVENTNO=20575)
    - [WARNING] LONG_DD: Longitude outside typical survey area [-85.0, -40.0] (rows 34007, EVENTNO=21030)
    - [WARNING] YEAR: YEAR before 1890 - verify data quality (rows 27978, EVENTNO=19183)
    - [WARNING] NUMBER: NUMBER=2400 exceeds threshold 2000 for SPECCODE=SADO (source: TAXCODE 3 default). Verify count. (rows 29438, EVENTNO=15341)
    - [WARNING] BEHAV: Calf-associated behavior(s) 40 recorded but no calf present (rows 237, EVENTNO=237)
    - [WARNING] BEHAV: Calf-associated behavior(s) 40 recorded but no calf present (rows 352, EVENTNO=352)
    - [WARNING] BEHAV: Calf-associated behavior(s) 40 recorded but no calf present (rows 604, EVENTNO=604)
    - [WARNING] BEHAV: Calf-associated behavior(s) 40 recorded but no calf present (rows 711, EVENTNO=711)
    - [WARNING] BEHAV: Calf-associated behavior(s) 40 recorded but no calf present (rows 765, EVENTNO=765)
    - [WARNING] BEHAV: Calf-associated behavior(s) 40 recorded but no calf present (rows 850, EVENTNO=850)
    - [WARNING] BEHAV: Calf-associated behavior(s) 40 recorded but no calf present (rows 1014, EVENTNO=1014)
    - [WARNING] BEHAV: Calf-associated behavior(s) 40 recorded but no calf present (rows 1070, EVENTNO=1070)
    - [WARNING] BEHAV: Calf-associated behavior(s) 40 recorded but no calf present (rows 1469, EVENTNO=1469)
    - [WARNING] BEHAV: Calf-associated behavior(s) 40 recorded but no calf present (rows 1690, EVENTNO=1690)
    - [WARNING] BEHAV: Calf-associated behavior(s) 40 recorded but no calf present (rows 1844, EVENTNO=1844)
    - [WARNING] BEHAV: Calf-associated behavior(s) 40 recorded but no calf present (rows 2842, EVENTNO=2842)
    - [WARNING] BEHAV: Calf-associated behavior(s) 40 recorded but no calf present (rows 2858, EVENTNO=2858)
    - [WARNING] BEHAV: Calf-associated behavior(s) 40 recorded but no calf present (rows 2917, EVENTNO=2917)
    - [WARNING] BEHAV: Calf-associated behavior(s) 40 recorded but no calf present (rows 3043, EVENTNO=3043)
    - [WARNING] BEHAV: Calf-associated behavior(s) 40 recorded but no calf present (rows 3390, EVENTNO=3390)
    - [WARNING] BEHAV: Calf-associated behavior(s) 40 recorded but no calf present (rows 4108, EVENTNO=4108)
    - [WARNING] BEHAV: Calf-associated behavior(s) 40 recorded but no calf present (rows 4299, EVENTNO=4299)
    - [WARNING] BEHAV: Calf-associated behavior(s) 40 recorded but no calf present (rows 4706, EVENTNO=4706)
    - [WARNING] BEHAV: Calf-associated behavior(s) 40 recorded but no calf present (rows 4816, EVENTNO=4816)
    - [WARNING] BEHAV: Calf-associated behavior(s) 40 recorded but no calf present (rows 4827, EVENTNO=4827)
    - [WARNING] BEHAV: Calf-associated behavior(s) 40 recorded but no calf present (rows 4847, EVENTNO=4847)
    - [WARNING] BEHAV: Calf-associated behavior(s) 40 recorded but no calf present (rows 4856, EVENTNO=4856)
    - [WARNING] BEHAV: Calf-associated behavior(s) 40 recorded but no calf present (rows 4878, EVENTNO=4878)
    - [WARNING] BEHAV: Calf-associated behavior(s) 40 recorded but no calf present (rows 4946, EVENTNO=4946)
    - [WARNING] BEHAV: Calf-associated behavior(s) 40 recorded but no calf present (rows 5026, EVENTNO=5026)
    - [WARNING] BEHAV: Calf-associated behavior(s) 40 recorded but no calf present (rows 5098, EVENTNO=5098)
    - [WARNING] BEHAV: Calf-associated behavior(s) 40 recorded but no calf present (rows 5325, EVENTNO=5325)
    - [WARNING] BEHAV: Calf-associated behavior(s) 40 recorded but no calf present (rows 5787, EVENTNO=5787)
    - [WARNING] BEHAV: Calf-associated behavior(s) 40 recorded but no calf present (rows 6381, EVENTNO=6381)
    - [WARNING] BEHAV: Calf-associated behavior(s) 40 recorded but no calf present (rows 6459, EVENTNO=6459)
    - [WARNING] BEHAV: Calf-associated behavior(s) 40 recorded but no calf present (rows 6579, EVENTNO=6579)
    - [WARNING] BEHAV: Calf-associated behavior(s) 40 recorded but no calf present (rows 7030, EVENTNO=7030)
    - [WARNING] BEHAV: Calf-associated behavior(s) 40 recorded but no calf present (rows 7247, EVENTNO=7248)
    - [WARNING] BEHAV: Calf-associated behavior(s) 40 recorded but no calf present (rows 7902, EVENTNO=7903)
    - [WARNING] BEHAV: Calf-associated behavior(s) 40 recorded but no calf present (rows 8717, EVENTNO=8718)
    - [WARNING] BEHAV: Calf-associated behavior(s) 40 recorded but no calf present (rows 9215, EVENTNO=9216)
    - [WARNING] BEHAV: Calf-associated behavior(s) 40 recorded but no calf present (rows 9759, EVENTNO=9760)
    - [WARNING] BEHAV: Calf-associated behavior(s) 40 recorded but no calf present (rows 9856, EVENTNO=9857)
    - [WARNING] BEHAV: Calf-associated behavior(s) 40 recorded but no calf present (rows 9925, EVENTNO=9926)
    - [WARNING] BEHAV: Calf-associated behavior(s) 40 recorded but no calf present (rows 10064, EVENTNO=10065)
    - [WARNING] BEHAV: Calf-associated behavior(s) 40 recorded but no calf present (rows 10207, EVENTNO=10208)
    - [WARNING] BEHAV: Calf-associated behavior(s) 40 recorded but no calf present (rows 10455, EVENTNO=10456)
    - [WARNING] BEHAV: Calf-associated behavior(s) 40 recorded but no calf present (rows 11011, EVENTNO=11012)
    - [WARNING] BEHAV: Calf-associated behavior(s) 40 recorded but no calf present (rows 11031, EVENTNO=11032)
    - [WARNING] BEHAV: Calf-associated behavior(s) 40 recorded but no calf present (rows 11051, EVENTNO=11052)
    - [WARNING] BEHAV: Calf-associated behavior(s) 40 recorded but no calf present (rows 11867, EVENTNO=11868)
    - [WARNING] BEHAV: Calf-associated behavior(s) 40 recorded but no calf present (rows 12237, EVENTNO=12238)
    - [WARNING] BEHAV: Calf-associated behavior(s) 40 recorded but no calf present (rows 14252, EVENTNO=14253)
    - [WARNING] BEHAV: Calf-associated behavior(s) 40 recorded but no calf present (rows 14380, EVENTNO=14381)
    - [WARNING] BEHAV: Calf-associated behavior(s) 40 recorded but no calf present (rows 14906, EVENTNO=30900)
    - [WARNING] BEHAV: Calf-associated behavior(s) 40 recorded but no calf present (rows 14941, EVENTNO=30481)
    - [WARNING] BEHAV: Calf-associated behavior(s) 40 recorded but no calf present (rows 15036, EVENTNO=28760)
    - [WARNING] BEHAV: Calf-associated behavior(s) 40 recorded but no calf present (rows 15213, EVENTNO=25754)
    - [WARNING] BEHAV: Calf-associated behavior(s) 40 recorded but no calf present (rows 15320, EVENTNO=24045)
    - [WARNING] BEHAV: Calf-associated behavior(s) 40 recorded but no calf present (rows 15706, EVENTNO=17620)
    - [WARNING] BEHAV: Calf-associated behavior(s) 40 recorded but no calf present (rows 17183, EVENTNO=33529)
    - [WARNING] BEHAV: Calf-associated behavior(s) 40 recorded but no calf present (rows 18696, EVENTNO=28835)
    - [WARNING] BEHAV: Calf-associated behavior(s) 40 recorded but no calf present (rows 19404, EVENTNO=17279)
    - [WARNING] BEHAV: Calf-associated behavior(s) 40 recorded but no calf present (rows 20474, EVENTNO=19862)
    - [WARNING] BEHAV: Calf-associated behavior(s) 40 recorded but no calf present (rows 20562, EVENTNO=18588)
    - [WARNING] BEHAV: Calf-associated behavior(s) 40 recorded but no calf present (rows 20828, EVENTNO=34449)
    - [WARNING] BEHAV: Calf-associated behavior(s) 40 recorded but no calf present (rows 21908, EVENTNO=16907)
    - [WARNING] BEHAV: Calf-associated behavior(s) 40 recorded but no calf present (rows 22332, EVENTNO=30201)
    - [WARNING] BEHAV: Calf-associated behavior(s) 40 recorded but no calf present (rows 22645, EVENTNO=25061)
    - [WARNING] BEHAV: Calf-associated behavior(s) 40 recorded but no calf present (rows 22909, EVENTNO=20785)
    - [WARNING] BEHAV: Calf-associated behavior(s) 40 recorded but no calf present (rows 22955, EVENTNO=19923)
    - [WARNING] BEHAV: Calf-associated behavior(s) 40 recorded but no calf present (rows 23515, EVENTNO=31080)
    - [WARNING] BEHAV: Calf-associated behavior(s) 40 recorded but no calf present (rows 24428, EVENTNO=16095)
    - [WARNING] BEHAV: Calf-associated behavior(s) 40 recorded but no calf present (rows 25557, EVENTNO=17828)
    - [WARNING] BEHAV: Calf-associated behavior(s) 40 recorded but no calf present (rows 25745, EVENTNO=14838)
    - [WARNING] BEHAV: Calf-associated behavior(s) 40 recorded but no calf present (rows 26381, EVENTNO=24705)
    - [WARNING] BEHAV: Calf-associated behavior(s) 40 recorded but no calf present (rows 27435, EVENTNO=27729)
    - [WARNING] BEHAV: Calf-associated behavior(s) 40 recorded but no calf present (rows 27454, EVENTNO=27748)
    - [WARNING] BEHAV: Calf-associated behavior(s) 40 recorded but no calf present (rows 27600, EVENTNO=25165)
    - [WARNING] BEHAV: Calf-associated behavior(s) 40 recorded but no calf present (rows 28114, EVENTNO=16594)
    - [WARNING] BEHAV: Calf-associated behavior(s) 40 recorded but no calf present (rows 29112, EVENTNO=20919)
    - [WARNING] BEHAV: Calf-associated behavior(s) 40 recorded but no calf present (rows 29767, EVENTNO=30356)
    - [WARNING] BEHAV: Calf-associated behavior(s) 40 recorded but no calf present (rows 30691, EVENTNO=15379)
    - [WARNING] BEHAV: Calf-associated behavior(s) 40 recorded but no calf present (rows 31790, EVENTNO=17102)
    - [WARNING] BEHAV: Calf-associated behavior(s) 40 recorded but no calf present (rows 32232, EVENTNO=29983)
    - [WARNING] BEHAV: Calf-associated behavior(s) 40 recorded but no calf present (rows 32772, EVENTNO=20982)
    - [WARNING] BEHAV: Calf-associated behavior(s) 40 recorded but no calf present (rows 33285, EVENTNO=33026)
    - [WARNING] BEHAV: Calf-associated behavior(s) 40 recorded but no calf present (rows 33312, EVENTNO=32145)
    - [WARNING] BEHAV: Calf-associated behavior(s) 40 recorded but no calf present (rows 33528, EVENTNO=28728)
    - [WARNING] BEHAV: Calf-associated behavior(s) 40 recorded but no calf present (rows 33814, EVENTNO=24015)
    - [WARNING] BEHAV: Calf-associated behavior(s) 40 recorded but no calf present (rows 33880, EVENTNO=22719)
    - [WARNING] BEHAV: Calf-associated behavior(s) 40 recorded but no calf present (rows 34066, EVENTNO=19725)
    - [WARNING] BEHAV: Calf-associated behavior(s) 40 recorded but no calf present (rows 34347, EVENTNO=15014)
--------------------------------------------------------------------------------

[29-Jun-2026 11:54:10] p907257
Type: Validation error
Error: Validation failed: 0 errors, 2 warnings (0 acknowledged, 2 new)
ID: Ingestion:ValidationFailed
Location: BatchUploader.uploadSurvey (line 376)
Validation Details:
  Errors: 0
  Warnings: 2
  Details:
    - [WARNING] BEHAV: Calf-associated behavior(s) 40 recorded but no calf present (rows 11, EVENTNO=11)
    - [WARNING] BEHAV: Calf-associated behavior(s) 40 recorded but no calf present (rows 30, EVENTNO=31)
--------------------------------------------------------------------------------


================================================================================
UPLOAD SUMMARY
================================================================================
Completed: 29-Jun-2026 11:54:10

Results:
  Uploaded:  53
  Updated:   0
  Skipped:   0
  Failed:    937

Warnings:
  Acknowledged: 0 (0 per-row, 0 per-survey)
  New (blocking): 5679

Statistics:
  Total Attempted: 990
  Total Processed: 53
  Success Rate: 5.35%

================================================================================

=== Known Fixes Applied ===
PHOTOS = 0 -> 1 (sighting rows): 3 rows across 2 survey(s)
STRIP > 16 -> NULL (NEAq 2021): 0 rows
BEAUFORT = 99 -> NULL: 0 rows
CLOUD = 99 -> NULL: 0 rows
GLAREL = 99 -> NULL: 0 rows
GLARER = 99 -> NULL: 0 rows
NUMCALF = 99 -> NULL: 0 rows
SPECCODE trailing whitespace trim: 0 rows
LEGTYPE = 99 -> NULL: 0 rows

================================================================================
